"../../../Engine/Plugins/2D/Paper2D/Content/PlaceholderTextures/DummySpriteTexture.ubulk" 0
"../../../Engine/Plugins/2D/Paper2D/Content/PlaceholderTextures/DummySpriteTexture.uasset" 1
"../../../Engine/Plugins/2D/Paper2D/Content/PlaceholderTextures/DummySpriteTexture.uexp" 2
"../../../Engine/Plugins/2D/Paper2D/Content/DummySprite.uasset" 3
"../../../Engine/Plugins/2D/Paper2D/Content/DummySprite.uexp" 4
"../../../Engine/Plugins/2D/Paper2D/Content/DefaultPaperTerrainMaterial.uasset" 5
"../../../Engine/Plugins/2D/Paper2D/Content/DefaultPaperTerrainMaterial.uexp" 6
"../../../Engine/Content/EngineMaterials/DefaultPhysicalMaterial.uasset" 7
"../../../Engine/Content/EngineMaterials/DefaultPhysicalMaterial.uexp" 8
"../../../Engine/Content/EngineMaterials/DefaultDestructiblePhysicalMaterial.uasset" 9
"../../../Engine/Content/EngineMaterials/DefaultDestructiblePhysicalMaterial.uexp" 10
"../../../Engine/Content/EngineFonts/Faces/DroidSansFallback.uexp" 11
"../../../Engine/Content/EngineFonts/Faces/DroidSansFallback.uasset" 12
"../../../Engine/Content/EngineFonts/Faces/DroidSansFallback.ufont" 13
"../../../Engine/Content/EngineFonts/Faces/RobotoRegular.uexp" 14
"../../../Engine/Content/EngineFonts/Faces/RobotoRegular.uasset" 15
"../../../Engine/Content/EngineFonts/Faces/RobotoRegular.ufont" 16
"../../../Engine/Content/EngineFonts/Faces/RobotoLight.uexp" 17
"../../../Engine/Content/EngineFonts/Faces/RobotoLight.uasset" 18
"../../../Engine/Content/EngineFonts/Faces/RobotoLight.ufont" 19
"../../../Engine/Content/EngineFonts/Faces/RobotoItalic.uexp" 20
"../../../Engine/Content/EngineFonts/Faces/RobotoItalic.uasset" 21
"../../../Engine/Content/EngineFonts/Faces/RobotoItalic.ufont" 22
"../../../Engine/Content/EngineFonts/Faces/RobotoBoldItalic.uexp" 23
"../../../Engine/Content/EngineFonts/Faces/RobotoBoldItalic.uasset" 24
"../../../Engine/Content/EngineFonts/Faces/RobotoBoldItalic.ufont" 25
"../../../Engine/Content/EngineFonts/Faces/RobotoBold.uexp" 26
"../../../Engine/Content/EngineFonts/Faces/RobotoBold.uasset" 27
"../../../Engine/Content/EngineFonts/Faces/RobotoBold.ufont" 28
"../../../Engine/Content/EngineFonts/Roboto.uasset" 29
"../../../Engine/Content/EngineFonts/Roboto.uexp" 30
"../../../Engine/Content/EngineFonts/Faces/DroidSansMono.uexp" 31
"../../../Engine/Content/EngineFonts/Faces/DroidSansMono.uasset" 32
"../../../Engine/Content/EngineFonts/Faces/DroidSansMono.ufont" 33
"../../../Engine/Content/EngineFonts/DroidSansMono.uasset" 34
"../../../Engine/Content/EngineFonts/DroidSansMono.uexp" 35
"../../../Engine/Content/EngineSounds/Master.uasset" 36
"../../../Engine/Content/EngineSounds/Master.uexp" 37
"../../../Engine/Plugins/Interchange/Runtime/Content/Pipelines/DefaultTexturePipeline.uasset" 38
"../../../Engine/Plugins/Interchange/Runtime/Content/Pipelines/DefaultTexturePipeline.uexp" 39
"../../../Engine/Plugins/Interchange/Runtime/Content/Pipelines/DefaultSceneLevelPipeline.uasset" 40
"../../../Engine/Plugins/Interchange/Runtime/Content/Pipelines/DefaultSceneLevelPipeline.uexp" 41
"../../../Engine/Plugins/Interchange/Runtime/Content/Pipelines/DefaultSceneAssetsPipeline.uasset" 42
"../../../Engine/Plugins/Interchange/Runtime/Content/Pipelines/DefaultSceneAssetsPipeline.uexp" 43
"../../../Engine/Plugins/Interchange/Runtime/Content/Pipelines/DefaultMaterialXPipeline.uasset" 44
"../../../Engine/Plugins/Interchange/Runtime/Content/Pipelines/DefaultMaterialXPipeline.uexp" 45
"../../../Engine/Plugins/Interchange/Runtime/Content/Pipelines/DefaultMaterialPipeline.uasset" 46
"../../../Engine/Plugins/Interchange/Runtime/Content/Pipelines/DefaultMaterialPipeline.uexp" 47
"../../../Engine/Plugins/Interchange/Runtime/Content/Pipelines/DefaultGLTFSceneAssetsPipeline.uasset" 48
"../../../Engine/Plugins/Interchange/Runtime/Content/Pipelines/DefaultGLTFSceneAssetsPipeline.uexp" 49
"../../../Engine/Plugins/Interchange/Runtime/Content/Pipelines/DefaultGLTFPipeline.uasset" 50
"../../../Engine/Plugins/Interchange/Runtime/Content/Pipelines/DefaultGLTFPipeline.uexp" 51
"../../../Engine/Plugins/Interchange/Runtime/Content/Pipelines/DefaultGLTFAssetsPipeline.uasset" 52
"../../../Engine/Plugins/Interchange/Runtime/Content/Pipelines/DefaultGLTFAssetsPipeline.uexp" 53
"../../../Engine/Plugins/Interchange/Runtime/Content/Pipelines/DefaultAssetsPipeline.uasset" 54
"../../../Engine/Plugins/Interchange/Runtime/Content/Pipelines/DefaultAssetsPipeline.uexp" 55
"../../../Engine/Content/EngineResources/GradientTexture0.uasset" 56
"../../../Engine/Content/EngineResources/GradientTexture0.uexp" 57
"../../../Engine/Content/EngineResources/Black.uasset" 58
"../../../Engine/Content/EngineResources/Black.uexp" 59
"../../../Engine/Plugins/NNE/NNEDenoiser/Content/NNEDTOM_Output_Default.uasset" 60
"../../../Engine/Plugins/NNE/NNEDenoiser/Content/NNEDTOM_Output_Default.uexp" 61
"../../../Engine/Plugins/NNE/NNEDenoiser/Content/NNEDTOM_Output_Alpha.uasset" 62
"../../../Engine/Plugins/NNE/NNEDenoiser/Content/NNEDTOM_Output_Alpha.uexp" 63
"../../../Engine/Plugins/NNE/NNEDenoiser/Content/NNEDTIM_ColorAlbedoNormal_Default.uasset" 64
"../../../Engine/Plugins/NNE/NNEDenoiser/Content/NNEDTIM_ColorAlbedoNormal_Default.uexp" 65
"../../../Engine/Plugins/NNE/NNEDenoiser/Content/NNEDTIM_ColorAlbedoNormal_Alpha.uasset" 66
"../../../Engine/Plugins/NNE/NNEDenoiser/Content/NNEDTIM_ColorAlbedoNormal_Alpha.uexp" 67
"../../../Engine/Plugins/NNE/NNEDenoiser/Content/NNEDOM_Output_Default.uasset" 68
"../../../Engine/Plugins/NNE/NNEDenoiser/Content/NNEDOM_Output_Default.uexp" 69
"../../../Engine/Plugins/NNE/NNEDenoiser/Content/NNEDOM_Output_Alpha.uasset" 70
"../../../Engine/Plugins/NNE/NNEDenoiser/Content/NNEDOM_Output_Alpha.uexp" 71
"../../../Engine/Plugins/NNE/NNEDenoiser/Content/NNEDIM_HighQuality_Default.uasset" 72
"../../../Engine/Plugins/NNE/NNEDenoiser/Content/NNEDIM_HighQuality_Default.uexp" 73
"../../../Engine/Plugins/NNE/NNEDenoiser/Content/NNEDIM_HighQuality_Alpha.uasset" 74
"../../../Engine/Plugins/NNE/NNEDenoiser/Content/NNEDIM_HighQuality_Alpha.uexp" 75
"../../../Engine/Plugins/NNE/NNEDenoiser/Content/NNEDIM_ColorAlbedoNormal_Default.uasset" 76
"../../../Engine/Plugins/NNE/NNEDenoiser/Content/NNEDIM_ColorAlbedoNormal_Default.uexp" 77
"../../../Engine/Plugins/NNE/NNEDenoiser/Content/NNEDIM_ColorAlbedoNormal_Alpha.uasset" 78
"../../../Engine/Plugins/NNE/NNEDenoiser/Content/NNEDIM_ColorAlbedoNormal_Alpha.uexp" 79
"../../../Engine/Content/Functions/Engine_MaterialFunctions02/WorldPositionOffset/CameraOffset.uasset" 80
"../../../Engine/Content/Functions/Engine_MaterialFunctions02/WorldPositionOffset/CameraOffset.uexp" 81
"../../../Engine/Plugins/Animation/ControlRig/Content/M_Manip.uasset" 82
"../../../Engine/Plugins/Animation/ControlRig/Content/M_Manip.uexp" 83
"../../../Engine/Content/Functions/Engine_MaterialFunctions01/Opacity/CameraDepthFade.uasset" 84
"../../../Engine/Content/Functions/Engine_MaterialFunctions01/Opacity/CameraDepthFade.uexp" 85
"../../../Engine/Content/EngineMaterials/T_Default_Material_Grid_M.ubulk" 86
"../../../Engine/Content/EngineMaterials/T_Default_Material_Grid_M.uasset" 87
"../../../Engine/Content/EngineMaterials/T_Default_Material_Grid_M.uexp" 88
"../../../Engine/Content/EngineMaterials/T_Default_Material_Grid_N.ubulk" 89
"../../../Engine/Content/EngineMaterials/T_Default_Material_Grid_N.uasset" 90
"../../../Engine/Content/EngineMaterials/T_Default_Material_Grid_N.uexp" 91
"../../../Engine/Content/EngineMaterials/WorldGridMaterial.uasset" 92
"../../../Engine/Content/EngineMaterials/WorldGridMaterial.uexp" 93
"../../../Engine/Content/BasicShapes/Plane.ubulk" 94
"../../../Engine/Content/BasicShapes/Plane.uasset" 95
"../../../Engine/Content/BasicShapes/Plane.uexp" 96
"../../../Engine/Content/EngineMaterials/DefaultMaterial.uasset" 97
"../../../Engine/Content/EngineMaterials/DefaultMaterial.uexp" 98
"../../../Engine/Content/BasicShapes/Cylinder.ubulk" 99
"../../../Engine/Content/BasicShapes/Cylinder.uasset" 100
"../../../Engine/Content/BasicShapes/Cylinder.uexp" 101
"../../../Engine/Content/BasicShapes/Cube.ubulk" 102
"../../../Engine/Content/BasicShapes/Cube.uasset" 103
"../../../Engine/Content/BasicShapes/Cube.uexp" 104
"../../../Engine/Content/BasicShapes/Cone.ubulk" 105
"../../../Engine/Content/BasicShapes/Cone.uasset" 106
"../../../Engine/Content/BasicShapes/Cone.uexp" 107
"../../../Engine/Content/Functions/Engine_MaterialFunctions02/Utility/BreakOutFloat2Components.uasset" 108
"../../../Engine/Content/Functions/Engine_MaterialFunctions02/Utility/BreakOutFloat2Components.uexp" 109
"../../../Engine/Content/Functions/Engine_MaterialFunctions01/Texturing/ScaleUVsByCenter.uasset" 110
"../../../Engine/Content/Functions/Engine_MaterialFunctions01/Texturing/ScaleUVsByCenter.uexp" 111
"../../../Engine/Content/Functions/Engine_MaterialFunctions02/WorldPositionOffset/LocalPosition.uasset" 112
"../../../Engine/Content/Functions/Engine_MaterialFunctions02/WorldPositionOffset/LocalPosition.uexp" 113
"../../../Engine/Content/EngineMaterials/DefaultDiffuse.ubulk" 114
"../../../Engine/Content/EngineMaterials/DefaultDiffuse.uasset" 115
"../../../Engine/Content/EngineMaterials/DefaultDiffuse.uexp" 116
"../../../Engine/Content/Functions/Engine_MaterialFunctions01/Texturing/TextureCropping.uasset" 117
"../../../Engine/Content/Functions/Engine_MaterialFunctions01/Texturing/TextureCropping.uexp" 118
"../../../Engine/Content/Functions/Engine_MaterialFunctions02/ExampleContent/DebugNumberStrip.uasset" 119
"../../../Engine/Content/Functions/Engine_MaterialFunctions02/ExampleContent/DebugNumberStrip.uexp" 120
"../../../Engine/Content/Functions/Engine_MaterialFunctions01/Debug/DebugIntValues.uasset" 121
"../../../Engine/Content/Functions/Engine_MaterialFunctions01/Debug/DebugIntValues.uexp" 122
"../../../Engine/Content/EngineSky/T_Sky_Stars.ubulk" 123
"../../../Engine/Content/EngineSky/T_Sky_Stars.uasset" 124
"../../../Engine/Content/EngineSky/T_Sky_Stars.uexp" 125
"../../../Engine/Content/EngineSky/T_Sky_Clouds_M.ubulk" 126
"../../../Engine/Content/EngineSky/T_Sky_Clouds_M.uasset" 127
"../../../Engine/Content/EngineSky/T_Sky_Clouds_M.uexp" 128
"../../../Engine/Content/EngineSky/T_Sky_Blue.ubulk" 129
"../../../Engine/Content/EngineSky/T_Sky_Blue.uasset" 130
"../../../Engine/Content/EngineSky/T_Sky_Blue.uexp" 131
"../../../Engine/Content/EngineSky/M_Sky_Panning_Clouds2.uasset" 132
"../../../Engine/Content/EngineSky/M_Sky_Panning_Clouds2.uexp" 133
"../../../Engine/Content/EngineSky/SM_SkySphere.ubulk" 134
"../../../Engine/Content/EngineSky/SM_SkySphere.uasset" 135
"../../../Engine/Content/EngineSky/SM_SkySphere.uexp" 136
"../../../Engine/Content/EngineSky/M_SimpleSkyDome.uasset" 137
"../../../Engine/Content/EngineSky/M_SimpleSkyDome.uexp" 138
"../../../Engine/Content/EngineResources/DefaultTexture.ubulk" 139
"../../../Engine/Content/EngineResources/DefaultTexture.uasset" 140
"../../../Engine/Content/EngineResources/DefaultTexture.uexp" 141
"../../../Engine/Content/EngineMeshes/Sphere.ubulk" 142
"../../../Engine/Content/EngineMeshes/Sphere.uasset" 143
"../../../Engine/Content/EngineMeshes/Sphere.uexp" 144
"../../../Engine/Content/EngineMaterials/RemoveSurfaceMaterial.uasset" 145
"../../../Engine/Content/EngineMaterials/RemoveSurfaceMaterial.uexp" 146
"../../../Engine/Content/EngineMaterials/PreintegratedSkinBRDF.uasset" 147
"../../../Engine/Content/EngineMaterials/PreintegratedSkinBRDF.uexp" 148
"../../../Engine/Content/EngineMaterials/DefaultCalibrationGrayscale.uasset" 149
"../../../Engine/Content/EngineMaterials/DefaultCalibrationGrayscale.uexp" 150
"../../../Engine/Content/EngineMaterials/PPM_DefaultCalibrationGrayscale.uasset" 151
"../../../Engine/Content/EngineMaterials/PPM_DefaultCalibrationGrayscale.uexp" 152
"../../../Engine/Content/EngineMaterials/DefaultCalibrationColor.uasset" 153
"../../../Engine/Content/EngineMaterials/DefaultCalibrationColor.uexp" 154
"../../../Engine/Content/EngineMaterials/PPM_DefaultCalibrationColor.uasset" 155
"../../../Engine/Content/EngineMaterials/PPM_DefaultCalibrationColor.uexp" 156
"../../../Engine/Content/EngineMaterials/PhAT_JointLimitMaterial.uasset" 157
"../../../Engine/Content/EngineMaterials/PhAT_JointLimitMaterial.uexp" 158
"../../../Engine/Content/EngineMaterials/NaniteHiddenSectionMaterial.uasset" 159
"../../../Engine/Content/EngineMaterials/NaniteHiddenSectionMaterial.uexp" 160
"../../../Engine/Content/EngineMaterials/InvalidLightmapSettings.ubulk" 161
"../../../Engine/Content/EngineMaterials/InvalidLightmapSettings.uasset" 162
"../../../Engine/Content/EngineMaterials/InvalidLightmapSettings.uexp" 163
"../../../Engine/Content/EngineMaterials/M_InvalidLightmapSettings.uasset" 164
"../../../Engine/Content/EngineMaterials/M_InvalidLightmapSettings.uexp" 165
"../../../Engine/Content/EngineMaterials/MiniFont.uasset" 166
"../../../Engine/Content/EngineMaterials/MiniFont.uexp" 167
"../../../Engine/Content/EngineMaterials/GizmoMaterial.uasset" 168
"../../../Engine/Content/EngineMaterials/GizmoMaterial.uexp" 169
"../../../Engine/Content/EngineMaterials/BaseFlattenDiffuseMap_VT.ubulk" 170
"../../../Engine/Content/EngineMaterials/BaseFlattenDiffuseMap_VT.uasset" 171
"../../../Engine/Content/EngineMaterials/BaseFlattenDiffuseMap_VT.uexp" 172
"../../../Engine/Content/EngineMaterials/BaseFlattenEmissiveMap_VT.ubulk" 173
"../../../Engine/Content/EngineMaterials/BaseFlattenEmissiveMap_VT.uasset" 174
"../../../Engine/Content/EngineMaterials/BaseFlattenEmissiveMap_VT.uexp" 175
"../../../Engine/Content/EngineMaterials/BaseFlattenGrayscaleMap_VT.ubulk" 176
"../../../Engine/Content/EngineMaterials/BaseFlattenGrayscaleMap_VT.uasset" 177
"../../../Engine/Content/EngineMaterials/BaseFlattenGrayscaleMap_VT.uexp" 178
"../../../Engine/Content/EngineMaterials/BaseFlattenLinearColor_VT.ubulk" 179
"../../../Engine/Content/EngineMaterials/BaseFlattenLinearColor_VT.uasset" 180
"../../../Engine/Content/EngineMaterials/BaseFlattenLinearColor_VT.uexp" 181
"../../../Engine/Content/EngineMaterials/BaseFlattenNormalMap_VT.ubulk" 182
"../../../Engine/Content/EngineMaterials/BaseFlattenNormalMap_VT.uasset" 183
"../../../Engine/Content/EngineMaterials/BaseFlattenNormalMap_VT.uexp" 184
"../../../Engine/Content/EngineMaterials/Black_1x1_EXR_Texture_VT.ubulk" 185
"../../../Engine/Content/EngineMaterials/Black_1x1_EXR_Texture_VT.uasset" 186
"../../../Engine/Content/EngineMaterials/Black_1x1_EXR_Texture_VT.uexp" 187
"../../../Engine/Content/EngineMaterials/FlattenMaterial_WS_Normal_VT.uasset" 188
"../../../Engine/Content/EngineMaterials/FlattenMaterial_WS_Normal_VT.uexp" 189
"../../../Engine/Content/EngineMaterials/FlattenMaterial_VT.uasset" 190
"../../../Engine/Content/EngineMaterials/FlattenMaterial_VT.uexp" 191
"../../../Engine/Content/EngineMaterials/BaseFlattenNormalMap.uasset" 192
"../../../Engine/Content/EngineMaterials/BaseFlattenNormalMap.uexp" 193
"../../../Engine/Content/EngineMaterials/BaseFlattenDiffuseMap.uasset" 194
"../../../Engine/Content/EngineMaterials/BaseFlattenDiffuseMap.uexp" 195
"../../../Engine/Content/EngineMaterials/BaseFlattenEmissiveMap.uasset" 196
"../../../Engine/Content/EngineMaterials/BaseFlattenEmissiveMap.uexp" 197
"../../../Engine/Content/EngineMaterials/BaseFlattenGrayscaleMap.uasset" 198
"../../../Engine/Content/EngineMaterials/BaseFlattenGrayscaleMap.uexp" 199
"../../../Engine/Content/EngineMaterials/BaseFlattenLinearColor.uasset" 200
"../../../Engine/Content/EngineMaterials/BaseFlattenLinearColor.uexp" 201
"../../../Engine/Content/Functions/Engine_MaterialFunctions02/PivotPainter2/Black_1x1_EXR_Texture.uasset" 202
"../../../Engine/Content/Functions/Engine_MaterialFunctions02/PivotPainter2/Black_1x1_EXR_Texture.uexp" 203
"../../../Engine/Content/EngineMaterials/FlattenMaterial.uasset" 204
"../../../Engine/Content/EngineMaterials/FlattenMaterial.uexp" 205
"../../../Engine/Content/EngineMaterials/FastBlueNoise_vec2_128x128x64.uasset" 206
"../../../Engine/Content/EngineMaterials/FastBlueNoise_vec2_128x128x64.uexp" 207
"../../../Engine/Content/EngineMaterials/FastBlueNoise_scalar_128x128x8.uasset" 208
"../../../Engine/Content/EngineMaterials/FastBlueNoise_scalar_128x128x8.uexp" 209
"../../../Engine/Content/EngineMaterials/FastBlueNoise_scalar_128x128x64.uasset" 210
"../../../Engine/Content/EngineMaterials/FastBlueNoise_scalar_128x128x64.uexp" 211
"../../../Engine/Content/EngineMaterials/DefaultWhiteGrid_Low.uasset" 212
"../../../Engine/Content/EngineMaterials/DefaultWhiteGrid_Low.uexp" 213
"../../../Engine/Content/EngineMaterials/EmissiveMeshMaterial.uasset" 214
"../../../Engine/Content/EngineMaterials/EmissiveMeshMaterial.uexp" 215
"../../../Engine/Content/EngineMaterials/DefaultWhiteGrid.ubulk" 216
"../../../Engine/Content/EngineMaterials/DefaultWhiteGrid.uasset" 217
"../../../Engine/Content/EngineMaterials/DefaultWhiteGrid.uexp" 218
"../../../Engine/Content/EngineFonts/RobotoDistanceField.uasset" 219
"../../../Engine/Content/EngineFonts/RobotoDistanceField.uexp" 220
"../../../Engine/Content/EngineMaterials/DefaultTextMaterialOpaque.uasset" 221
"../../../Engine/Content/EngineMaterials/DefaultTextMaterialOpaque.uexp" 222
"../../../Engine/Content/EngineMaterials/DefaultPostProcessMaterial.uasset" 223
"../../../Engine/Content/EngineMaterials/DefaultPostProcessMaterial.uexp" 224
"../../../Engine/Content/EngineMaterials/DefaultLightFunctionMaterial.uasset" 225
"../../../Engine/Content/EngineMaterials/DefaultLightFunctionMaterial.uexp" 226
"../../../Engine/Content/EngineMaterials/DefaultDeferredDecalMaterial.uasset" 227
"../../../Engine/Content/EngineMaterials/DefaultDeferredDecalMaterial.uexp" 228
"../../../Engine/Content/EngineMaterials/DefaultBokeh.uasset" 229
"../../../Engine/Content/EngineMaterials/DefaultBokeh.uexp" 230
"../../../Engine/Content/EngineMaterials/DefaultBloomKernel.uasset" 231
"../../../Engine/Content/EngineMaterials/DefaultBloomKernel.uexp" 232
"../../../Engine/Content/Functions/Engine_MaterialFunctions02/Utility/CameraDirectionVector.uasset" 233
"../../../Engine/Content/Functions/Engine_MaterialFunctions02/Utility/CameraDirectionVector.uexp" 234
"../../../Engine/Content/EngineDebugMaterials/VolumeToRender.uasset" 235
"../../../Engine/Content/EngineDebugMaterials/VolumeToRender.uexp" 236
"../../../Engine/Content/EngineDebugMaterials/M_VolumeRenderSphereTracePP.uasset" 237
"../../../Engine/Content/EngineDebugMaterials/M_VolumeRenderSphereTracePP.uexp" 238
"../../../Engine/Content/EngineDebugMaterials/M_SimpleUnlitTranslucent.uasset" 239
"../../../Engine/Content/EngineDebugMaterials/M_SimpleUnlitTranslucent.uexp" 240
"../../../Engine/Content/EngineDebugMaterials/DebugMeshMaterial.uasset" 241
"../../../Engine/Content/EngineDebugMaterials/DebugMeshMaterial.uexp" 242
"../../../Engine/Content/EngineDebugMaterials/DebugEditorMaterial.uasset" 243
"../../../Engine/Content/EngineDebugMaterials/DebugEditorMaterial.uexp" 244
"../../../Engine/Content/EngineDamageTypes/DmgTypeBP_Environmental.uasset" 245
"../../../Engine/Content/EngineDamageTypes/DmgTypeBP_Environmental.uexp" 246
"../../../Engine/Content/Functions/Engine_MaterialFunctions02/Utility/VectorLength.uasset" 247
"../../../Engine/Content/Functions/Engine_MaterialFunctions02/Utility/VectorLength.uexp" 248
"../../../Engine/Content/Functions/Engine_MaterialFunctions02/WorldPositionOffset/ObjectScale.uasset" 249
"../../../Engine/Content/Functions/Engine_MaterialFunctions02/WorldPositionOffset/ObjectScale.uexp" 250
"../../../Engine/Content/Functions/Engine_MaterialFunctions02/Utility/BreakOutFloat3Components.uasset" 251
"../../../Engine/Content/Functions/Engine_MaterialFunctions02/Utility/BreakOutFloat3Components.uexp" 252
"../../../Engine/Content/Functions/Engine_MaterialFunctions02/ObjectLocalBounds.uasset" 253
"../../../Engine/Content/Functions/Engine_MaterialFunctions02/ObjectLocalBounds.uexp" 254
"../../../Engine/Content/Functions/Engine_MaterialFunctions02/SafeNormalize.uasset" 255
"../../../Engine/Content/Functions/Engine_MaterialFunctions02/SafeNormalize.uexp" 256
"../../../Engine/Plugins/Editor/SpeedTreeImporter/Content/SpeedTree9/UnpackInteger3.uasset" 257
"../../../Engine/Plugins/Editor/SpeedTreeImporter/Content/SpeedTree9/UnpackInteger3.uexp" 258
"../../../Engine/Plugins/Editor/SpeedTreeImporter/Content/SpeedTree9/UnpackDirection.uasset" 259
"../../../Engine/Plugins/Editor/SpeedTreeImporter/Content/SpeedTree9/UnpackDirection.uexp" 260
"../../../Engine/Plugins/Editor/SpeedTreeImporter/Content/SpeedTree9/game_wind_noise.ubulk" 261
"../../../Engine/Plugins/Editor/SpeedTreeImporter/Content/SpeedTree9/game_wind_noise.uasset" 262
"../../../Engine/Plugins/Editor/SpeedTreeImporter/Content/SpeedTree9/game_wind_noise.uexp" 263
"../../../Engine/Plugins/Editor/SpeedTreeImporter/Content/SpeedTree9/SpeedTreeWindMotion.uasset" 264
"../../../Engine/Plugins/Editor/SpeedTreeImporter/Content/SpeedTree9/SpeedTreeWindMotion.uexp" 265
"../../../Engine/Plugins/Editor/SpeedTreeImporter/Content/SpeedTree9/SpeedTreeBranchMotion.uasset" 266
"../../../Engine/Plugins/Editor/SpeedTreeImporter/Content/SpeedTree9/SpeedTreeBranchMotion.uexp" 267
"../../../Engine/Content/Functions/Engine_MaterialFunctions02/UVs/BoundingBoxBased_0-1_UVW.uasset" 268
"../../../Engine/Content/Functions/Engine_MaterialFunctions02/UVs/BoundingBoxBased_0-1_UVW.uexp" 269
"../../../Engine/Plugins/Editor/SpeedTreeImporter/Content/SpeedTree9/SpeedTreeWind.uasset" 270
"../../../Engine/Plugins/Editor/SpeedTreeImporter/Content/SpeedTree9/SpeedTreeWind.uexp" 271
"../../../Engine/Plugins/Editor/SpeedTreeImporter/Content/SpeedTree9/SpeedTreeCameraFacing.uasset" 272
"../../../Engine/Plugins/Editor/SpeedTreeImporter/Content/SpeedTree9/SpeedTreeCameraFacing.uexp" 273
"../../../Engine/Plugins/Editor/SpeedTreeImporter/Content/SpeedTree9/Empty.uasset" 274
"../../../Engine/Plugins/Editor/SpeedTreeImporter/Content/SpeedTree9/Empty.uexp" 275
"../../../Engine/Plugins/Editor/SpeedTreeImporter/Content/SpeedTree9/EmptyNormal.uasset" 276
"../../../Engine/Plugins/Editor/SpeedTreeImporter/Content/SpeedTree9/EmptyNormal.uexp" 277
"../../../Engine/Plugins/Editor/SpeedTreeImporter/Content/SpeedTree9/SpeedTreeMaster.uasset" 278
"../../../Engine/Plugins/Editor/SpeedTreeImporter/Content/SpeedTree9/SpeedTreeMaster.uexp" 279
"../../../Engine/Plugins/Editor/SpeedTreeImporter/Content/SpeedTree9/SpeedTreeBillboard.uasset" 280
"../../../Engine/Plugins/Editor/SpeedTreeImporter/Content/SpeedTree9/SpeedTreeBillboard.uexp" 281
"../../../Engine/Plugins/Editor/SpeedTreeImporter/Content/SpeedTree9/SpeedTreeBillboardMaster.uasset" 282
"../../../Engine/Plugins/Editor/SpeedTreeImporter/Content/SpeedTree9/SpeedTreeBillboardMaster.uexp" 283
"../../../Engine/Plugins/Animation/ControlRig/Content/Controls/ControlRig_Wedge_solid.ubulk" 284
"../../../Engine/Plugins/Animation/ControlRig/Content/Controls/ControlRig_Wedge_solid.uasset" 285
"../../../Engine/Plugins/Animation/ControlRig/Content/Controls/ControlRig_Wedge_solid.uexp" 286
"../../../Engine/Plugins/Animation/ControlRig/Content/Controls/ControlRig_Wedge_3mm.ubulk" 287
"../../../Engine/Plugins/Animation/ControlRig/Content/Controls/ControlRig_Wedge_3mm.uasset" 288
"../../../Engine/Plugins/Animation/ControlRig/Content/Controls/ControlRig_Wedge_3mm.uexp" 289
"../../../Engine/Plugins/Animation/ControlRig/Content/Controls/ControlRig_Wedge_1mm.ubulk" 290
"../../../Engine/Plugins/Animation/ControlRig/Content/Controls/ControlRig_Wedge_1mm.uasset" 291
"../../../Engine/Plugins/Animation/ControlRig/Content/Controls/ControlRig_Wedge_1mm.uexp" 292
"../../../Engine/Plugins/Animation/ControlRig/Content/Controls/ControlRig_Triangle_solid.ubulk" 293
"../../../Engine/Plugins/Animation/ControlRig/Content/Controls/ControlRig_Triangle_solid.uasset" 294
"../../../Engine/Plugins/Animation/ControlRig/Content/Controls/ControlRig_Triangle_solid.uexp" 295
"../../../Engine/Plugins/Animation/ControlRig/Content/Controls/ControlRig_Triangle_3mm.ubulk" 296
"../../../Engine/Plugins/Animation/ControlRig/Content/Controls/ControlRig_Triangle_3mm.uasset" 297
"../../../Engine/Plugins/Animation/ControlRig/Content/Controls/ControlRig_Triangle_3mm.uexp" 298
"../../../Engine/Plugins/Animation/ControlRig/Content/Controls/ControlRig_Triangle_1mm.ubulk" 299
"../../../Engine/Plugins/Animation/ControlRig/Content/Controls/ControlRig_Triangle_1mm.uasset" 300
"../../../Engine/Plugins/Animation/ControlRig/Content/Controls/ControlRig_Triangle_1mm.uexp" 301
"../../../Engine/Plugins/Animation/ControlRig/Content/Controls/ControlRig_Star4_solid.ubulk" 302
"../../../Engine/Plugins/Animation/ControlRig/Content/Controls/ControlRig_Star4_solid.uasset" 303
"../../../Engine/Plugins/Animation/ControlRig/Content/Controls/ControlRig_Star4_solid.uexp" 304
"../../../Engine/Plugins/Animation/ControlRig/Content/Controls/ControlRig_Star4_3mm.ubulk" 305
"../../../Engine/Plugins/Animation/ControlRig/Content/Controls/ControlRig_Star4_3mm.uasset" 306
"../../../Engine/Plugins/Animation/ControlRig/Content/Controls/ControlRig_Star4_3mm.uexp" 307
"../../../Engine/Plugins/Animation/ControlRig/Content/Controls/ControlRig_Star4_1mm.ubulk" 308
"../../../Engine/Plugins/Animation/ControlRig/Content/Controls/ControlRig_Star4_1mm.uasset" 309
"../../../Engine/Plugins/Animation/ControlRig/Content/Controls/ControlRig_Star4_1mm.uexp" 310
"../../../Engine/Plugins/Animation/ControlRig/Content/Controls/ControlRig_Square_solid.ubulk" 311
"../../../Engine/Plugins/Animation/ControlRig/Content/Controls/ControlRig_Square_solid.uasset" 312
"../../../Engine/Plugins/Animation/ControlRig/Content/Controls/ControlRig_Square_solid.uexp" 313
"../../../Engine/Plugins/Animation/ControlRig/Content/Controls/ControlRig_Square_3mm.ubulk" 314
"../../../Engine/Plugins/Animation/ControlRig/Content/Controls/ControlRig_Square_3mm.uasset" 315
"../../../Engine/Plugins/Animation/ControlRig/Content/Controls/ControlRig_Square_3mm.uexp" 316
"../../../Engine/Plugins/Animation/ControlRig/Content/Controls/ControlRig_Square_1mm.ubulk" 317
"../../../Engine/Plugins/Animation/ControlRig/Content/Controls/ControlRig_Square_1mm.uasset" 318
"../../../Engine/Plugins/Animation/ControlRig/Content/Controls/ControlRig_Square_1mm.uexp" 319
"../../../Engine/Plugins/Animation/ControlRig/Content/Controls/ControlRig_Sphere_solid.ubulk" 320
"../../../Engine/Plugins/Animation/ControlRig/Content/Controls/ControlRig_Sphere_solid.uasset" 321
"../../../Engine/Plugins/Animation/ControlRig/Content/Controls/ControlRig_Sphere_solid.uexp" 322
"../../../Engine/Plugins/Animation/ControlRig/Content/Controls/ControlRig_Sphere_3mm.ubulk" 323
"../../../Engine/Plugins/Animation/ControlRig/Content/Controls/ControlRig_Sphere_3mm.uasset" 324
"../../../Engine/Plugins/Animation/ControlRig/Content/Controls/ControlRig_Sphere_3mm.uexp" 325
"../../../Engine/Plugins/Animation/ControlRig/Content/Controls/ControlRig_Sphere_1mm.ubulk" 326
"../../../Engine/Plugins/Animation/ControlRig/Content/Controls/ControlRig_Sphere_1mm.uasset" 327
"../../../Engine/Plugins/Animation/ControlRig/Content/Controls/ControlRig_Sphere_1mm.uexp" 328
"../../../Engine/Plugins/Animation/ControlRig/Content/Controls/ControlRig_RoundedTriangle_solid.ubulk" 329
"../../../Engine/Plugins/Animation/ControlRig/Content/Controls/ControlRig_RoundedTriangle_solid.uasset" 330
"../../../Engine/Plugins/Animation/ControlRig/Content/Controls/ControlRig_RoundedTriangle_solid.uexp" 331
"../../../Engine/Plugins/Animation/ControlRig/Content/Controls/ControlRig_RoundedTriangle_3mm.ubulk" 332
"../../../Engine/Plugins/Animation/ControlRig/Content/Controls/ControlRig_RoundedTriangle_3mm.uasset" 333
"../../../Engine/Plugins/Animation/ControlRig/Content/Controls/ControlRig_RoundedTriangle_3mm.uexp" 334
"../../../Engine/Plugins/Animation/ControlRig/Content/Controls/ControlRig_RoundedTriangle_1mm.ubulk" 335
"../../../Engine/Plugins/Animation/ControlRig/Content/Controls/ControlRig_RoundedTriangle_1mm.uasset" 336
"../../../Engine/Plugins/Animation/ControlRig/Content/Controls/ControlRig_RoundedTriangle_1mm.uexp" 337
"../../../Engine/Plugins/Animation/ControlRig/Content/Controls/ControlRig_RoundedSquare_solid.ubulk" 338
"../../../Engine/Plugins/Animation/ControlRig/Content/Controls/ControlRig_RoundedSquare_solid.uasset" 339
"../../../Engine/Plugins/Animation/ControlRig/Content/Controls/ControlRig_RoundedSquare_solid.uexp" 340
"../../../Engine/Plugins/Animation/ControlRig/Content/Controls/ControlRig_RoundedSquare_3mm.ubulk" 341
"../../../Engine/Plugins/Animation/ControlRig/Content/Controls/ControlRig_RoundedSquare_3mm.uasset" 342
"../../../Engine/Plugins/Animation/ControlRig/Content/Controls/ControlRig_RoundedSquare_3mm.uexp" 343
"../../../Engine/Plugins/Animation/ControlRig/Content/Controls/ControlRig_RoundedSquare_1mm.ubulk" 344
"../../../Engine/Plugins/Animation/ControlRig/Content/Controls/ControlRig_RoundedSquare_1mm.uasset" 345
"../../../Engine/Plugins/Animation/ControlRig/Content/Controls/ControlRig_RoundedSquare_1mm.uexp" 346
"../../../Engine/Plugins/Animation/ControlRig/Content/Controls/ControlRig_QuarterCircle_solid.ubulk" 347
"../../../Engine/Plugins/Animation/ControlRig/Content/Controls/ControlRig_QuarterCircle_solid.uasset" 348
"../../../Engine/Plugins/Animation/ControlRig/Content/Controls/ControlRig_QuarterCircle_solid.uexp" 349
"../../../Engine/Plugins/Animation/ControlRig/Content/Controls/ControlRig_QuarterCircle_3mm.ubulk" 350
"../../../Engine/Plugins/Animation/ControlRig/Content/Controls/ControlRig_QuarterCircle_3mm.uasset" 351
"../../../Engine/Plugins/Animation/ControlRig/Content/Controls/ControlRig_QuarterCircle_3mm.uexp" 352
"../../../Engine/Plugins/Animation/ControlRig/Content/Controls/ControlRig_QuarterCircle_1mm.ubulk" 353
"../../../Engine/Plugins/Animation/ControlRig/Content/Controls/ControlRig_QuarterCircle_1mm.uasset" 354
"../../../Engine/Plugins/Animation/ControlRig/Content/Controls/ControlRig_QuarterCircle_1mm.uexp" 355
"../../../Engine/Plugins/Animation/ControlRig/Content/Controls/ControlRig_Pyramid_solid.ubulk" 356
"../../../Engine/Plugins/Animation/ControlRig/Content/Controls/ControlRig_Pyramid_solid.uasset" 357
"../../../Engine/Plugins/Animation/ControlRig/Content/Controls/ControlRig_Pyramid_solid.uexp" 358
"../../../Engine/Plugins/Animation/ControlRig/Content/Controls/ControlRig_Pyramid_3mm.ubulk" 359
"../../../Engine/Plugins/Animation/ControlRig/Content/Controls/ControlRig_Pyramid_3mm.uasset" 360
"../../../Engine/Plugins/Animation/ControlRig/Content/Controls/ControlRig_Pyramid_3mm.uexp" 361
"../../../Engine/Plugins/Animation/ControlRig/Content/Controls/ControlRig_Pyramid_1mm.ubulk" 362
"../../../Engine/Plugins/Animation/ControlRig/Content/Controls/ControlRig_Pyramid_1mm.uasset" 363
"../../../Engine/Plugins/Animation/ControlRig/Content/Controls/ControlRig_Pyramid_1mm.uexp" 364
"../../../Engine/Plugins/Animation/ControlRig/Content/Controls/ControlRig_Octagon_solid.ubulk" 365
"../../../Engine/Plugins/Animation/ControlRig/Content/Controls/ControlRig_Octagon_solid.uasset" 366
"../../../Engine/Plugins/Animation/ControlRig/Content/Controls/ControlRig_Octagon_solid.uexp" 367
"../../../Engine/Plugins/Animation/ControlRig/Content/Controls/ControlRig_Octagon_3mm.ubulk" 368
"../../../Engine/Plugins/Animation/ControlRig/Content/Controls/ControlRig_Octagon_3mm.uasset" 369
"../../../Engine/Plugins/Animation/ControlRig/Content/Controls/ControlRig_Octagon_3mm.uexp" 370
"../../../Engine/Plugins/Animation/ControlRig/Content/Controls/ControlRig_Octagon_1mm.ubulk" 371
"../../../Engine/Plugins/Animation/ControlRig/Content/Controls/ControlRig_Octagon_1mm.uasset" 372
"../../../Engine/Plugins/Animation/ControlRig/Content/Controls/ControlRig_Octagon_1mm.uexp" 373
"../../../Engine/Plugins/Animation/ControlRig/Content/Controls/ControlRig_Hexagon_solid.ubulk" 374
"../../../Engine/Plugins/Animation/ControlRig/Content/Controls/ControlRig_Hexagon_solid.uasset" 375
"../../../Engine/Plugins/Animation/ControlRig/Content/Controls/ControlRig_Hexagon_solid.uexp" 376
"../../../Engine/Plugins/Animation/ControlRig/Content/Controls/ControlRig_Hexagon_3mm.ubulk" 377
"../../../Engine/Plugins/Animation/ControlRig/Content/Controls/ControlRig_Hexagon_3mm.uasset" 378
"../../../Engine/Plugins/Animation/ControlRig/Content/Controls/ControlRig_Hexagon_3mm.uexp" 379
"../../../Engine/Plugins/Animation/ControlRig/Content/Controls/ControlRig_Hexagon_1mm.ubulk" 380
"../../../Engine/Plugins/Animation/ControlRig/Content/Controls/ControlRig_Hexagon_1mm.uasset" 381
"../../../Engine/Plugins/Animation/ControlRig/Content/Controls/ControlRig_Hexagon_1mm.uexp" 382
"../../../Engine/Plugins/Animation/ControlRig/Content/Controls/ControlRig_HalfCircle_solid.ubulk" 383
"../../../Engine/Plugins/Animation/ControlRig/Content/Controls/ControlRig_HalfCircle_solid.uasset" 384
"../../../Engine/Plugins/Animation/ControlRig/Content/Controls/ControlRig_HalfCircle_solid.uexp" 385
"../../../Engine/Plugins/Animation/ControlRig/Content/Controls/ControlRig_HalfCircle_3mm.ubulk" 386
"../../../Engine/Plugins/Animation/ControlRig/Content/Controls/ControlRig_HalfCircle_3mm.uasset" 387
"../../../Engine/Plugins/Animation/ControlRig/Content/Controls/ControlRig_HalfCircle_3mm.uexp" 388
"../../../Engine/Plugins/Animation/ControlRig/Content/Controls/ControlRig_HalfCircle_1mm.ubulk" 389
"../../../Engine/Plugins/Animation/ControlRig/Content/Controls/ControlRig_HalfCircle_1mm.uasset" 390
"../../../Engine/Plugins/Animation/ControlRig/Content/Controls/ControlRig_HalfCircle_1mm.uexp" 391
"../../../Engine/Plugins/Animation/ControlRig/Content/Controls/ControlRig_Diamond_solid.ubulk" 392
"../../../Engine/Plugins/Animation/ControlRig/Content/Controls/ControlRig_Diamond_solid.uasset" 393
"../../../Engine/Plugins/Animation/ControlRig/Content/Controls/ControlRig_Diamond_solid.uexp" 394
"../../../Engine/Plugins/Animation/ControlRig/Content/Controls/ControlRig_Diamond_3mm.ubulk" 395
"../../../Engine/Plugins/Animation/ControlRig/Content/Controls/ControlRig_Diamond_3mm.uasset" 396
"../../../Engine/Plugins/Animation/ControlRig/Content/Controls/ControlRig_Diamond_3mm.uexp" 397
"../../../Engine/Plugins/Animation/ControlRig/Content/Controls/ControlRig_Diamond_1mm.ubulk" 398
"../../../Engine/Plugins/Animation/ControlRig/Content/Controls/ControlRig_Diamond_1mm.uasset" 399
"../../../Engine/Plugins/Animation/ControlRig/Content/Controls/ControlRig_Diamond_1mm.uexp" 400
"../../../Engine/Plugins/Animation/ControlRig/Content/Controls/ControlRig_Circle_solid.ubulk" 401
"../../../Engine/Plugins/Animation/ControlRig/Content/Controls/ControlRig_Circle_solid.uasset" 402
"../../../Engine/Plugins/Animation/ControlRig/Content/Controls/ControlRig_Circle_solid.uexp" 403
"../../../Engine/Plugins/Animation/ControlRig/Content/Controls/ControlRig_Circle_3mm.ubulk" 404
"../../../Engine/Plugins/Animation/ControlRig/Content/Controls/ControlRig_Circle_3mm.uasset" 405
"../../../Engine/Plugins/Animation/ControlRig/Content/Controls/ControlRig_Circle_3mm.uexp" 406
"../../../Engine/Plugins/Animation/ControlRig/Content/Controls/ControlRig_Circle_1mm.ubulk" 407
"../../../Engine/Plugins/Animation/ControlRig/Content/Controls/ControlRig_Circle_1mm.uasset" 408
"../../../Engine/Plugins/Animation/ControlRig/Content/Controls/ControlRig_Circle_1mm.uexp" 409
"../../../Engine/Plugins/Animation/ControlRig/Content/Controls/ControlRig_Box_solid.ubulk" 410
"../../../Engine/Plugins/Animation/ControlRig/Content/Controls/ControlRig_Box_solid.uasset" 411
"../../../Engine/Plugins/Animation/ControlRig/Content/Controls/ControlRig_Box_solid.uexp" 412
"../../../Engine/Plugins/Animation/ControlRig/Content/Controls/ControlRig_Box_3mm.ubulk" 413
"../../../Engine/Plugins/Animation/ControlRig/Content/Controls/ControlRig_Box_3mm.uasset" 414
"../../../Engine/Plugins/Animation/ControlRig/Content/Controls/ControlRig_Box_3mm.uexp" 415
"../../../Engine/Plugins/Animation/ControlRig/Content/Controls/ControlRig_Box_1mm.ubulk" 416
"../../../Engine/Plugins/Animation/ControlRig/Content/Controls/ControlRig_Box_1mm.uasset" 417
"../../../Engine/Plugins/Animation/ControlRig/Content/Controls/ControlRig_Box_1mm.uexp" 418
"../../../Engine/Plugins/Animation/ControlRig/Content/Controls/ControlRig_Arrow_solid.ubulk" 419
"../../../Engine/Plugins/Animation/ControlRig/Content/Controls/ControlRig_Arrow_solid.uasset" 420
"../../../Engine/Plugins/Animation/ControlRig/Content/Controls/ControlRig_Arrow_solid.uexp" 421
"../../../Engine/Plugins/Animation/ControlRig/Content/Controls/ControlRig_Arrow_3mm.ubulk" 422
"../../../Engine/Plugins/Animation/ControlRig/Content/Controls/ControlRig_Arrow_3mm.uasset" 423
"../../../Engine/Plugins/Animation/ControlRig/Content/Controls/ControlRig_Arrow_3mm.uexp" 424
"../../../Engine/Plugins/Animation/ControlRig/Content/Controls/ControlRig_Arrow_1mm.ubulk" 425
"../../../Engine/Plugins/Animation/ControlRig/Content/Controls/ControlRig_Arrow_1mm.uasset" 426
"../../../Engine/Plugins/Animation/ControlRig/Content/Controls/ControlRig_Arrow_1mm.uexp" 427
"../../../Engine/Plugins/Animation/ControlRig/Content/Controls/ControlRig_Arrow4_solid.ubulk" 428
"../../../Engine/Plugins/Animation/ControlRig/Content/Controls/ControlRig_Arrow4_solid.uasset" 429
"../../../Engine/Plugins/Animation/ControlRig/Content/Controls/ControlRig_Arrow4_solid.uexp" 430
"../../../Engine/Plugins/Animation/ControlRig/Content/Controls/ControlRig_Arrow4_3mm.ubulk" 431
"../../../Engine/Plugins/Animation/ControlRig/Content/Controls/ControlRig_Arrow4_3mm.uasset" 432
"../../../Engine/Plugins/Animation/ControlRig/Content/Controls/ControlRig_Arrow4_3mm.uexp" 433
"../../../Engine/Plugins/Animation/ControlRig/Content/Controls/ControlRig_Arrow4_1mm.ubulk" 434
"../../../Engine/Plugins/Animation/ControlRig/Content/Controls/ControlRig_Arrow4_1mm.uasset" 435
"../../../Engine/Plugins/Animation/ControlRig/Content/Controls/ControlRig_Arrow4_1mm.uexp" 436
"../../../Engine/Plugins/Animation/ControlRig/Content/Controls/ControlRig_Arrow2_solid.ubulk" 437
"../../../Engine/Plugins/Animation/ControlRig/Content/Controls/ControlRig_Arrow2_solid.uasset" 438
"../../../Engine/Plugins/Animation/ControlRig/Content/Controls/ControlRig_Arrow2_solid.uexp" 439
"../../../Engine/Plugins/Animation/ControlRig/Content/Controls/ControlRig_Arrow2_3mm.ubulk" 440
"../../../Engine/Plugins/Animation/ControlRig/Content/Controls/ControlRig_Arrow2_3mm.uasset" 441
"../../../Engine/Plugins/Animation/ControlRig/Content/Controls/ControlRig_Arrow2_3mm.uexp" 442
"../../../Engine/Plugins/Animation/ControlRig/Content/Controls/ControlRig_Arrow2_1mm.ubulk" 443
"../../../Engine/Plugins/Animation/ControlRig/Content/Controls/ControlRig_Arrow2_1mm.uasset" 444
"../../../Engine/Plugins/Animation/ControlRig/Content/Controls/ControlRig_Arrow2_1mm.uexp" 445
"../../../Engine/Plugins/Animation/ControlRig/Content/Controls/ControlRigXRayMaterial.uasset" 446
"../../../Engine/Plugins/Animation/ControlRig/Content/Controls/ControlRigXRayMaterial.uexp" 447
"../../../Engine/Plugins/Animation/ControlRig/Content/Controls/ControlRigGizmoMaterial.uasset" 448
"../../../Engine/Plugins/Animation/ControlRig/Content/Controls/ControlRigGizmoMaterial.uexp" 449
"../../../Engine/Plugins/VirtualProduction/CameraCalibrationCore/Content/Materials/M_DefaultOddSquare.uasset" 450
"../../../Engine/Plugins/VirtualProduction/CameraCalibrationCore/Content/Materials/M_DefaultOddSquare.uexp" 451
"../../../Engine/Plugins/VirtualProduction/CameraCalibrationCore/Content/Materials/M_DefaultEvenSquare.uasset" 452
"../../../Engine/Plugins/VirtualProduction/CameraCalibrationCore/Content/Materials/M_DefaultEvenSquare.uexp" 453
"../../../Engine/Plugins/Runtime/HairStrands/Content/Materials/HairMeshesDefaultMaterial.uasset" 454
"../../../Engine/Plugins/Runtime/HairStrands/Content/Materials/HairMeshesDefaultMaterial.uexp" 455
"../../../Engine/Plugins/Runtime/HairStrands/Content/Materials/HairDefaultMaterial.uasset" 456
"../../../Engine/Plugins/Runtime/HairStrands/Content/Materials/HairDefaultMaterial.uexp" 457
"../../../Engine/Content/Functions/Engine_MaterialFunctions02/Utility/MakeFloat2.uasset" 458
"../../../Engine/Content/Functions/Engine_MaterialFunctions02/Utility/MakeFloat2.uexp" 459
"../../../Engine/Content/Functions/Engine_MaterialFunctions02/Utility/MakeFloat3.uasset" 460
"../../../Engine/Content/Functions/Engine_MaterialFunctions02/Utility/MakeFloat3.uexp" 461
"../../../Engine/Content/EngineMaterials/HairDebugColor.uasset" 462
"../../../Engine/Content/EngineMaterials/HairDebugColor.uexp" 463
"../../../Engine/Content/EngineMaterials/HairColorMap.uasset" 464
"../../../Engine/Content/EngineMaterials/HairColorMap.uexp" 465
"../../../Engine/Plugins/Runtime/HairStrands/Content/Materials/HairGroupColors.uasset" 466
"../../../Engine/Plugins/Runtime/HairStrands/Content/Materials/HairGroupColors.uexp" 467
"../../../Engine/Plugins/Runtime/HairStrands/Content/Materials/HairDebugMaterial.uasset" 468
"../../../Engine/Plugins/Runtime/HairStrands/Content/Materials/HairDebugMaterial.uexp" 469
"../../../Engine/Plugins/Runtime/HairStrands/Content/Materials/HairCardsDefaultMaterial.uasset" 470
"../../../Engine/Plugins/Runtime/HairStrands/Content/Materials/HairCardsDefaultMaterial.uexp" 471
"../../../Engine/Plugins/Runtime/AudioWidgets/Content/Resources/ScrubHandleDown_Clamped.uasset" 472
"../../../Engine/Plugins/Runtime/AudioWidgets/Content/Resources/ScrubHandleDown_Clamped.uexp" 473
"../../../Engine/Plugins/Interchange/Assets/Content/Functions/MX_UsdPreviewSurface.uasset" 474
"../../../Engine/Plugins/Interchange/Assets/Content/Functions/MX_UsdPreviewSurface.uexp" 475
"../../../Engine/Plugins/Interchange/Assets/Content/Functions/MX_UniformEDF.uasset" 476
"../../../Engine/Plugins/Interchange/Assets/Content/Functions/MX_UniformEDF.uexp" 477
"../../../Engine/Plugins/Interchange/Assets/Content/Functions/MX_TranslucentBSDF.uasset" 478
"../../../Engine/Plugins/Interchange/Assets/Content/Functions/MX_TranslucentBSDF.uexp" 479
"../../../Engine/Plugins/Interchange/Assets/Content/Functions/MX_ThinFilmBSDF.uasset" 480
"../../../Engine/Plugins/Interchange/Assets/Content/Functions/MX_ThinFilmBSDF.uexp" 481
"../../../Engine/Plugins/Interchange/Assets/Content/Functions/MX_SurfaceUnlit.uasset" 482
"../../../Engine/Plugins/Interchange/Assets/Content/Functions/MX_SurfaceUnlit.uexp" 483
"../../../Engine/Plugins/Interchange/Assets/Content/Functions/MX_Surface.uasset" 484
"../../../Engine/Plugins/Interchange/Assets/Content/Functions/MX_Surface.uexp" 485
"../../../Engine/Plugins/Interchange/Assets/Content/Functions/MX_SubsurfaceBSDF.uasset" 486
"../../../Engine/Plugins/Interchange/Assets/Content/Functions/MX_SubsurfaceBSDF.uexp" 487
"../../../Engine/Plugins/Interchange/Assets/Content/Functions/MX_SheenBSDF.uasset" 488
"../../../Engine/Plugins/Interchange/Assets/Content/Functions/MX_SheenBSDF.uexp" 489
"../../../Engine/Plugins/Interchange/Assets/Content/Functions/MX_OrenNayarBSDF.uasset" 490
"../../../Engine/Plugins/Interchange/Assets/Content/Functions/MX_OrenNayarBSDF.uexp" 491
"../../../Engine/Plugins/Interchange/Assets/Content/Functions/MF_IridescenceNoLUT.uasset" 492
"../../../Engine/Plugins/Interchange/Assets/Content/Functions/MF_IridescenceNoLUT.uexp" 493
"../../../Engine/Plugins/Interchange/Assets/Content/Functions/MX_StandardSurface.uasset" 494
"../../../Engine/Plugins/Interchange/Assets/Content/Functions/MX_StandardSurface.uexp" 495
"../../../Engine/Plugins/Interchange/Assets/Content/Functions/MX_TransmissionSurface.uasset" 496
"../../../Engine/Plugins/Interchange/Assets/Content/Functions/MX_TransmissionSurface.uexp" 497
"../../../Engine/Plugins/Interchange/Assets/Content/Functions/MX_OpenPBR_Translucent.uasset" 498
"../../../Engine/Plugins/Interchange/Assets/Content/Functions/MX_OpenPBR_Translucent.uexp" 499
"../../../Engine/Plugins/Interchange/Assets/Content/Functions/MX_OpenPBR_Opaque.uasset" 500
"../../../Engine/Plugins/Interchange/Assets/Content/Functions/MX_OpenPBR_Opaque.uexp" 501
"../../../Engine/Plugins/Interchange/Assets/Content/Functions/MX_MeasuredEDF.uasset" 502
"../../../Engine/Plugins/Interchange/Assets/Content/Functions/MX_MeasuredEDF.uexp" 503
"../../../Engine/Plugins/Interchange/Assets/Content/Functions/MX_GeneralizedSchlickBSDF.uasset" 504
"../../../Engine/Plugins/Interchange/Assets/Content/Functions/MX_GeneralizedSchlickBSDF.uexp" 505
"../../../Engine/Plugins/Interchange/Assets/Content/Functions/MX_Displacement.uasset" 506
"../../../Engine/Plugins/Interchange/Assets/Content/Functions/MX_Displacement.uexp" 507
"../../../Engine/Plugins/Interchange/Assets/Content/Functions/MX_DielectricBSDF.uasset" 508
"../../../Engine/Plugins/Interchange/Assets/Content/Functions/MX_DielectricBSDF.uexp" 509
"../../../Engine/Plugins/Interchange/Assets/Content/Functions/MX_ConicalEDF.uasset" 510
"../../../Engine/Plugins/Interchange/Assets/Content/Functions/MX_ConicalEDF.uexp" 511
"../../../Engine/Plugins/Interchange/Assets/Content/Functions/MX_ConductorBSDF.uasset" 512
"../../../Engine/Plugins/Interchange/Assets/Content/Functions/MX_ConductorBSDF.uexp" 513
"../../../Engine/Plugins/Interchange/Assets/Content/Functions/MX_BurleyDiffuseBSDF.uasset" 514
"../../../Engine/Plugins/Interchange/Assets/Content/Functions/MX_BurleyDiffuseBSDF.uexp" 515
"../../../Engine/Plugins/Interchange/Assets/Content/Functions/MX_AnisotropicVDF.uasset" 516
"../../../Engine/Plugins/Interchange/Assets/Content/Functions/MX_AnisotropicVDF.uexp" 517
"../../../Engine/Plugins/Interchange/Assets/Content/Functions/MX_AbsorptionVDF.uasset" 518
"../../../Engine/Plugins/Interchange/Assets/Content/Functions/MX_AbsorptionVDF.uexp" 519
"../../../Engine/Content/EngineResources/FilmGrains/Marcie_Grain_v3_128_M2_000.uasset" 520
"../../../Engine/Content/EngineResources/FilmGrains/Marcie_Grain_v3_128_M2_000.uexp" 521
"../../../Engine/Content/EngineResources/Development/ZenLogo_64.uasset" 522
"../../../Engine/Content/EngineResources/Development/ZenLogo_64.uexp" 523
"../../../Engine/Content/EngineMaterials/LTC/Sheen_LTC.uasset" 524
"../../../Engine/Content/EngineMaterials/LTC/Sheen_LTC.uexp" 525
"../../../Engine/Content/EngineMaterials/LTC/GGX_LTCMat.uasset" 526
"../../../Engine/Content/EngineMaterials/LTC/GGX_LTCMat.uexp" 527
"../../../Engine/Content/EngineMaterials/LTC/GGX_LTCAmp.uasset" 528
"../../../Engine/Content/EngineMaterials/LTC/GGX_LTCAmp.uexp" 529
"../../../Engine/Content/EngineMaterials/EnergyConservation/Sheen_Energy.uasset" 530
"../../../Engine/Content/EngineMaterials/EnergyConservation/Sheen_Energy.uexp" 531
"../../../Engine/Content/EngineMaterials/EnergyConservation/SheenLegacy_Energy.uasset" 532
"../../../Engine/Content/EngineMaterials/EnergyConservation/SheenLegacy_Energy.uexp" 533
"../../../Engine/Content/EngineMaterials/EnergyConservation/GGX_TransmissionEnergyArray.uasset" 534
"../../../Engine/Content/EngineMaterials/EnergyConservation/GGX_TransmissionEnergyArray.uexp" 535
"../../../Engine/Content/EngineMaterials/EnergyConservation/GGX_ReflectionEnergy.uasset" 536
"../../../Engine/Content/EngineMaterials/EnergyConservation/GGX_ReflectionEnergy.uexp" 537
"../../../Engine/Content/EngineMaterials/EnergyConservation/Diffuse_Energy.uasset" 538
"../../../Engine/Content/EngineMaterials/EnergyConservation/Diffuse_Energy.uexp" 539
"C:/Users/dunnt/Documents/GitHub/UniGameProject1/OrbIt/Content/MainFolder/Music/SW_Level1.ubulk" 540
"C:/Users/dunnt/Documents/GitHub/UniGameProject1/OrbIt/Content/MainFolder/Music/SW_Level1.uasset" 541
"C:/Users/dunnt/Documents/GitHub/UniGameProject1/OrbIt/Content/MainFolder/Music/SW_Level1.uexp" 542
"C:/Users/dunnt/Documents/GitHub/UniGameProject1/OrbIt/Content/MainFolder/Music/SW_MainMenu.ubulk" 543
"C:/Users/dunnt/Documents/GitHub/UniGameProject1/OrbIt/Content/MainFolder/Music/SW_MainMenu.uasset" 544
"C:/Users/dunnt/Documents/GitHub/UniGameProject1/OrbIt/Content/MainFolder/Music/SW_MainMenu.uexp" 545
"C:/Users/dunnt/Documents/GitHub/UniGameProject1/OrbIt/Content/LevelPrototyping/Textures/T_BlobShadow.uasset" 546
"C:/Users/dunnt/Documents/GitHub/UniGameProject1/OrbIt/Content/LevelPrototyping/Textures/T_BlobShadow.uexp" 547
"C:/Users/dunnt/Documents/GitHub/UniGameProject1/OrbIt/Content/LevelPrototyping/Materials/M_Stone.uasset" 548
"C:/Users/dunnt/Documents/GitHub/UniGameProject1/OrbIt/Content/LevelPrototyping/Materials/M_Stone.uexp" 549
"C:/Users/dunnt/Documents/GitHub/UniGameProject1/OrbIt/Content/LevelPrototyping/Materials/M_GreenColour.uasset" 550
"C:/Users/dunnt/Documents/GitHub/UniGameProject1/OrbIt/Content/LevelPrototyping/Materials/M_GreenColour.uexp" 551
"C:/Users/dunnt/Documents/GitHub/UniGameProject1/OrbIt/Content/LevelPrototyping/Materials/M_BlackColour.uasset" 552
"C:/Users/dunnt/Documents/GitHub/UniGameProject1/OrbIt/Content/LevelPrototyping/Materials/M_BlackColour.uexp" 553
"C:/Users/dunnt/Documents/GitHub/UniGameProject1/OrbIt/Content/LevelPrototyping/Materials/M_Gravel.uasset" 554
"C:/Users/dunnt/Documents/GitHub/UniGameProject1/OrbIt/Content/LevelPrototyping/Materials/M_Gravel.uexp" 555
"C:/Users/dunnt/Documents/GitHub/UniGameProject1/OrbIt/Content/LevelPrototyping/Materials/M_Grass.uasset" 556
"C:/Users/dunnt/Documents/GitHub/UniGameProject1/OrbIt/Content/LevelPrototyping/Materials/M_Grass.uexp" 557
"../../../Engine/Content/EngineMaterials/Substrate/GLints/AGlintTex2dArray.uasset" 558
"../../../Engine/Content/EngineMaterials/Substrate/GLints/AGlintTex2dArray.uexp" 559
"../../../Engine/Content/ArtTools/RenderToTexture/Meshes/S_1_Unit_Plane.ubulk" 560
"../../../Engine/Content/ArtTools/RenderToTexture/Meshes/S_1_Unit_Plane.uasset" 561
"../../../Engine/Content/ArtTools/RenderToTexture/Meshes/S_1_Unit_Plane.uexp" 562
"../../../Engine/Content/BasicShapes/Sphere.ubulk" 563
"../../../Engine/Content/BasicShapes/Sphere.uasset" 564
"../../../Engine/Content/BasicShapes/Sphere.uexp" 565
"C:/Users/dunnt/Documents/GitHub/UniGameProject1/OrbIt/Content/LevelPrototyping/Textures/T_Bubble.uasset" 566
"C:/Users/dunnt/Documents/GitHub/UniGameProject1/OrbIt/Content/LevelPrototyping/Textures/T_Bubble.uexp" 567
"C:/Users/dunnt/Documents/GitHub/UniGameProject1/OrbIt/Content/LevelPrototyping/Materials/M_Bubble.uasset" 568
"C:/Users/dunnt/Documents/GitHub/UniGameProject1/OrbIt/Content/LevelPrototyping/Materials/M_Bubble.uexp" 569
"C:/Users/dunnt/Documents/GitHub/UniGameProject1/OrbIt/Content/MainFolder/Particles/NS_Spin.uasset" 570
"C:/Users/dunnt/Documents/GitHub/UniGameProject1/OrbIt/Content/MainFolder/Particles/NS_Spin.uexp" 571
"C:/Users/dunnt/Documents/GitHub/UniGameProject1/OrbIt/Content/LevelPrototyping/Textures/T_DustCloud.uasset" 572
"C:/Users/dunnt/Documents/GitHub/UniGameProject1/OrbIt/Content/LevelPrototyping/Textures/T_DustCloud.uexp" 573
"C:/Users/dunnt/Documents/GitHub/UniGameProject1/OrbIt/Content/LevelPrototyping/Materials/M_Dust.uasset" 574
"C:/Users/dunnt/Documents/GitHub/UniGameProject1/OrbIt/Content/LevelPrototyping/Materials/M_Dust.uexp" 575
"C:/Users/dunnt/Documents/GitHub/UniGameProject1/OrbIt/Content/MainFolder/Particles/NS_Jump.uasset" 576
"C:/Users/dunnt/Documents/GitHub/UniGameProject1/OrbIt/Content/MainFolder/Particles/NS_Jump.uexp" 577
"C:/Users/dunnt/Documents/GitHub/UniGameProject1/OrbIt/Content/LevelPrototyping/Textures/T_Flame.uasset" 578
"C:/Users/dunnt/Documents/GitHub/UniGameProject1/OrbIt/Content/LevelPrototyping/Textures/T_Flame.uexp" 579
"C:/Users/dunnt/Documents/GitHub/UniGameProject1/OrbIt/Content/LevelPrototyping/Materials/M_Flame.uasset" 580
"C:/Users/dunnt/Documents/GitHub/UniGameProject1/OrbIt/Content/LevelPrototyping/Materials/M_Flame.uexp" 581
"C:/Users/dunnt/Documents/GitHub/UniGameProject1/OrbIt/Content/MainFolder/Particles/NS_DoubleJump.uasset" 582
"C:/Users/dunnt/Documents/GitHub/UniGameProject1/OrbIt/Content/MainFolder/Particles/NS_DoubleJump.uexp" 583
"C:/Users/dunnt/Documents/GitHub/UniGameProject1/OrbIt/Content/LevelPrototyping/Textures/T_Lightning.uasset" 584
"C:/Users/dunnt/Documents/GitHub/UniGameProject1/OrbIt/Content/LevelPrototyping/Textures/T_Lightning.uexp" 585
"C:/Users/dunnt/Documents/GitHub/UniGameProject1/OrbIt/Content/LevelPrototyping/Materials/M_Lightning.uasset" 586
"C:/Users/dunnt/Documents/GitHub/UniGameProject1/OrbIt/Content/LevelPrototyping/Materials/M_Lightning.uexp" 587
"C:/Users/dunnt/Documents/GitHub/UniGameProject1/OrbIt/Content/MainFolder/Particles/NS_Dash.uasset" 588
"C:/Users/dunnt/Documents/GitHub/UniGameProject1/OrbIt/Content/MainFolder/Particles/NS_Dash.uexp" 589
"C:/Users/dunnt/Documents/GitHub/UniGameProject1/OrbIt/Content/MainFolder/Music/SW_Spin.ubulk" 590
"C:/Users/dunnt/Documents/GitHub/UniGameProject1/OrbIt/Content/MainFolder/Music/SW_Spin.uasset" 591
"C:/Users/dunnt/Documents/GitHub/UniGameProject1/OrbIt/Content/MainFolder/Music/SW_Spin.uexp" 592
"C:/Users/dunnt/Documents/GitHub/UniGameProject1/OrbIt/Content/MainFolder/Music/SW_Jump.ubulk" 593
"C:/Users/dunnt/Documents/GitHub/UniGameProject1/OrbIt/Content/MainFolder/Music/SW_Jump.uasset" 594
"C:/Users/dunnt/Documents/GitHub/UniGameProject1/OrbIt/Content/MainFolder/Music/SW_Jump.uexp" 595
"C:/Users/dunnt/Documents/GitHub/UniGameProject1/OrbIt/Content/MainFolder/Music/SW_DoubleJump.ubulk" 596
"C:/Users/dunnt/Documents/GitHub/UniGameProject1/OrbIt/Content/MainFolder/Music/SW_DoubleJump.uasset" 597
"C:/Users/dunnt/Documents/GitHub/UniGameProject1/OrbIt/Content/MainFolder/Music/SW_DoubleJump.uexp" 598
"C:/Users/dunnt/Documents/GitHub/UniGameProject1/OrbIt/Content/MainFolder/Music/SW_Dash.ubulk" 599
"C:/Users/dunnt/Documents/GitHub/UniGameProject1/OrbIt/Content/MainFolder/Music/SW_Dash.uasset" 600
"C:/Users/dunnt/Documents/GitHub/UniGameProject1/OrbIt/Content/MainFolder/Music/SW_Dash.uexp" 601
"C:/Users/dunnt/Documents/GitHub/UniGameProject1/OrbIt/Content/MainFolder/Blueprints/BI_Interact.uasset" 602
"C:/Users/dunnt/Documents/GitHub/UniGameProject1/OrbIt/Content/MainFolder/Blueprints/BI_Interact.uexp" 603
"C:/Users/dunnt/Documents/GitHub/UniGameProject1/OrbIt/Content/LevelPrototyping/Textures/T_Shadow.ubulk" 604
"C:/Users/dunnt/Documents/GitHub/UniGameProject1/OrbIt/Content/LevelPrototyping/Textures/T_Shadow.uasset" 605
"C:/Users/dunnt/Documents/GitHub/UniGameProject1/OrbIt/Content/LevelPrototyping/Textures/T_Shadow.uexp" 606
"C:/Users/dunnt/Documents/GitHub/UniGameProject1/OrbIt/Content/LevelPrototyping/Materials/M_ShadowDecal.uasset" 607
"C:/Users/dunnt/Documents/GitHub/UniGameProject1/OrbIt/Content/LevelPrototyping/Materials/M_ShadowDecal.uexp" 608
"C:/Users/dunnt/Documents/GitHub/UniGameProject1/OrbIt/Content/Characters/Mannequins/Rigs/PA_Mannequin.uasset" 609
"C:/Users/dunnt/Documents/GitHub/UniGameProject1/OrbIt/Content/Characters/Mannequins/Rigs/PA_Mannequin.uexp" 610
"C:/Users/dunnt/Documents/GitHub/UniGameProject1/OrbIt/Content/Characters/Mannequins/Meshes/SK_Mannequin.uasset" 611
"C:/Users/dunnt/Documents/GitHub/UniGameProject1/OrbIt/Content/Characters/Mannequins/Meshes/SK_Mannequin.uexp" 612
"C:/Users/dunnt/Documents/GitHub/UniGameProject1/OrbIt/Content/Characters/Mannequins/Textures/Shared/T_UE_Logo_M.uasset" 613
"C:/Users/dunnt/Documents/GitHub/UniGameProject1/OrbIt/Content/Characters/Mannequins/Textures/Shared/T_UE_Logo_M.uexp" 614
"C:/Users/dunnt/Documents/GitHub/UniGameProject1/OrbIt/Content/Characters/Mannequins/Textures/Manny/T_Manny_01_MRA.ubulk" 615
"C:/Users/dunnt/Documents/GitHub/UniGameProject1/OrbIt/Content/Characters/Mannequins/Textures/Manny/T_Manny_01_MRA.uasset" 616
"C:/Users/dunnt/Documents/GitHub/UniGameProject1/OrbIt/Content/Characters/Mannequins/Textures/Manny/T_Manny_01_MRA.uexp" 617
"C:/Users/dunnt/Documents/GitHub/UniGameProject1/OrbIt/Content/Characters/Mannequins/Textures/Manny/T_Manny_01_D.ubulk" 618
"C:/Users/dunnt/Documents/GitHub/UniGameProject1/OrbIt/Content/Characters/Mannequins/Textures/Manny/T_Manny_01_D.uasset" 619
"C:/Users/dunnt/Documents/GitHub/UniGameProject1/OrbIt/Content/Characters/Mannequins/Textures/Manny/T_Manny_01_D.uexp" 620
"C:/Users/dunnt/Documents/GitHub/UniGameProject1/OrbIt/Content/Characters/Mannequins/Textures/Manny/T_Manny_01_BN.ubulk" 621
"C:/Users/dunnt/Documents/GitHub/UniGameProject1/OrbIt/Content/Characters/Mannequins/Textures/Manny/T_Manny_01_BN.uasset" 622
"C:/Users/dunnt/Documents/GitHub/UniGameProject1/OrbIt/Content/Characters/Mannequins/Textures/Manny/T_Manny_01_BN.uexp" 623
"C:/Users/dunnt/Documents/GitHub/UniGameProject1/OrbIt/Content/Characters/Mannequins/Materials/M_Mannequin.uasset" 624
"C:/Users/dunnt/Documents/GitHub/UniGameProject1/OrbIt/Content/Characters/Mannequins/Materials/M_Mannequin.uexp" 625
"C:/Users/dunnt/Documents/GitHub/UniGameProject1/OrbIt/Content/Characters/Mannequins/Materials/Manny/MI_Manny_01_New.uasset" 626
"C:/Users/dunnt/Documents/GitHub/UniGameProject1/OrbIt/Content/Characters/Mannequins/Materials/Manny/MI_Manny_01_New.uexp" 627
"C:/Users/dunnt/Documents/GitHub/UniGameProject1/OrbIt/Content/Characters/Mannequins/Textures/Manny/T_Manny_02_MRA.ubulk" 628
"C:/Users/dunnt/Documents/GitHub/UniGameProject1/OrbIt/Content/Characters/Mannequins/Textures/Manny/T_Manny_02_MRA.uasset" 629
"C:/Users/dunnt/Documents/GitHub/UniGameProject1/OrbIt/Content/Characters/Mannequins/Textures/Manny/T_Manny_02_MRA.uexp" 630
"C:/Users/dunnt/Documents/GitHub/UniGameProject1/OrbIt/Content/Characters/Mannequins/Textures/Manny/T_Manny_02_D.ubulk" 631
"C:/Users/dunnt/Documents/GitHub/UniGameProject1/OrbIt/Content/Characters/Mannequins/Textures/Manny/T_Manny_02_D.uasset" 632
"C:/Users/dunnt/Documents/GitHub/UniGameProject1/OrbIt/Content/Characters/Mannequins/Textures/Manny/T_Manny_02_D.uexp" 633
"C:/Users/dunnt/Documents/GitHub/UniGameProject1/OrbIt/Content/Characters/Mannequins/Textures/Manny/T_Manny_02_BN.ubulk" 634
"C:/Users/dunnt/Documents/GitHub/UniGameProject1/OrbIt/Content/Characters/Mannequins/Textures/Manny/T_Manny_02_BN.uasset" 635
"C:/Users/dunnt/Documents/GitHub/UniGameProject1/OrbIt/Content/Characters/Mannequins/Textures/Manny/T_Manny_02_BN.uexp" 636
"C:/Users/dunnt/Documents/GitHub/UniGameProject1/OrbIt/Content/Characters/Mannequins/Materials/Manny/MI_Manny_02_New.uasset" 637
"C:/Users/dunnt/Documents/GitHub/UniGameProject1/OrbIt/Content/Characters/Mannequins/Materials/Manny/MI_Manny_02_New.uexp" 638
"C:/Users/dunnt/Documents/GitHub/UniGameProject1/OrbIt/Content/Characters/Mannequins/Meshes/SKM_Manny_Simple.uasset" 639
"C:/Users/dunnt/Documents/GitHub/UniGameProject1/OrbIt/Content/Characters/Mannequins/Meshes/SKM_Manny_Simple.uexp" 640
"../../../Engine/Plugins/Animation/ControlRig/Content/Controls/DefaultGizmoLibraryNormalized.uasset" 641
"../../../Engine/Plugins/Animation/ControlRig/Content/Controls/DefaultGizmoLibraryNormalized.uexp" 642
"C:/Users/dunnt/Documents/GitHub/UniGameProject1/OrbIt/Content/Characters/Mannequins/Rigs/CR_Mannequin_FootIK.uasset" 643
"C:/Users/dunnt/Documents/GitHub/UniGameProject1/OrbIt/Content/Characters/Mannequins/Rigs/CR_Mannequin_FootIK.uexp" 644
"../../../Engine/Content/Animation/DefaultVariableFrameStrippingSettings.uasset" 645
"../../../Engine/Content/Animation/DefaultVariableFrameStrippingSettings.uexp" 646
"../../../Engine/Content/Animation/DefaultAnimCurveCompressionSettings.uasset" 647
"../../../Engine/Content/Animation/DefaultAnimCurveCompressionSettings.uexp" 648
"../../../Engine/Content/Animation/DefaultAnimBoneCompressionSettings.uasset" 649
"../../../Engine/Content/Animation/DefaultAnimBoneCompressionSettings.uexp" 650
"C:/Users/dunnt/Documents/GitHub/UniGameProject1/OrbIt/Content/Characters/Mannequins/Anims/Unarmed/MM_Idle.uasset" 651
"C:/Users/dunnt/Documents/GitHub/UniGameProject1/OrbIt/Content/Characters/Mannequins/Anims/Unarmed/MM_Idle.uexp" 652
"C:/Users/dunnt/Documents/GitHub/UniGameProject1/OrbIt/Content/Characters/Mannequins/Anims/Unarmed/Jog/MF_Unarmed_Jog_Bwd.uasset" 653
"C:/Users/dunnt/Documents/GitHub/UniGameProject1/OrbIt/Content/Characters/Mannequins/Anims/Unarmed/Jog/MF_Unarmed_Jog_Bwd.uexp" 654
"../../../Engine/Plugins/Animation/ACLPlugin/Content/ACLAnimCurveCompressionSettings.uasset" 655
"../../../Engine/Plugins/Animation/ACLPlugin/Content/ACLAnimCurveCompressionSettings.uexp" 656
"../../../Engine/Content/Animation/DefaultRecorderBoneCompression.uasset" 657
"../../../Engine/Content/Animation/DefaultRecorderBoneCompression.uexp" 658
"C:/Users/dunnt/Documents/GitHub/UniGameProject1/OrbIt/Content/Characters/Mannequins/Anims/Unarmed/Jog/MF_Unarmed_Jog_Bwd_Left.uasset" 659
"C:/Users/dunnt/Documents/GitHub/UniGameProject1/OrbIt/Content/Characters/Mannequins/Anims/Unarmed/Jog/MF_Unarmed_Jog_Bwd_Left.uexp" 660
"C:/Users/dunnt/Documents/GitHub/UniGameProject1/OrbIt/Content/Characters/Mannequins/Anims/Unarmed/Jog/MF_Unarmed_Jog_Bwd_Right.uasset" 661
"C:/Users/dunnt/Documents/GitHub/UniGameProject1/OrbIt/Content/Characters/Mannequins/Anims/Unarmed/Jog/MF_Unarmed_Jog_Bwd_Right.uexp" 662
"C:/Users/dunnt/Documents/GitHub/UniGameProject1/OrbIt/Content/Characters/Mannequins/Anims/Unarmed/Jog/MF_Unarmed_Jog_Fwd.uasset" 663
"C:/Users/dunnt/Documents/GitHub/UniGameProject1/OrbIt/Content/Characters/Mannequins/Anims/Unarmed/Jog/MF_Unarmed_Jog_Fwd.uexp" 664
"C:/Users/dunnt/Documents/GitHub/UniGameProject1/OrbIt/Content/Characters/Mannequins/Anims/Unarmed/Jog/MF_Unarmed_Jog_Fwd_Left.uasset" 665
"C:/Users/dunnt/Documents/GitHub/UniGameProject1/OrbIt/Content/Characters/Mannequins/Anims/Unarmed/Jog/MF_Unarmed_Jog_Fwd_Left.uexp" 666
"C:/Users/dunnt/Documents/GitHub/UniGameProject1/OrbIt/Content/Characters/Mannequins/Anims/Unarmed/Jog/MF_Unarmed_Jog_Fwd_Right.uasset" 667
"C:/Users/dunnt/Documents/GitHub/UniGameProject1/OrbIt/Content/Characters/Mannequins/Anims/Unarmed/Jog/MF_Unarmed_Jog_Fwd_Right.uexp" 668
"C:/Users/dunnt/Documents/GitHub/UniGameProject1/OrbIt/Content/Characters/Mannequins/Anims/Unarmed/Jog/MF_Unarmed_Jog_Left.uasset" 669
"C:/Users/dunnt/Documents/GitHub/UniGameProject1/OrbIt/Content/Characters/Mannequins/Anims/Unarmed/Jog/MF_Unarmed_Jog_Left.uexp" 670
"C:/Users/dunnt/Documents/GitHub/UniGameProject1/OrbIt/Content/Characters/Mannequins/Anims/Unarmed/Jog/MF_Unarmed_Jog_Right.uasset" 671
"C:/Users/dunnt/Documents/GitHub/UniGameProject1/OrbIt/Content/Characters/Mannequins/Anims/Unarmed/Jog/MF_Unarmed_Jog_Right.uexp" 672
"C:/Users/dunnt/Documents/GitHub/UniGameProject1/OrbIt/Content/Characters/Mannequins/Anims/Unarmed/Walk/MF_Unarmed_Walk_Bwd.uasset" 673
"C:/Users/dunnt/Documents/GitHub/UniGameProject1/OrbIt/Content/Characters/Mannequins/Anims/Unarmed/Walk/MF_Unarmed_Walk_Bwd.uexp" 674
"C:/Users/dunnt/Documents/GitHub/UniGameProject1/OrbIt/Content/Characters/Mannequins/Anims/Unarmed/Walk/MF_Unarmed_Walk_Bwd_Left.uasset" 675
"C:/Users/dunnt/Documents/GitHub/UniGameProject1/OrbIt/Content/Characters/Mannequins/Anims/Unarmed/Walk/MF_Unarmed_Walk_Bwd_Left.uexp" 676
"C:/Users/dunnt/Documents/GitHub/UniGameProject1/OrbIt/Content/Characters/Mannequins/Anims/Unarmed/Walk/MF_Unarmed_Walk_Bwd_Right.uasset" 677
"C:/Users/dunnt/Documents/GitHub/UniGameProject1/OrbIt/Content/Characters/Mannequins/Anims/Unarmed/Walk/MF_Unarmed_Walk_Bwd_Right.uexp" 678
"C:/Users/dunnt/Documents/GitHub/UniGameProject1/OrbIt/Content/Characters/Mannequins/Anims/Unarmed/Walk/MF_Unarmed_Walk_Fwd.uasset" 679
"C:/Users/dunnt/Documents/GitHub/UniGameProject1/OrbIt/Content/Characters/Mannequins/Anims/Unarmed/Walk/MF_Unarmed_Walk_Fwd.uexp" 680
"C:/Users/dunnt/Documents/GitHub/UniGameProject1/OrbIt/Content/Characters/Mannequins/Anims/Unarmed/Walk/MF_Unarmed_Walk_Fwd_Left.uasset" 681
"C:/Users/dunnt/Documents/GitHub/UniGameProject1/OrbIt/Content/Characters/Mannequins/Anims/Unarmed/Walk/MF_Unarmed_Walk_Fwd_Left.uexp" 682
"C:/Users/dunnt/Documents/GitHub/UniGameProject1/OrbIt/Content/Characters/Mannequins/Anims/Unarmed/Walk/MF_Unarmed_Walk_Fwd_Right.uasset" 683
"C:/Users/dunnt/Documents/GitHub/UniGameProject1/OrbIt/Content/Characters/Mannequins/Anims/Unarmed/Walk/MF_Unarmed_Walk_Fwd_Right.uexp" 684
"C:/Users/dunnt/Documents/GitHub/UniGameProject1/OrbIt/Content/Characters/Mannequins/Anims/Unarmed/Walk/MF_Unarmed_Walk_Left.uasset" 685
"C:/Users/dunnt/Documents/GitHub/UniGameProject1/OrbIt/Content/Characters/Mannequins/Anims/Unarmed/Walk/MF_Unarmed_Walk_Left.uexp" 686
"C:/Users/dunnt/Documents/GitHub/UniGameProject1/OrbIt/Content/Characters/Mannequins/Anims/Unarmed/Walk/MF_Unarmed_Walk_Right.uasset" 687
"C:/Users/dunnt/Documents/GitHub/UniGameProject1/OrbIt/Content/Characters/Mannequins/Anims/Unarmed/Walk/MF_Unarmed_Walk_Right.uexp" 688
"C:/Users/dunnt/Documents/GitHub/UniGameProject1/OrbIt/Content/Characters/Mannequins/Anims/Unarmed/BS_Idle_Walk_Run.uasset" 689
"C:/Users/dunnt/Documents/GitHub/UniGameProject1/OrbIt/Content/Characters/Mannequins/Anims/Unarmed/BS_Idle_Walk_Run.uexp" 690
"C:/Users/dunnt/Documents/GitHub/UniGameProject1/OrbIt/Content/Characters/Mannequins/Anims/Unarmed/Jump/MM_Fall_Loop.uasset" 691
"C:/Users/dunnt/Documents/GitHub/UniGameProject1/OrbIt/Content/Characters/Mannequins/Anims/Unarmed/Jump/MM_Fall_Loop.uexp" 692
"C:/Users/dunnt/Documents/GitHub/UniGameProject1/OrbIt/Content/Characters/Mannequins/Anims/Unarmed/Jump/MM_Jump.uasset" 693
"C:/Users/dunnt/Documents/GitHub/UniGameProject1/OrbIt/Content/Characters/Mannequins/Anims/Unarmed/Jump/MM_Jump.uexp" 694
"C:/Users/dunnt/Documents/GitHub/UniGameProject1/OrbIt/Content/Characters/Mannequins/Anims/Unarmed/Jump/MM_Land.uasset" 695
"C:/Users/dunnt/Documents/GitHub/UniGameProject1/OrbIt/Content/Characters/Mannequins/Anims/Unarmed/Jump/MM_Land.uexp" 696
"C:/Users/dunnt/Documents/GitHub/UniGameProject1/OrbIt/Content/Characters/Mannequins/Anims/Unarmed/ABP_Unarmed.uasset" 697
"C:/Users/dunnt/Documents/GitHub/UniGameProject1/OrbIt/Content/Characters/Mannequins/Anims/Unarmed/ABP_Unarmed.uexp" 698
"C:/Users/dunnt/Documents/GitHub/UniGameProject1/OrbIt/Content/MainFolder/Fonts/Cute_Dino.uexp" 699
"C:/Users/dunnt/Documents/GitHub/UniGameProject1/OrbIt/Content/MainFolder/Fonts/Cute_Dino.uasset" 700
"C:/Users/dunnt/Documents/GitHub/UniGameProject1/OrbIt/Content/MainFolder/Fonts/Cute_Dino.ufont" 701
"C:/Users/dunnt/Documents/GitHub/UniGameProject1/OrbIt/Content/MainFolder/Fonts/Cute_Dino_Font.uasset" 702
"C:/Users/dunnt/Documents/GitHub/UniGameProject1/OrbIt/Content/MainFolder/Fonts/Cute_Dino_Font.uexp" 703
"C:/Users/dunnt/Documents/GitHub/UniGameProject1/OrbIt/Content/MainFolder/Blueprints/HUDs/WBP_PauseMenu.uasset" 704
"C:/Users/dunnt/Documents/GitHub/UniGameProject1/OrbIt/Content/MainFolder/Blueprints/HUDs/WBP_PauseMenu.uexp" 705
"C:/Users/dunnt/Documents/GitHub/UniGameProject1/OrbIt/Content/LevelPrototyping/Textures/T_Water.uasset" 706
"C:/Users/dunnt/Documents/GitHub/UniGameProject1/OrbIt/Content/LevelPrototyping/Textures/T_Water.uexp" 707
"C:/Users/dunnt/Documents/GitHub/UniGameProject1/OrbIt/Content/LevelPrototyping/Textures/T_Fire.uasset" 708
"C:/Users/dunnt/Documents/GitHub/UniGameProject1/OrbIt/Content/LevelPrototyping/Textures/T_Fire.uexp" 709
"C:/Users/dunnt/Documents/GitHub/UniGameProject1/OrbIt/Content/LevelPrototyping/Textures/T_Electric.uasset" 710
"C:/Users/dunnt/Documents/GitHub/UniGameProject1/OrbIt/Content/LevelPrototyping/Textures/T_Electric.uexp" 711
"C:/Users/dunnt/Documents/GitHub/UniGameProject1/OrbIt/Content/LevelPrototyping/Textures/T_Coin.ubulk" 712
"C:/Users/dunnt/Documents/GitHub/UniGameProject1/OrbIt/Content/LevelPrototyping/Textures/T_Coin.uasset" 713
"C:/Users/dunnt/Documents/GitHub/UniGameProject1/OrbIt/Content/LevelPrototyping/Textures/T_Coin.uexp" 714
"C:/Users/dunnt/Documents/GitHub/UniGameProject1/OrbIt/Content/MainFolder/Blueprints/HUDs/WBP_HUD.uasset" 715
"C:/Users/dunnt/Documents/GitHub/UniGameProject1/OrbIt/Content/MainFolder/Blueprints/HUDs/WBP_HUD.uexp" 716
"C:/Users/dunnt/Documents/GitHub/UniGameProject1/OrbIt/Content/MainFolder/Blueprints/BP_TopDownCharacter.uasset" 717
"C:/Users/dunnt/Documents/GitHub/UniGameProject1/OrbIt/Content/MainFolder/Blueprints/BP_TopDownCharacter.uexp" 718
"C:/Users/dunnt/Documents/GitHub/UniGameProject1/OrbIt/Content/LevelPrototyping/Materials/M_BlueColour.uasset" 719
"C:/Users/dunnt/Documents/GitHub/UniGameProject1/OrbIt/Content/LevelPrototyping/Materials/M_BlueColour.uexp" 720
"C:/Users/dunnt/Documents/GitHub/UniGameProject1/OrbIt/Content/MainFolder/Blueprints/Objects/BP_SpinObject.uasset" 721
"C:/Users/dunnt/Documents/GitHub/UniGameProject1/OrbIt/Content/MainFolder/Blueprints/Objects/BP_SpinObject.uexp" 722
"C:/Users/dunnt/Documents/GitHub/UniGameProject1/OrbIt/Content/MainFolder/WorldBuilding/Models/GLB_format/door-rotate/Textures/colormap.ubulk" 723
"C:/Users/dunnt/Documents/GitHub/UniGameProject1/OrbIt/Content/MainFolder/WorldBuilding/Models/GLB_format/door-rotate/Textures/colormap.uasset" 724
"C:/Users/dunnt/Documents/GitHub/UniGameProject1/OrbIt/Content/MainFolder/WorldBuilding/Models/GLB_format/door-rotate/Textures/colormap.uexp" 725
"C:/Users/dunnt/Documents/GitHub/UniGameProject1/OrbIt/Content/MainFolder/WorldBuilding/Models/OBJ_format/colormap.uasset" 726
"C:/Users/dunnt/Documents/GitHub/UniGameProject1/OrbIt/Content/MainFolder/WorldBuilding/Models/OBJ_format/colormap.uexp" 727
"C:/Users/dunnt/Documents/GitHub/UniGameProject1/OrbIt/Content/MainFolder/WorldBuilding/Models/OBJ_format/star.ubulk" 728
"C:/Users/dunnt/Documents/GitHub/UniGameProject1/OrbIt/Content/MainFolder/WorldBuilding/Models/OBJ_format/star.uasset" 729
"C:/Users/dunnt/Documents/GitHub/UniGameProject1/OrbIt/Content/MainFolder/WorldBuilding/Models/OBJ_format/star.uexp" 730
"C:/Users/dunnt/Documents/GitHub/UniGameProject1/OrbIt/Content/MainFolder/Music/SW_Win.ubulk" 731
"C:/Users/dunnt/Documents/GitHub/UniGameProject1/OrbIt/Content/MainFolder/Music/SW_Win.uasset" 732
"C:/Users/dunnt/Documents/GitHub/UniGameProject1/OrbIt/Content/MainFolder/Music/SW_Win.uexp" 733
"C:/Users/dunnt/Documents/GitHub/UniGameProject1/OrbIt/Content/MainFolder/Blueprints/HUDs/WBP_EndLevel.uasset" 734
"C:/Users/dunnt/Documents/GitHub/UniGameProject1/OrbIt/Content/MainFolder/Blueprints/HUDs/WBP_EndLevel.uexp" 735
"C:/Users/dunnt/Documents/GitHub/UniGameProject1/OrbIt/Content/MainFolder/Blueprints/Objects/BP_EndLevel.uasset" 736
"C:/Users/dunnt/Documents/GitHub/UniGameProject1/OrbIt/Content/MainFolder/Blueprints/Objects/BP_EndLevel.uexp" 737
"C:/Users/dunnt/Documents/GitHub/UniGameProject1/OrbIt/Content/LevelPrototyping/Materials/M_RedColour.uasset" 738
"C:/Users/dunnt/Documents/GitHub/UniGameProject1/OrbIt/Content/LevelPrototyping/Materials/M_RedColour.uexp" 739
"C:/Users/dunnt/Documents/GitHub/UniGameProject1/OrbIt/Content/MainFolder/Blueprints/Objects/BP_DoubleJumpObject.uasset" 740
"C:/Users/dunnt/Documents/GitHub/UniGameProject1/OrbIt/Content/MainFolder/Blueprints/Objects/BP_DoubleJumpObject.uexp" 741
"C:/Users/dunnt/Documents/GitHub/UniGameProject1/OrbIt/Content/LevelPrototyping/Materials/M_Coin.uasset" 742
"C:/Users/dunnt/Documents/GitHub/UniGameProject1/OrbIt/Content/LevelPrototyping/Materials/M_Coin.uexp" 743
"C:/Users/dunnt/Documents/GitHub/UniGameProject1/OrbIt/Content/MainFolder/Particles/NS_BreakCrate.uasset" 744
"C:/Users/dunnt/Documents/GitHub/UniGameProject1/OrbIt/Content/MainFolder/Particles/NS_BreakCrate.uexp" 745
"C:/Users/dunnt/Documents/GitHub/UniGameProject1/OrbIt/Content/MainFolder/Music/SW_CrateBreak.ubulk" 746
"C:/Users/dunnt/Documents/GitHub/UniGameProject1/OrbIt/Content/MainFolder/Music/SW_CrateBreak.uasset" 747
"C:/Users/dunnt/Documents/GitHub/UniGameProject1/OrbIt/Content/MainFolder/Music/SW_CrateBreak.uexp" 748
"C:/Users/dunnt/Documents/GitHub/UniGameProject1/OrbIt/Content/MainFolder/WorldBuilding/Models/OBJ_format/crate.ubulk" 749
"C:/Users/dunnt/Documents/GitHub/UniGameProject1/OrbIt/Content/MainFolder/WorldBuilding/Models/OBJ_format/crate.uasset" 750
"C:/Users/dunnt/Documents/GitHub/UniGameProject1/OrbIt/Content/MainFolder/WorldBuilding/Models/OBJ_format/crate.uexp" 751
"C:/Users/dunnt/Documents/GitHub/UniGameProject1/OrbIt/Content/MainFolder/Blueprints/Objects/BP_Crate.uasset" 752
"C:/Users/dunnt/Documents/GitHub/UniGameProject1/OrbIt/Content/MainFolder/Blueprints/Objects/BP_Crate.uexp" 753
"C:/Users/dunnt/Documents/GitHub/UniGameProject1/OrbIt/Content/MainFolder/Music/SW_CoinPickup.ubulk" 754
"C:/Users/dunnt/Documents/GitHub/UniGameProject1/OrbIt/Content/MainFolder/Music/SW_CoinPickup.uasset" 755
"C:/Users/dunnt/Documents/GitHub/UniGameProject1/OrbIt/Content/MainFolder/Music/SW_CoinPickup.uexp" 756
"C:/Users/dunnt/Documents/GitHub/UniGameProject1/OrbIt/Content/MainFolder/WorldBuilding/Models/OBJ_format/coin-gold.ubulk" 757
"C:/Users/dunnt/Documents/GitHub/UniGameProject1/OrbIt/Content/MainFolder/WorldBuilding/Models/OBJ_format/coin-gold.uasset" 758
"C:/Users/dunnt/Documents/GitHub/UniGameProject1/OrbIt/Content/MainFolder/WorldBuilding/Models/OBJ_format/coin-gold.uexp" 759
"C:/Users/dunnt/Documents/GitHub/UniGameProject1/OrbIt/Content/MainFolder/Blueprints/Objects/BP_Coin.uasset" 760
"C:/Users/dunnt/Documents/GitHub/UniGameProject1/OrbIt/Content/MainFolder/Blueprints/Objects/BP_Coin.uexp" 761
"../../../Engine/Content/BasicShapes/BasicShapeMaterial.uasset" 762
"../../../Engine/Content/BasicShapes/BasicShapeMaterial.uexp" 763
"C:/Users/dunnt/Documents/GitHub/UniGameProject1/OrbIt/Content/MainFolder/Blueprints/Objects/BP_Checkpoint.uasset" 764
"C:/Users/dunnt/Documents/GitHub/UniGameProject1/OrbIt/Content/MainFolder/Blueprints/Objects/BP_Checkpoint.uexp" 765
"../../../Engine/Content/Functions/Engine_MaterialFunctions01/Shading/PowerToRoughness.uasset" 766
"../../../Engine/Content/Functions/Engine_MaterialFunctions01/Shading/PowerToRoughness.uexp" 767
"../../../Engine/Content/Functions/Engine_MaterialFunctions01/Shading/ConvertFromDiffSpec.uasset" 768
"../../../Engine/Content/Functions/Engine_MaterialFunctions01/Shading/ConvertFromDiffSpec.uexp" 769
"C:/Users/dunnt/Documents/GitHub/UniGameProject1/OrbIt/Content/MainFolder/WorldBuilding/Models/FBX_format/colormap1.uasset" 770
"C:/Users/dunnt/Documents/GitHub/UniGameProject1/OrbIt/Content/MainFolder/WorldBuilding/Models/FBX_format/colormap1.uexp" 771
"C:/Users/dunnt/Documents/GitHub/UniGameProject1/OrbIt/Content/MainFolder/WorldBuilding/Models/FBX_format/tree.ubulk" 772
"C:/Users/dunnt/Documents/GitHub/UniGameProject1/OrbIt/Content/MainFolder/WorldBuilding/Models/FBX_format/tree.uasset" 773
"C:/Users/dunnt/Documents/GitHub/UniGameProject1/OrbIt/Content/MainFolder/WorldBuilding/Models/FBX_format/tree.uexp" 774
"C:/Users/dunnt/Documents/GitHub/UniGameProject1/OrbIt/Content/MainFolder/WorldBuilding/Models/FBX_format/tree-snow.ubulk" 775
"C:/Users/dunnt/Documents/GitHub/UniGameProject1/OrbIt/Content/MainFolder/WorldBuilding/Models/FBX_format/tree-snow.uasset" 776
"C:/Users/dunnt/Documents/GitHub/UniGameProject1/OrbIt/Content/MainFolder/WorldBuilding/Models/FBX_format/tree-snow.uexp" 777
"C:/Users/dunnt/Documents/GitHub/UniGameProject1/OrbIt/Content/MainFolder/WorldBuilding/Models/FBX_format/tree-pine.ubulk" 778
"C:/Users/dunnt/Documents/GitHub/UniGameProject1/OrbIt/Content/MainFolder/WorldBuilding/Models/FBX_format/tree-pine.uasset" 779
"C:/Users/dunnt/Documents/GitHub/UniGameProject1/OrbIt/Content/MainFolder/WorldBuilding/Models/FBX_format/tree-pine.uexp" 780
"C:/Users/dunnt/Documents/GitHub/UniGameProject1/OrbIt/Content/MainFolder/WorldBuilding/Models/FBX_format/tree-pine-snow.ubulk" 781
"C:/Users/dunnt/Documents/GitHub/UniGameProject1/OrbIt/Content/MainFolder/WorldBuilding/Models/FBX_format/tree-pine-snow.uasset" 782
"C:/Users/dunnt/Documents/GitHub/UniGameProject1/OrbIt/Content/MainFolder/WorldBuilding/Models/FBX_format/tree-pine-snow.uexp" 783
"C:/Users/dunnt/Documents/GitHub/UniGameProject1/OrbIt/Content/MainFolder/WorldBuilding/Models/FBX_format/tree-pine-snow-small.ubulk" 784
"C:/Users/dunnt/Documents/GitHub/UniGameProject1/OrbIt/Content/MainFolder/WorldBuilding/Models/FBX_format/tree-pine-snow-small.uasset" 785
"C:/Users/dunnt/Documents/GitHub/UniGameProject1/OrbIt/Content/MainFolder/WorldBuilding/Models/FBX_format/tree-pine-snow-small.uexp" 786
"C:/Users/dunnt/Documents/GitHub/UniGameProject1/OrbIt/Content/MainFolder/WorldBuilding/Models/FBX_format/tree-pine-small.ubulk" 787
"C:/Users/dunnt/Documents/GitHub/UniGameProject1/OrbIt/Content/MainFolder/WorldBuilding/Models/FBX_format/tree-pine-small.uasset" 788
"C:/Users/dunnt/Documents/GitHub/UniGameProject1/OrbIt/Content/MainFolder/WorldBuilding/Models/FBX_format/tree-pine-small.uexp" 789
"../../../Engine/Plugins/Animation/ACLPlugin/Content/ACLAnimBoneCompressionSettings.uasset" 790
"../../../Engine/Plugins/Animation/ACLPlugin/Content/ACLAnimBoneCompressionSettings.uexp" 791
"C:/Users/dunnt/Documents/GitHub/UniGameProject1/OrbIt/Content/MainFolder/WorldBuilding/Models/FBX_format/trap-spikes_Skeleton.uasset" 792
"C:/Users/dunnt/Documents/GitHub/UniGameProject1/OrbIt/Content/MainFolder/WorldBuilding/Models/FBX_format/trap-spikes_Skeleton.uexp" 793
"C:/Users/dunnt/Documents/GitHub/UniGameProject1/OrbIt/Content/MainFolder/WorldBuilding/Models/FBX_format/trap-spikes_Anim.uasset" 794
"C:/Users/dunnt/Documents/GitHub/UniGameProject1/OrbIt/Content/MainFolder/WorldBuilding/Models/FBX_format/trap-spikes_Anim.uexp" 795
"C:/Users/dunnt/Documents/GitHub/UniGameProject1/OrbIt/Content/MainFolder/WorldBuilding/Models/FBX_format/trap-spikes-large_Skeleton.uasset" 796
"C:/Users/dunnt/Documents/GitHub/UniGameProject1/OrbIt/Content/MainFolder/WorldBuilding/Models/FBX_format/trap-spikes-large_Skeleton.uexp" 797
"C:/Users/dunnt/Documents/GitHub/UniGameProject1/OrbIt/Content/MainFolder/WorldBuilding/Models/FBX_format/trap-spikes-large_Anim.uasset" 798
"C:/Users/dunnt/Documents/GitHub/UniGameProject1/OrbIt/Content/MainFolder/WorldBuilding/Models/FBX_format/trap-spikes-large_Anim.uexp" 799
"C:/Users/dunnt/Documents/GitHub/UniGameProject1/OrbIt/Content/MainFolder/WorldBuilding/Models/FBX_format/stones.ubulk" 800
"C:/Users/dunnt/Documents/GitHub/UniGameProject1/OrbIt/Content/MainFolder/WorldBuilding/Models/FBX_format/stones.uasset" 801
"C:/Users/dunnt/Documents/GitHub/UniGameProject1/OrbIt/Content/MainFolder/WorldBuilding/Models/FBX_format/stones.uexp" 802
"C:/Users/dunnt/Documents/GitHub/UniGameProject1/OrbIt/Content/MainFolder/WorldBuilding/Models/FBX_format/star.ubulk" 803
"C:/Users/dunnt/Documents/GitHub/UniGameProject1/OrbIt/Content/MainFolder/WorldBuilding/Models/FBX_format/star.uasset" 804
"C:/Users/dunnt/Documents/GitHub/UniGameProject1/OrbIt/Content/MainFolder/WorldBuilding/Models/FBX_format/star.uexp" 805
"C:/Users/dunnt/Documents/GitHub/UniGameProject1/OrbIt/Content/MainFolder/WorldBuilding/Models/FBX_format/spring_1.ubulk" 806
"C:/Users/dunnt/Documents/GitHub/UniGameProject1/OrbIt/Content/MainFolder/WorldBuilding/Models/FBX_format/spring_1.uasset" 807
"C:/Users/dunnt/Documents/GitHub/UniGameProject1/OrbIt/Content/MainFolder/WorldBuilding/Models/FBX_format/spring_1.uexp" 808
"C:/Users/dunnt/Documents/GitHub/UniGameProject1/OrbIt/Content/MainFolder/WorldBuilding/Models/FBX_format/spring.ubulk" 809
"C:/Users/dunnt/Documents/GitHub/UniGameProject1/OrbIt/Content/MainFolder/WorldBuilding/Models/FBX_format/spring.uasset" 810
"C:/Users/dunnt/Documents/GitHub/UniGameProject1/OrbIt/Content/MainFolder/WorldBuilding/Models/FBX_format/spring.uexp" 811
"C:/Users/dunnt/Documents/GitHub/UniGameProject1/OrbIt/Content/MainFolder/WorldBuilding/Models/FBX_format/spike-block.ubulk" 812
"C:/Users/dunnt/Documents/GitHub/UniGameProject1/OrbIt/Content/MainFolder/WorldBuilding/Models/FBX_format/spike-block.uasset" 813
"C:/Users/dunnt/Documents/GitHub/UniGameProject1/OrbIt/Content/MainFolder/WorldBuilding/Models/FBX_format/spike-block.uexp" 814
"C:/Users/dunnt/Documents/GitHub/UniGameProject1/OrbIt/Content/MainFolder/WorldBuilding/Models/FBX_format/spike-block-wide.ubulk" 815
"C:/Users/dunnt/Documents/GitHub/UniGameProject1/OrbIt/Content/MainFolder/WorldBuilding/Models/FBX_format/spike-block-wide.uasset" 816
"C:/Users/dunnt/Documents/GitHub/UniGameProject1/OrbIt/Content/MainFolder/WorldBuilding/Models/FBX_format/spike-block-wide.uexp" 817
"C:/Users/dunnt/Documents/GitHub/UniGameProject1/OrbIt/Content/MainFolder/WorldBuilding/Models/FBX_format/sign.ubulk" 818
"C:/Users/dunnt/Documents/GitHub/UniGameProject1/OrbIt/Content/MainFolder/WorldBuilding/Models/FBX_format/sign.uasset" 819
"C:/Users/dunnt/Documents/GitHub/UniGameProject1/OrbIt/Content/MainFolder/WorldBuilding/Models/FBX_format/sign.uexp" 820
"C:/Users/dunnt/Documents/GitHub/UniGameProject1/OrbIt/Content/MainFolder/WorldBuilding/Models/FBX_format/saw.ubulk" 821
"C:/Users/dunnt/Documents/GitHub/UniGameProject1/OrbIt/Content/MainFolder/WorldBuilding/Models/FBX_format/saw.uasset" 822
"C:/Users/dunnt/Documents/GitHub/UniGameProject1/OrbIt/Content/MainFolder/WorldBuilding/Models/FBX_format/saw.uexp" 823
"C:/Users/dunnt/Documents/GitHub/UniGameProject1/OrbIt/Content/MainFolder/WorldBuilding/Models/FBX_format/rocks.ubulk" 824
"C:/Users/dunnt/Documents/GitHub/UniGameProject1/OrbIt/Content/MainFolder/WorldBuilding/Models/FBX_format/rocks.uasset" 825
"C:/Users/dunnt/Documents/GitHub/UniGameProject1/OrbIt/Content/MainFolder/WorldBuilding/Models/FBX_format/rocks.uexp" 826
"C:/Users/dunnt/Documents/GitHub/UniGameProject1/OrbIt/Content/MainFolder/WorldBuilding/Models/FBX_format/poles.ubulk" 827
"C:/Users/dunnt/Documents/GitHub/UniGameProject1/OrbIt/Content/MainFolder/WorldBuilding/Models/FBX_format/poles.uasset" 828
"C:/Users/dunnt/Documents/GitHub/UniGameProject1/OrbIt/Content/MainFolder/WorldBuilding/Models/FBX_format/poles.uexp" 829
"C:/Users/dunnt/Documents/GitHub/UniGameProject1/OrbIt/Content/MainFolder/WorldBuilding/Models/FBX_format/platform.ubulk" 830
"C:/Users/dunnt/Documents/GitHub/UniGameProject1/OrbIt/Content/MainFolder/WorldBuilding/Models/FBX_format/platform.uasset" 831
"C:/Users/dunnt/Documents/GitHub/UniGameProject1/OrbIt/Content/MainFolder/WorldBuilding/Models/FBX_format/platform.uexp" 832
"C:/Users/dunnt/Documents/GitHub/UniGameProject1/OrbIt/Content/MainFolder/WorldBuilding/Models/FBX_format/platform-ramp.ubulk" 833
"C:/Users/dunnt/Documents/GitHub/UniGameProject1/OrbIt/Content/MainFolder/WorldBuilding/Models/FBX_format/platform-ramp.uasset" 834
"C:/Users/dunnt/Documents/GitHub/UniGameProject1/OrbIt/Content/MainFolder/WorldBuilding/Models/FBX_format/platform-ramp.uexp" 835
"C:/Users/dunnt/Documents/GitHub/UniGameProject1/OrbIt/Content/MainFolder/WorldBuilding/Models/FBX_format/platform-overhang.ubulk" 836
"C:/Users/dunnt/Documents/GitHub/UniGameProject1/OrbIt/Content/MainFolder/WorldBuilding/Models/FBX_format/platform-overhang.uasset" 837
"C:/Users/dunnt/Documents/GitHub/UniGameProject1/OrbIt/Content/MainFolder/WorldBuilding/Models/FBX_format/platform-overhang.uexp" 838
"C:/Users/dunnt/Documents/GitHub/UniGameProject1/OrbIt/Content/MainFolder/WorldBuilding/Models/FBX_format/platform-fortified.ubulk" 839
"C:/Users/dunnt/Documents/GitHub/UniGameProject1/OrbIt/Content/MainFolder/WorldBuilding/Models/FBX_format/platform-fortified.uasset" 840
"C:/Users/dunnt/Documents/GitHub/UniGameProject1/OrbIt/Content/MainFolder/WorldBuilding/Models/FBX_format/platform-fortified.uexp" 841
"C:/Users/dunnt/Documents/GitHub/UniGameProject1/OrbIt/Content/MainFolder/WorldBuilding/Models/FBX_format/plant.ubulk" 842
"C:/Users/dunnt/Documents/GitHub/UniGameProject1/OrbIt/Content/MainFolder/WorldBuilding/Models/FBX_format/plant.uasset" 843
"C:/Users/dunnt/Documents/GitHub/UniGameProject1/OrbIt/Content/MainFolder/WorldBuilding/Models/FBX_format/plant.uexp" 844
"C:/Users/dunnt/Documents/GitHub/UniGameProject1/OrbIt/Content/MainFolder/WorldBuilding/Models/FBX_format/pipe.ubulk" 845
"C:/Users/dunnt/Documents/GitHub/UniGameProject1/OrbIt/Content/MainFolder/WorldBuilding/Models/FBX_format/pipe.uasset" 846
"C:/Users/dunnt/Documents/GitHub/UniGameProject1/OrbIt/Content/MainFolder/WorldBuilding/Models/FBX_format/pipe.uexp" 847
"C:/Users/dunnt/Documents/GitHub/UniGameProject1/OrbIt/Content/MainFolder/WorldBuilding/Models/FBX_format/mushrooms.ubulk" 848
"C:/Users/dunnt/Documents/GitHub/UniGameProject1/OrbIt/Content/MainFolder/WorldBuilding/Models/FBX_format/mushrooms.uasset" 849
"C:/Users/dunnt/Documents/GitHub/UniGameProject1/OrbIt/Content/MainFolder/WorldBuilding/Models/FBX_format/mushrooms.uexp" 850
"C:/Users/dunnt/Documents/GitHub/UniGameProject1/OrbIt/Content/MainFolder/WorldBuilding/Models/FBX_format/lock.ubulk" 851
"C:/Users/dunnt/Documents/GitHub/UniGameProject1/OrbIt/Content/MainFolder/WorldBuilding/Models/FBX_format/lock.uasset" 852
"C:/Users/dunnt/Documents/GitHub/UniGameProject1/OrbIt/Content/MainFolder/WorldBuilding/Models/FBX_format/lock.uexp" 853
"C:/Users/dunnt/Documents/GitHub/UniGameProject1/OrbIt/Content/MainFolder/WorldBuilding/Models/FBX_format/lever_Skeleton.uasset" 854
"C:/Users/dunnt/Documents/GitHub/UniGameProject1/OrbIt/Content/MainFolder/WorldBuilding/Models/FBX_format/lever_Skeleton.uexp" 855
"C:/Users/dunnt/Documents/GitHub/UniGameProject1/OrbIt/Content/MainFolder/WorldBuilding/Models/FBX_format/lever_Anim.uasset" 856
"C:/Users/dunnt/Documents/GitHub/UniGameProject1/OrbIt/Content/MainFolder/WorldBuilding/Models/FBX_format/lever_Anim.uexp" 857
"C:/Users/dunnt/Documents/GitHub/UniGameProject1/OrbIt/Content/MainFolder/WorldBuilding/Models/FBX_format/ladder.ubulk" 858
"C:/Users/dunnt/Documents/GitHub/UniGameProject1/OrbIt/Content/MainFolder/WorldBuilding/Models/FBX_format/ladder.uasset" 859
"C:/Users/dunnt/Documents/GitHub/UniGameProject1/OrbIt/Content/MainFolder/WorldBuilding/Models/FBX_format/ladder.uexp" 860
"C:/Users/dunnt/Documents/GitHub/UniGameProject1/OrbIt/Content/MainFolder/WorldBuilding/Models/FBX_format/ladder-long.ubulk" 861
"C:/Users/dunnt/Documents/GitHub/UniGameProject1/OrbIt/Content/MainFolder/WorldBuilding/Models/FBX_format/ladder-long.uasset" 862
"C:/Users/dunnt/Documents/GitHub/UniGameProject1/OrbIt/Content/MainFolder/WorldBuilding/Models/FBX_format/ladder-long.uexp" 863
"C:/Users/dunnt/Documents/GitHub/UniGameProject1/OrbIt/Content/MainFolder/WorldBuilding/Models/FBX_format/ladder-broken.ubulk" 864
"C:/Users/dunnt/Documents/GitHub/UniGameProject1/OrbIt/Content/MainFolder/WorldBuilding/Models/FBX_format/ladder-broken.uasset" 865
"C:/Users/dunnt/Documents/GitHub/UniGameProject1/OrbIt/Content/MainFolder/WorldBuilding/Models/FBX_format/ladder-broken.uexp" 866
"C:/Users/dunnt/Documents/GitHub/UniGameProject1/OrbIt/Content/MainFolder/WorldBuilding/Models/FBX_format/key.ubulk" 867
"C:/Users/dunnt/Documents/GitHub/UniGameProject1/OrbIt/Content/MainFolder/WorldBuilding/Models/FBX_format/key.uasset" 868
"C:/Users/dunnt/Documents/GitHub/UniGameProject1/OrbIt/Content/MainFolder/WorldBuilding/Models/FBX_format/key.uexp" 869
"C:/Users/dunnt/Documents/GitHub/UniGameProject1/OrbIt/Content/MainFolder/WorldBuilding/Models/FBX_format/jewel.ubulk" 870
"C:/Users/dunnt/Documents/GitHub/UniGameProject1/OrbIt/Content/MainFolder/WorldBuilding/Models/FBX_format/jewel.uasset" 871
"C:/Users/dunnt/Documents/GitHub/UniGameProject1/OrbIt/Content/MainFolder/WorldBuilding/Models/FBX_format/jewel.uexp" 872
"C:/Users/dunnt/Documents/GitHub/UniGameProject1/OrbIt/Content/MainFolder/WorldBuilding/Models/FBX_format/hedge.ubulk" 873
"C:/Users/dunnt/Documents/GitHub/UniGameProject1/OrbIt/Content/MainFolder/WorldBuilding/Models/FBX_format/hedge.uasset" 874
"C:/Users/dunnt/Documents/GitHub/UniGameProject1/OrbIt/Content/MainFolder/WorldBuilding/Models/FBX_format/hedge.uexp" 875
"C:/Users/dunnt/Documents/GitHub/UniGameProject1/OrbIt/Content/MainFolder/WorldBuilding/Models/FBX_format/hedge-corner.ubulk" 876
"C:/Users/dunnt/Documents/GitHub/UniGameProject1/OrbIt/Content/MainFolder/WorldBuilding/Models/FBX_format/hedge-corner.uasset" 877
"C:/Users/dunnt/Documents/GitHub/UniGameProject1/OrbIt/Content/MainFolder/WorldBuilding/Models/FBX_format/hedge-corner.uexp" 878
"C:/Users/dunnt/Documents/GitHub/UniGameProject1/OrbIt/Content/MainFolder/WorldBuilding/Models/FBX_format/heart.ubulk" 879
"C:/Users/dunnt/Documents/GitHub/UniGameProject1/OrbIt/Content/MainFolder/WorldBuilding/Models/FBX_format/heart.uasset" 880
"C:/Users/dunnt/Documents/GitHub/UniGameProject1/OrbIt/Content/MainFolder/WorldBuilding/Models/FBX_format/heart.uexp" 881
"C:/Users/dunnt/Documents/GitHub/UniGameProject1/OrbIt/Content/MainFolder/WorldBuilding/Models/FBX_format/grass.ubulk" 882
"C:/Users/dunnt/Documents/GitHub/UniGameProject1/OrbIt/Content/MainFolder/WorldBuilding/Models/FBX_format/grass.uasset" 883
"C:/Users/dunnt/Documents/GitHub/UniGameProject1/OrbIt/Content/MainFolder/WorldBuilding/Models/FBX_format/grass.uexp" 884
"C:/Users/dunnt/Documents/GitHub/UniGameProject1/OrbIt/Content/MainFolder/WorldBuilding/Models/FBX_format/flowers.ubulk" 885
"C:/Users/dunnt/Documents/GitHub/UniGameProject1/OrbIt/Content/MainFolder/WorldBuilding/Models/FBX_format/flowers.uasset" 886
"C:/Users/dunnt/Documents/GitHub/UniGameProject1/OrbIt/Content/MainFolder/WorldBuilding/Models/FBX_format/flowers.uexp" 887
"C:/Users/dunnt/Documents/GitHub/UniGameProject1/OrbIt/Content/MainFolder/WorldBuilding/Models/FBX_format/flowers-tall.ubulk" 888
"C:/Users/dunnt/Documents/GitHub/UniGameProject1/OrbIt/Content/MainFolder/WorldBuilding/Models/FBX_format/flowers-tall.uasset" 889
"C:/Users/dunnt/Documents/GitHub/UniGameProject1/OrbIt/Content/MainFolder/WorldBuilding/Models/FBX_format/flowers-tall.uexp" 890
"C:/Users/dunnt/Documents/GitHub/UniGameProject1/OrbIt/Content/MainFolder/WorldBuilding/Models/FBX_format/flag.ubulk" 891
"C:/Users/dunnt/Documents/GitHub/UniGameProject1/OrbIt/Content/MainFolder/WorldBuilding/Models/FBX_format/flag.uasset" 892
"C:/Users/dunnt/Documents/GitHub/UniGameProject1/OrbIt/Content/MainFolder/WorldBuilding/Models/FBX_format/flag.uexp" 893
"C:/Users/dunnt/Documents/GitHub/UniGameProject1/OrbIt/Content/MainFolder/WorldBuilding/Models/FBX_format/fence-straight.ubulk" 894
"C:/Users/dunnt/Documents/GitHub/UniGameProject1/OrbIt/Content/MainFolder/WorldBuilding/Models/FBX_format/fence-straight.uasset" 895
"C:/Users/dunnt/Documents/GitHub/UniGameProject1/OrbIt/Content/MainFolder/WorldBuilding/Models/FBX_format/fence-straight.uexp" 896
"C:/Users/dunnt/Documents/GitHub/UniGameProject1/OrbIt/Content/MainFolder/WorldBuilding/Models/FBX_format/fence-rope.ubulk" 897
"C:/Users/dunnt/Documents/GitHub/UniGameProject1/OrbIt/Content/MainFolder/WorldBuilding/Models/FBX_format/fence-rope.uasset" 898
"C:/Users/dunnt/Documents/GitHub/UniGameProject1/OrbIt/Content/MainFolder/WorldBuilding/Models/FBX_format/fence-rope.uexp" 899
"C:/Users/dunnt/Documents/GitHub/UniGameProject1/OrbIt/Content/MainFolder/WorldBuilding/Models/FBX_format/fence-low-straight.ubulk" 900
"C:/Users/dunnt/Documents/GitHub/UniGameProject1/OrbIt/Content/MainFolder/WorldBuilding/Models/FBX_format/fence-low-straight.uasset" 901
"C:/Users/dunnt/Documents/GitHub/UniGameProject1/OrbIt/Content/MainFolder/WorldBuilding/Models/FBX_format/fence-low-straight.uexp" 902
"C:/Users/dunnt/Documents/GitHub/UniGameProject1/OrbIt/Content/MainFolder/WorldBuilding/Models/FBX_format/fence-low-corner.ubulk" 903
"C:/Users/dunnt/Documents/GitHub/UniGameProject1/OrbIt/Content/MainFolder/WorldBuilding/Models/FBX_format/fence-low-corner.uasset" 904
"C:/Users/dunnt/Documents/GitHub/UniGameProject1/OrbIt/Content/MainFolder/WorldBuilding/Models/FBX_format/fence-low-corner.uexp" 905
"C:/Users/dunnt/Documents/GitHub/UniGameProject1/OrbIt/Content/MainFolder/WorldBuilding/Models/FBX_format/fence-low-corner-curved.ubulk" 906
"C:/Users/dunnt/Documents/GitHub/UniGameProject1/OrbIt/Content/MainFolder/WorldBuilding/Models/FBX_format/fence-low-corner-curved.uasset" 907
"C:/Users/dunnt/Documents/GitHub/UniGameProject1/OrbIt/Content/MainFolder/WorldBuilding/Models/FBX_format/fence-low-corner-curved.uexp" 908
"C:/Users/dunnt/Documents/GitHub/UniGameProject1/OrbIt/Content/MainFolder/WorldBuilding/Models/FBX_format/fence-low-broken.ubulk" 909
"C:/Users/dunnt/Documents/GitHub/UniGameProject1/OrbIt/Content/MainFolder/WorldBuilding/Models/FBX_format/fence-low-broken.uasset" 910
"C:/Users/dunnt/Documents/GitHub/UniGameProject1/OrbIt/Content/MainFolder/WorldBuilding/Models/FBX_format/fence-low-broken.uexp" 911
"C:/Users/dunnt/Documents/GitHub/UniGameProject1/OrbIt/Content/MainFolder/WorldBuilding/Models/FBX_format/fence-corner.ubulk" 912
"C:/Users/dunnt/Documents/GitHub/UniGameProject1/OrbIt/Content/MainFolder/WorldBuilding/Models/FBX_format/fence-corner.uasset" 913
"C:/Users/dunnt/Documents/GitHub/UniGameProject1/OrbIt/Content/MainFolder/WorldBuilding/Models/FBX_format/fence-corner.uexp" 914
"C:/Users/dunnt/Documents/GitHub/UniGameProject1/OrbIt/Content/MainFolder/WorldBuilding/Models/FBX_format/fence-corner-curved.ubulk" 915
"C:/Users/dunnt/Documents/GitHub/UniGameProject1/OrbIt/Content/MainFolder/WorldBuilding/Models/FBX_format/fence-corner-curved.uasset" 916
"C:/Users/dunnt/Documents/GitHub/UniGameProject1/OrbIt/Content/MainFolder/WorldBuilding/Models/FBX_format/fence-corner-curved.uexp" 917
"C:/Users/dunnt/Documents/GitHub/UniGameProject1/OrbIt/Content/MainFolder/WorldBuilding/Models/FBX_format/fence-broken.ubulk" 918
"C:/Users/dunnt/Documents/GitHub/UniGameProject1/OrbIt/Content/MainFolder/WorldBuilding/Models/FBX_format/fence-broken.uasset" 919
"C:/Users/dunnt/Documents/GitHub/UniGameProject1/OrbIt/Content/MainFolder/WorldBuilding/Models/FBX_format/fence-broken.uexp" 920
"C:/Users/dunnt/Documents/GitHub/UniGameProject1/OrbIt/Content/MainFolder/WorldBuilding/Models/FBX_format/door-rotate_Skeleton.uasset" 921
"C:/Users/dunnt/Documents/GitHub/UniGameProject1/OrbIt/Content/MainFolder/WorldBuilding/Models/FBX_format/door-rotate_Skeleton.uexp" 922
"C:/Users/dunnt/Documents/GitHub/UniGameProject1/OrbIt/Content/MainFolder/WorldBuilding/Models/FBX_format/door-rotate_Anim.uasset" 923
"C:/Users/dunnt/Documents/GitHub/UniGameProject1/OrbIt/Content/MainFolder/WorldBuilding/Models/FBX_format/door-rotate_Anim.uexp" 924
"C:/Users/dunnt/Documents/GitHub/UniGameProject1/OrbIt/Content/MainFolder/WorldBuilding/Models/FBX_format/door-rotate-large_Skeleton.uasset" 925
"C:/Users/dunnt/Documents/GitHub/UniGameProject1/OrbIt/Content/MainFolder/WorldBuilding/Models/FBX_format/door-rotate-large_Skeleton.uexp" 926
"C:/Users/dunnt/Documents/GitHub/UniGameProject1/OrbIt/Content/MainFolder/WorldBuilding/Models/FBX_format/door-rotate-large_Anim.uasset" 927
"C:/Users/dunnt/Documents/GitHub/UniGameProject1/OrbIt/Content/MainFolder/WorldBuilding/Models/FBX_format/door-rotate-large_Anim.uexp" 928
"C:/Users/dunnt/Documents/GitHub/UniGameProject1/OrbIt/Content/MainFolder/WorldBuilding/Models/FBX_format/door-open.ubulk" 929
"C:/Users/dunnt/Documents/GitHub/UniGameProject1/OrbIt/Content/MainFolder/WorldBuilding/Models/FBX_format/door-open.uasset" 930
"C:/Users/dunnt/Documents/GitHub/UniGameProject1/OrbIt/Content/MainFolder/WorldBuilding/Models/FBX_format/door-open.uexp" 931
"C:/Users/dunnt/Documents/GitHub/UniGameProject1/OrbIt/Content/MainFolder/WorldBuilding/Models/FBX_format/door-large-open.ubulk" 932
"C:/Users/dunnt/Documents/GitHub/UniGameProject1/OrbIt/Content/MainFolder/WorldBuilding/Models/FBX_format/door-large-open.uasset" 933
"C:/Users/dunnt/Documents/GitHub/UniGameProject1/OrbIt/Content/MainFolder/WorldBuilding/Models/FBX_format/door-large-open.uexp" 934
"C:/Users/dunnt/Documents/GitHub/UniGameProject1/OrbIt/Content/MainFolder/WorldBuilding/Models/FBX_format/crate.ubulk" 935
"C:/Users/dunnt/Documents/GitHub/UniGameProject1/OrbIt/Content/MainFolder/WorldBuilding/Models/FBX_format/crate.uasset" 936
"C:/Users/dunnt/Documents/GitHub/UniGameProject1/OrbIt/Content/MainFolder/WorldBuilding/Models/FBX_format/crate.uexp" 937
"C:/Users/dunnt/Documents/GitHub/UniGameProject1/OrbIt/Content/MainFolder/WorldBuilding/Models/FBX_format/crate-strong.ubulk" 938
"C:/Users/dunnt/Documents/GitHub/UniGameProject1/OrbIt/Content/MainFolder/WorldBuilding/Models/FBX_format/crate-strong.uasset" 939
"C:/Users/dunnt/Documents/GitHub/UniGameProject1/OrbIt/Content/MainFolder/WorldBuilding/Models/FBX_format/crate-strong.uexp" 940
"C:/Users/dunnt/Documents/GitHub/UniGameProject1/OrbIt/Content/MainFolder/WorldBuilding/Models/FBX_format/crate-item.ubulk" 941
"C:/Users/dunnt/Documents/GitHub/UniGameProject1/OrbIt/Content/MainFolder/WorldBuilding/Models/FBX_format/crate-item.uasset" 942
"C:/Users/dunnt/Documents/GitHub/UniGameProject1/OrbIt/Content/MainFolder/WorldBuilding/Models/FBX_format/crate-item.uexp" 943
"C:/Users/dunnt/Documents/GitHub/UniGameProject1/OrbIt/Content/MainFolder/WorldBuilding/Models/FBX_format/crate-item-strong.ubulk" 944
"C:/Users/dunnt/Documents/GitHub/UniGameProject1/OrbIt/Content/MainFolder/WorldBuilding/Models/FBX_format/crate-item-strong.uasset" 945
"C:/Users/dunnt/Documents/GitHub/UniGameProject1/OrbIt/Content/MainFolder/WorldBuilding/Models/FBX_format/crate-item-strong.uexp" 946
"C:/Users/dunnt/Documents/GitHub/UniGameProject1/OrbIt/Content/MainFolder/WorldBuilding/Models/FBX_format/conveyor-belt.ubulk" 947
"C:/Users/dunnt/Documents/GitHub/UniGameProject1/OrbIt/Content/MainFolder/WorldBuilding/Models/FBX_format/conveyor-belt.uasset" 948
"C:/Users/dunnt/Documents/GitHub/UniGameProject1/OrbIt/Content/MainFolder/WorldBuilding/Models/FBX_format/conveyor-belt.uexp" 949
"C:/Users/dunnt/Documents/GitHub/UniGameProject1/OrbIt/Content/MainFolder/WorldBuilding/Models/FBX_format/coin-silver.ubulk" 950
"C:/Users/dunnt/Documents/GitHub/UniGameProject1/OrbIt/Content/MainFolder/WorldBuilding/Models/FBX_format/coin-silver.uasset" 951
"C:/Users/dunnt/Documents/GitHub/UniGameProject1/OrbIt/Content/MainFolder/WorldBuilding/Models/FBX_format/coin-silver.uexp" 952
"C:/Users/dunnt/Documents/GitHub/UniGameProject1/OrbIt/Content/MainFolder/WorldBuilding/Models/FBX_format/coin-gold.ubulk" 953
"C:/Users/dunnt/Documents/GitHub/UniGameProject1/OrbIt/Content/MainFolder/WorldBuilding/Models/FBX_format/coin-gold.uasset" 954
"C:/Users/dunnt/Documents/GitHub/UniGameProject1/OrbIt/Content/MainFolder/WorldBuilding/Models/FBX_format/coin-gold.uexp" 955
"C:/Users/dunnt/Documents/GitHub/UniGameProject1/OrbIt/Content/MainFolder/WorldBuilding/Models/FBX_format/coin-bronze.ubulk" 956
"C:/Users/dunnt/Documents/GitHub/UniGameProject1/OrbIt/Content/MainFolder/WorldBuilding/Models/FBX_format/coin-bronze.uasset" 957
"C:/Users/dunnt/Documents/GitHub/UniGameProject1/OrbIt/Content/MainFolder/WorldBuilding/Models/FBX_format/coin-bronze.uexp" 958
"C:/Users/dunnt/Documents/GitHub/UniGameProject1/OrbIt/Content/MainFolder/WorldBuilding/Models/FBX_format/chest_Skeleton.uasset" 959
"C:/Users/dunnt/Documents/GitHub/UniGameProject1/OrbIt/Content/MainFolder/WorldBuilding/Models/FBX_format/chest_Skeleton.uexp" 960
"C:/Users/dunnt/Documents/GitHub/UniGameProject1/OrbIt/Content/MainFolder/WorldBuilding/Models/FBX_format/chest_Anim.uasset" 961
"C:/Users/dunnt/Documents/GitHub/UniGameProject1/OrbIt/Content/MainFolder/WorldBuilding/Models/FBX_format/chest_Anim.uexp" 962
"C:/Users/dunnt/Documents/GitHub/UniGameProject1/OrbIt/Content/MainFolder/WorldBuilding/Models/FBX_format/character-oozi_Skeleton.uasset" 963
"C:/Users/dunnt/Documents/GitHub/UniGameProject1/OrbIt/Content/MainFolder/WorldBuilding/Models/FBX_format/character-oozi_Skeleton.uexp" 964
"C:/Users/dunnt/Documents/GitHub/UniGameProject1/OrbIt/Content/MainFolder/WorldBuilding/Models/FBX_format/character-oozi_Anim_walk.uasset" 965
"C:/Users/dunnt/Documents/GitHub/UniGameProject1/OrbIt/Content/MainFolder/WorldBuilding/Models/FBX_format/character-oozi_Anim_walk.uexp" 966
"C:/Users/dunnt/Documents/GitHub/UniGameProject1/OrbIt/Content/MainFolder/WorldBuilding/Models/FBX_format/character-oozi_Anim_static.uasset" 967
"C:/Users/dunnt/Documents/GitHub/UniGameProject1/OrbIt/Content/MainFolder/WorldBuilding/Models/FBX_format/character-oozi_Anim_static.uexp" 968
"C:/Users/dunnt/Documents/GitHub/UniGameProject1/OrbIt/Content/MainFolder/WorldBuilding/Models/FBX_format/character-oozi_Anim_sprint.uasset" 969
"C:/Users/dunnt/Documents/GitHub/UniGameProject1/OrbIt/Content/MainFolder/WorldBuilding/Models/FBX_format/character-oozi_Anim_sprint.uexp" 970
"C:/Users/dunnt/Documents/GitHub/UniGameProject1/OrbIt/Content/MainFolder/WorldBuilding/Models/FBX_format/character-oozi_Anim_sit.uasset" 971
"C:/Users/dunnt/Documents/GitHub/UniGameProject1/OrbIt/Content/MainFolder/WorldBuilding/Models/FBX_format/character-oozi_Anim_sit.uexp" 972
"C:/Users/dunnt/Documents/GitHub/UniGameProject1/OrbIt/Content/MainFolder/WorldBuilding/Models/FBX_format/character-oozi_Anim_pick-up.uasset" 973
"C:/Users/dunnt/Documents/GitHub/UniGameProject1/OrbIt/Content/MainFolder/WorldBuilding/Models/FBX_format/character-oozi_Anim_pick-up.uexp" 974
"C:/Users/dunnt/Documents/GitHub/UniGameProject1/OrbIt/Content/MainFolder/WorldBuilding/Models/FBX_format/character-oozi_Anim_jump.uasset" 975
"C:/Users/dunnt/Documents/GitHub/UniGameProject1/OrbIt/Content/MainFolder/WorldBuilding/Models/FBX_format/character-oozi_Anim_jump.uexp" 976
"C:/Users/dunnt/Documents/GitHub/UniGameProject1/OrbIt/Content/MainFolder/WorldBuilding/Models/FBX_format/character-oozi_Anim_interact-right.uasset" 977
"C:/Users/dunnt/Documents/GitHub/UniGameProject1/OrbIt/Content/MainFolder/WorldBuilding/Models/FBX_format/character-oozi_Anim_interact-right.uexp" 978
"C:/Users/dunnt/Documents/GitHub/UniGameProject1/OrbIt/Content/MainFolder/WorldBuilding/Models/FBX_format/character-oozi_Anim_interact-left.uasset" 979
"C:/Users/dunnt/Documents/GitHub/UniGameProject1/OrbIt/Content/MainFolder/WorldBuilding/Models/FBX_format/character-oozi_Anim_interact-left.uexp" 980
"C:/Users/dunnt/Documents/GitHub/UniGameProject1/OrbIt/Content/MainFolder/WorldBuilding/Models/FBX_format/character-oozi_Anim_idle.uasset" 981
"C:/Users/dunnt/Documents/GitHub/UniGameProject1/OrbIt/Content/MainFolder/WorldBuilding/Models/FBX_format/character-oozi_Anim_idle.uexp" 982
"C:/Users/dunnt/Documents/GitHub/UniGameProject1/OrbIt/Content/MainFolder/WorldBuilding/Models/FBX_format/character-oozi_Anim_holding-right.uasset" 983
"C:/Users/dunnt/Documents/GitHub/UniGameProject1/OrbIt/Content/MainFolder/WorldBuilding/Models/FBX_format/character-oozi_Anim_holding-right.uexp" 984
"C:/Users/dunnt/Documents/GitHub/UniGameProject1/OrbIt/Content/MainFolder/WorldBuilding/Models/FBX_format/character-oozi_Anim_holding-right-shoot.uasset" 985
"C:/Users/dunnt/Documents/GitHub/UniGameProject1/OrbIt/Content/MainFolder/WorldBuilding/Models/FBX_format/character-oozi_Anim_holding-right-shoot.uexp" 986
"C:/Users/dunnt/Documents/GitHub/UniGameProject1/OrbIt/Content/MainFolder/WorldBuilding/Models/FBX_format/character-oozi_Anim_holding-left.uasset" 987
"C:/Users/dunnt/Documents/GitHub/UniGameProject1/OrbIt/Content/MainFolder/WorldBuilding/Models/FBX_format/character-oozi_Anim_holding-left.uexp" 988
"C:/Users/dunnt/Documents/GitHub/UniGameProject1/OrbIt/Content/MainFolder/WorldBuilding/Models/FBX_format/character-oozi_Anim_holding-left-shoot.uasset" 989
"C:/Users/dunnt/Documents/GitHub/UniGameProject1/OrbIt/Content/MainFolder/WorldBuilding/Models/FBX_format/character-oozi_Anim_holding-left-shoot.uexp" 990
"C:/Users/dunnt/Documents/GitHub/UniGameProject1/OrbIt/Content/MainFolder/WorldBuilding/Models/FBX_format/character-oozi_Anim_holding-both.uasset" 991
"C:/Users/dunnt/Documents/GitHub/UniGameProject1/OrbIt/Content/MainFolder/WorldBuilding/Models/FBX_format/character-oozi_Anim_holding-both.uexp" 992
"C:/Users/dunnt/Documents/GitHub/UniGameProject1/OrbIt/Content/MainFolder/WorldBuilding/Models/FBX_format/character-oozi_Anim_holding-both-shoot.uasset" 993
"C:/Users/dunnt/Documents/GitHub/UniGameProject1/OrbIt/Content/MainFolder/WorldBuilding/Models/FBX_format/character-oozi_Anim_holding-both-shoot.uexp" 994
"C:/Users/dunnt/Documents/GitHub/UniGameProject1/OrbIt/Content/MainFolder/WorldBuilding/Models/FBX_format/character-oozi_Anim_fall.uasset" 995
"C:/Users/dunnt/Documents/GitHub/UniGameProject1/OrbIt/Content/MainFolder/WorldBuilding/Models/FBX_format/character-oozi_Anim_fall.uexp" 996
"C:/Users/dunnt/Documents/GitHub/UniGameProject1/OrbIt/Content/MainFolder/WorldBuilding/Models/FBX_format/character-oozi_Anim_emote-yes.uasset" 997
"C:/Users/dunnt/Documents/GitHub/UniGameProject1/OrbIt/Content/MainFolder/WorldBuilding/Models/FBX_format/character-oozi_Anim_emote-yes.uexp" 998
"C:/Users/dunnt/Documents/GitHub/UniGameProject1/OrbIt/Content/MainFolder/WorldBuilding/Models/FBX_format/character-oozi_Anim_emote-no.uasset" 999
"C:/Users/dunnt/Documents/GitHub/UniGameProject1/OrbIt/Content/MainFolder/WorldBuilding/Models/FBX_format/character-oozi_Anim_emote-no.uexp" 1000
"C:/Users/dunnt/Documents/GitHub/UniGameProject1/OrbIt/Content/MainFolder/WorldBuilding/Models/FBX_format/character-oozi_Anim_drive.uasset" 1001
"C:/Users/dunnt/Documents/GitHub/UniGameProject1/OrbIt/Content/MainFolder/WorldBuilding/Models/FBX_format/character-oozi_Anim_drive.uexp" 1002
"C:/Users/dunnt/Documents/GitHub/UniGameProject1/OrbIt/Content/MainFolder/WorldBuilding/Models/FBX_format/character-oozi_Anim_die.uasset" 1003
"C:/Users/dunnt/Documents/GitHub/UniGameProject1/OrbIt/Content/MainFolder/WorldBuilding/Models/FBX_format/character-oozi_Anim_die.uexp" 1004
"C:/Users/dunnt/Documents/GitHub/UniGameProject1/OrbIt/Content/MainFolder/WorldBuilding/Models/FBX_format/character-oozi_Anim_crouch.uasset" 1005
"C:/Users/dunnt/Documents/GitHub/UniGameProject1/OrbIt/Content/MainFolder/WorldBuilding/Models/FBX_format/character-oozi_Anim_crouch.uexp" 1006
"C:/Users/dunnt/Documents/GitHub/UniGameProject1/OrbIt/Content/MainFolder/WorldBuilding/Models/FBX_format/character-oozi_Anim_attack-melee-right.uasset" 1007
"C:/Users/dunnt/Documents/GitHub/UniGameProject1/OrbIt/Content/MainFolder/WorldBuilding/Models/FBX_format/character-oozi_Anim_attack-melee-right.uexp" 1008
"C:/Users/dunnt/Documents/GitHub/UniGameProject1/OrbIt/Content/MainFolder/WorldBuilding/Models/FBX_format/character-oozi_Anim_attack-melee-left.uasset" 1009
"C:/Users/dunnt/Documents/GitHub/UniGameProject1/OrbIt/Content/MainFolder/WorldBuilding/Models/FBX_format/character-oozi_Anim_attack-melee-left.uexp" 1010
"C:/Users/dunnt/Documents/GitHub/UniGameProject1/OrbIt/Content/MainFolder/WorldBuilding/Models/FBX_format/character-oozi_Anim_attack-kick-right.uasset" 1011
"C:/Users/dunnt/Documents/GitHub/UniGameProject1/OrbIt/Content/MainFolder/WorldBuilding/Models/FBX_format/character-oozi_Anim_attack-kick-right.uexp" 1012
"C:/Users/dunnt/Documents/GitHub/UniGameProject1/OrbIt/Content/MainFolder/WorldBuilding/Models/FBX_format/character-oozi_Anim_attack-kick-left.uasset" 1013
"C:/Users/dunnt/Documents/GitHub/UniGameProject1/OrbIt/Content/MainFolder/WorldBuilding/Models/FBX_format/character-oozi_Anim_attack-kick-left.uexp" 1014
"C:/Users/dunnt/Documents/GitHub/UniGameProject1/OrbIt/Content/MainFolder/WorldBuilding/Models/FBX_format/character-oopi_Skeleton.uasset" 1015
"C:/Users/dunnt/Documents/GitHub/UniGameProject1/OrbIt/Content/MainFolder/WorldBuilding/Models/FBX_format/character-oopi_Skeleton.uexp" 1016
"C:/Users/dunnt/Documents/GitHub/UniGameProject1/OrbIt/Content/MainFolder/WorldBuilding/Models/FBX_format/character-oopi_Anim_walk.uasset" 1017
"C:/Users/dunnt/Documents/GitHub/UniGameProject1/OrbIt/Content/MainFolder/WorldBuilding/Models/FBX_format/character-oopi_Anim_walk.uexp" 1018
"C:/Users/dunnt/Documents/GitHub/UniGameProject1/OrbIt/Content/MainFolder/WorldBuilding/Models/FBX_format/character-oopi_Anim_static.uasset" 1019
"C:/Users/dunnt/Documents/GitHub/UniGameProject1/OrbIt/Content/MainFolder/WorldBuilding/Models/FBX_format/character-oopi_Anim_static.uexp" 1020
"C:/Users/dunnt/Documents/GitHub/UniGameProject1/OrbIt/Content/MainFolder/WorldBuilding/Models/FBX_format/character-oopi_Anim_sprint.uasset" 1021
"C:/Users/dunnt/Documents/GitHub/UniGameProject1/OrbIt/Content/MainFolder/WorldBuilding/Models/FBX_format/character-oopi_Anim_sprint.uexp" 1022
"C:/Users/dunnt/Documents/GitHub/UniGameProject1/OrbIt/Content/MainFolder/WorldBuilding/Models/FBX_format/character-oopi_Anim_sit.uasset" 1023
"C:/Users/dunnt/Documents/GitHub/UniGameProject1/OrbIt/Content/MainFolder/WorldBuilding/Models/FBX_format/character-oopi_Anim_sit.uexp" 1024
"C:/Users/dunnt/Documents/GitHub/UniGameProject1/OrbIt/Content/MainFolder/WorldBuilding/Models/FBX_format/character-oopi_Anim_pick-up.uasset" 1025
"C:/Users/dunnt/Documents/GitHub/UniGameProject1/OrbIt/Content/MainFolder/WorldBuilding/Models/FBX_format/character-oopi_Anim_pick-up.uexp" 1026
"C:/Users/dunnt/Documents/GitHub/UniGameProject1/OrbIt/Content/MainFolder/WorldBuilding/Models/FBX_format/character-oopi_Anim_jump.uasset" 1027
"C:/Users/dunnt/Documents/GitHub/UniGameProject1/OrbIt/Content/MainFolder/WorldBuilding/Models/FBX_format/character-oopi_Anim_jump.uexp" 1028
"C:/Users/dunnt/Documents/GitHub/UniGameProject1/OrbIt/Content/MainFolder/WorldBuilding/Models/FBX_format/character-oopi_Anim_interact-right.uasset" 1029
"C:/Users/dunnt/Documents/GitHub/UniGameProject1/OrbIt/Content/MainFolder/WorldBuilding/Models/FBX_format/character-oopi_Anim_interact-right.uexp" 1030
"C:/Users/dunnt/Documents/GitHub/UniGameProject1/OrbIt/Content/MainFolder/WorldBuilding/Models/FBX_format/character-oopi_Anim_interact-left.uasset" 1031
"C:/Users/dunnt/Documents/GitHub/UniGameProject1/OrbIt/Content/MainFolder/WorldBuilding/Models/FBX_format/character-oopi_Anim_interact-left.uexp" 1032
"C:/Users/dunnt/Documents/GitHub/UniGameProject1/OrbIt/Content/MainFolder/WorldBuilding/Models/FBX_format/character-oopi_Anim_idle.uasset" 1033
"C:/Users/dunnt/Documents/GitHub/UniGameProject1/OrbIt/Content/MainFolder/WorldBuilding/Models/FBX_format/character-oopi_Anim_idle.uexp" 1034
"C:/Users/dunnt/Documents/GitHub/UniGameProject1/OrbIt/Content/MainFolder/WorldBuilding/Models/FBX_format/character-oopi_Anim_holding-right.uasset" 1035
"C:/Users/dunnt/Documents/GitHub/UniGameProject1/OrbIt/Content/MainFolder/WorldBuilding/Models/FBX_format/character-oopi_Anim_holding-right.uexp" 1036
"C:/Users/dunnt/Documents/GitHub/UniGameProject1/OrbIt/Content/MainFolder/WorldBuilding/Models/FBX_format/character-oopi_Anim_holding-right-shoot.uasset" 1037
"C:/Users/dunnt/Documents/GitHub/UniGameProject1/OrbIt/Content/MainFolder/WorldBuilding/Models/FBX_format/character-oopi_Anim_holding-right-shoot.uexp" 1038
"C:/Users/dunnt/Documents/GitHub/UniGameProject1/OrbIt/Content/MainFolder/WorldBuilding/Models/FBX_format/character-oopi_Anim_holding-left.uasset" 1039
"C:/Users/dunnt/Documents/GitHub/UniGameProject1/OrbIt/Content/MainFolder/WorldBuilding/Models/FBX_format/character-oopi_Anim_holding-left.uexp" 1040
"C:/Users/dunnt/Documents/GitHub/UniGameProject1/OrbIt/Content/MainFolder/WorldBuilding/Models/FBX_format/character-oopi_Anim_holding-left-shoot.uasset" 1041
"C:/Users/dunnt/Documents/GitHub/UniGameProject1/OrbIt/Content/MainFolder/WorldBuilding/Models/FBX_format/character-oopi_Anim_holding-left-shoot.uexp" 1042
"C:/Users/dunnt/Documents/GitHub/UniGameProject1/OrbIt/Content/MainFolder/WorldBuilding/Models/FBX_format/character-oopi_Anim_holding-both.uasset" 1043
"C:/Users/dunnt/Documents/GitHub/UniGameProject1/OrbIt/Content/MainFolder/WorldBuilding/Models/FBX_format/character-oopi_Anim_holding-both.uexp" 1044
"C:/Users/dunnt/Documents/GitHub/UniGameProject1/OrbIt/Content/MainFolder/WorldBuilding/Models/FBX_format/character-oopi_Anim_holding-both-shoot.uasset" 1045
"C:/Users/dunnt/Documents/GitHub/UniGameProject1/OrbIt/Content/MainFolder/WorldBuilding/Models/FBX_format/character-oopi_Anim_holding-both-shoot.uexp" 1046
"C:/Users/dunnt/Documents/GitHub/UniGameProject1/OrbIt/Content/MainFolder/WorldBuilding/Models/FBX_format/character-oopi_Anim_fall.uasset" 1047
"C:/Users/dunnt/Documents/GitHub/UniGameProject1/OrbIt/Content/MainFolder/WorldBuilding/Models/FBX_format/character-oopi_Anim_fall.uexp" 1048
"C:/Users/dunnt/Documents/GitHub/UniGameProject1/OrbIt/Content/MainFolder/WorldBuilding/Models/FBX_format/character-oopi_Anim_emote-yes.uasset" 1049
"C:/Users/dunnt/Documents/GitHub/UniGameProject1/OrbIt/Content/MainFolder/WorldBuilding/Models/FBX_format/character-oopi_Anim_emote-yes.uexp" 1050
"C:/Users/dunnt/Documents/GitHub/UniGameProject1/OrbIt/Content/MainFolder/WorldBuilding/Models/FBX_format/character-oopi_Anim_emote-no.uasset" 1051
"C:/Users/dunnt/Documents/GitHub/UniGameProject1/OrbIt/Content/MainFolder/WorldBuilding/Models/FBX_format/character-oopi_Anim_emote-no.uexp" 1052
"C:/Users/dunnt/Documents/GitHub/UniGameProject1/OrbIt/Content/MainFolder/WorldBuilding/Models/FBX_format/character-oopi_Anim_drive.uasset" 1053
"C:/Users/dunnt/Documents/GitHub/UniGameProject1/OrbIt/Content/MainFolder/WorldBuilding/Models/FBX_format/character-oopi_Anim_drive.uexp" 1054
"C:/Users/dunnt/Documents/GitHub/UniGameProject1/OrbIt/Content/MainFolder/WorldBuilding/Models/FBX_format/character-oopi_Anim_die.uasset" 1055
"C:/Users/dunnt/Documents/GitHub/UniGameProject1/OrbIt/Content/MainFolder/WorldBuilding/Models/FBX_format/character-oopi_Anim_die.uexp" 1056
"C:/Users/dunnt/Documents/GitHub/UniGameProject1/OrbIt/Content/MainFolder/WorldBuilding/Models/FBX_format/character-oopi_Anim_crouch.uasset" 1057
"C:/Users/dunnt/Documents/GitHub/UniGameProject1/OrbIt/Content/MainFolder/WorldBuilding/Models/FBX_format/character-oopi_Anim_crouch.uexp" 1058
"C:/Users/dunnt/Documents/GitHub/UniGameProject1/OrbIt/Content/MainFolder/WorldBuilding/Models/FBX_format/character-oopi_Anim_attack-melee-right.uasset" 1059
"C:/Users/dunnt/Documents/GitHub/UniGameProject1/OrbIt/Content/MainFolder/WorldBuilding/Models/FBX_format/character-oopi_Anim_attack-melee-right.uexp" 1060
"C:/Users/dunnt/Documents/GitHub/UniGameProject1/OrbIt/Content/MainFolder/WorldBuilding/Models/FBX_format/character-oopi_Anim_attack-melee-left.uasset" 1061
"C:/Users/dunnt/Documents/GitHub/UniGameProject1/OrbIt/Content/MainFolder/WorldBuilding/Models/FBX_format/character-oopi_Anim_attack-melee-left.uexp" 1062
"C:/Users/dunnt/Documents/GitHub/UniGameProject1/OrbIt/Content/MainFolder/WorldBuilding/Models/FBX_format/character-oopi_Anim_attack-kick-right.uasset" 1063
"C:/Users/dunnt/Documents/GitHub/UniGameProject1/OrbIt/Content/MainFolder/WorldBuilding/Models/FBX_format/character-oopi_Anim_attack-kick-right.uexp" 1064
"C:/Users/dunnt/Documents/GitHub/UniGameProject1/OrbIt/Content/MainFolder/WorldBuilding/Models/FBX_format/character-oopi_Anim_attack-kick-left.uasset" 1065
"C:/Users/dunnt/Documents/GitHub/UniGameProject1/OrbIt/Content/MainFolder/WorldBuilding/Models/FBX_format/character-oopi_Anim_attack-kick-left.uexp" 1066
"C:/Users/dunnt/Documents/GitHub/UniGameProject1/OrbIt/Content/MainFolder/WorldBuilding/Models/FBX_format/character-ooli_Skeleton.uasset" 1067
"C:/Users/dunnt/Documents/GitHub/UniGameProject1/OrbIt/Content/MainFolder/WorldBuilding/Models/FBX_format/character-ooli_Skeleton.uexp" 1068
"C:/Users/dunnt/Documents/GitHub/UniGameProject1/OrbIt/Content/MainFolder/WorldBuilding/Models/FBX_format/character-ooli_Anim_walk.uasset" 1069
"C:/Users/dunnt/Documents/GitHub/UniGameProject1/OrbIt/Content/MainFolder/WorldBuilding/Models/FBX_format/character-ooli_Anim_walk.uexp" 1070
"C:/Users/dunnt/Documents/GitHub/UniGameProject1/OrbIt/Content/MainFolder/WorldBuilding/Models/FBX_format/character-ooli_Anim_static.uasset" 1071
"C:/Users/dunnt/Documents/GitHub/UniGameProject1/OrbIt/Content/MainFolder/WorldBuilding/Models/FBX_format/character-ooli_Anim_static.uexp" 1072
"C:/Users/dunnt/Documents/GitHub/UniGameProject1/OrbIt/Content/MainFolder/WorldBuilding/Models/FBX_format/character-ooli_Anim_sprint.uasset" 1073
"C:/Users/dunnt/Documents/GitHub/UniGameProject1/OrbIt/Content/MainFolder/WorldBuilding/Models/FBX_format/character-ooli_Anim_sprint.uexp" 1074
"C:/Users/dunnt/Documents/GitHub/UniGameProject1/OrbIt/Content/MainFolder/WorldBuilding/Models/FBX_format/character-ooli_Anim_sit.uasset" 1075
"C:/Users/dunnt/Documents/GitHub/UniGameProject1/OrbIt/Content/MainFolder/WorldBuilding/Models/FBX_format/character-ooli_Anim_sit.uexp" 1076
"C:/Users/dunnt/Documents/GitHub/UniGameProject1/OrbIt/Content/MainFolder/WorldBuilding/Models/FBX_format/character-ooli_Anim_pick-up.uasset" 1077
"C:/Users/dunnt/Documents/GitHub/UniGameProject1/OrbIt/Content/MainFolder/WorldBuilding/Models/FBX_format/character-ooli_Anim_pick-up.uexp" 1078
"C:/Users/dunnt/Documents/GitHub/UniGameProject1/OrbIt/Content/MainFolder/WorldBuilding/Models/FBX_format/character-ooli_Anim_jump.uasset" 1079
"C:/Users/dunnt/Documents/GitHub/UniGameProject1/OrbIt/Content/MainFolder/WorldBuilding/Models/FBX_format/character-ooli_Anim_jump.uexp" 1080
"C:/Users/dunnt/Documents/GitHub/UniGameProject1/OrbIt/Content/MainFolder/WorldBuilding/Models/FBX_format/character-ooli_Anim_interact-right.uasset" 1081
"C:/Users/dunnt/Documents/GitHub/UniGameProject1/OrbIt/Content/MainFolder/WorldBuilding/Models/FBX_format/character-ooli_Anim_interact-right.uexp" 1082
"C:/Users/dunnt/Documents/GitHub/UniGameProject1/OrbIt/Content/MainFolder/WorldBuilding/Models/FBX_format/character-ooli_Anim_interact-left.uasset" 1083
"C:/Users/dunnt/Documents/GitHub/UniGameProject1/OrbIt/Content/MainFolder/WorldBuilding/Models/FBX_format/character-ooli_Anim_interact-left.uexp" 1084
"C:/Users/dunnt/Documents/GitHub/UniGameProject1/OrbIt/Content/MainFolder/WorldBuilding/Models/FBX_format/character-ooli_Anim_idle.uasset" 1085
"C:/Users/dunnt/Documents/GitHub/UniGameProject1/OrbIt/Content/MainFolder/WorldBuilding/Models/FBX_format/character-ooli_Anim_idle.uexp" 1086
"C:/Users/dunnt/Documents/GitHub/UniGameProject1/OrbIt/Content/MainFolder/WorldBuilding/Models/FBX_format/character-ooli_Anim_holding-right.uasset" 1087
"C:/Users/dunnt/Documents/GitHub/UniGameProject1/OrbIt/Content/MainFolder/WorldBuilding/Models/FBX_format/character-ooli_Anim_holding-right.uexp" 1088
"C:/Users/dunnt/Documents/GitHub/UniGameProject1/OrbIt/Content/MainFolder/WorldBuilding/Models/FBX_format/character-ooli_Anim_holding-right-shoot.uasset" 1089
"C:/Users/dunnt/Documents/GitHub/UniGameProject1/OrbIt/Content/MainFolder/WorldBuilding/Models/FBX_format/character-ooli_Anim_holding-right-shoot.uexp" 1090
"C:/Users/dunnt/Documents/GitHub/UniGameProject1/OrbIt/Content/MainFolder/WorldBuilding/Models/FBX_format/character-ooli_Anim_holding-left.uasset" 1091
"C:/Users/dunnt/Documents/GitHub/UniGameProject1/OrbIt/Content/MainFolder/WorldBuilding/Models/FBX_format/character-ooli_Anim_holding-left.uexp" 1092
"C:/Users/dunnt/Documents/GitHub/UniGameProject1/OrbIt/Content/MainFolder/WorldBuilding/Models/FBX_format/character-ooli_Anim_holding-left-shoot.uasset" 1093
"C:/Users/dunnt/Documents/GitHub/UniGameProject1/OrbIt/Content/MainFolder/WorldBuilding/Models/FBX_format/character-ooli_Anim_holding-left-shoot.uexp" 1094
"C:/Users/dunnt/Documents/GitHub/UniGameProject1/OrbIt/Content/MainFolder/WorldBuilding/Models/FBX_format/character-ooli_Anim_holding-both.uasset" 1095
"C:/Users/dunnt/Documents/GitHub/UniGameProject1/OrbIt/Content/MainFolder/WorldBuilding/Models/FBX_format/character-ooli_Anim_holding-both.uexp" 1096
"C:/Users/dunnt/Documents/GitHub/UniGameProject1/OrbIt/Content/MainFolder/WorldBuilding/Models/FBX_format/character-ooli_Anim_holding-both-shoot.uasset" 1097
"C:/Users/dunnt/Documents/GitHub/UniGameProject1/OrbIt/Content/MainFolder/WorldBuilding/Models/FBX_format/character-ooli_Anim_holding-both-shoot.uexp" 1098
"C:/Users/dunnt/Documents/GitHub/UniGameProject1/OrbIt/Content/MainFolder/WorldBuilding/Models/FBX_format/character-ooli_Anim_fall.uasset" 1099
"C:/Users/dunnt/Documents/GitHub/UniGameProject1/OrbIt/Content/MainFolder/WorldBuilding/Models/FBX_format/character-ooli_Anim_fall.uexp" 1100
"C:/Users/dunnt/Documents/GitHub/UniGameProject1/OrbIt/Content/MainFolder/WorldBuilding/Models/FBX_format/character-ooli_Anim_emote-yes.uasset" 1101
"C:/Users/dunnt/Documents/GitHub/UniGameProject1/OrbIt/Content/MainFolder/WorldBuilding/Models/FBX_format/character-ooli_Anim_emote-yes.uexp" 1102
"C:/Users/dunnt/Documents/GitHub/UniGameProject1/OrbIt/Content/MainFolder/WorldBuilding/Models/FBX_format/character-ooli_Anim_emote-no.uasset" 1103
"C:/Users/dunnt/Documents/GitHub/UniGameProject1/OrbIt/Content/MainFolder/WorldBuilding/Models/FBX_format/character-ooli_Anim_emote-no.uexp" 1104
"C:/Users/dunnt/Documents/GitHub/UniGameProject1/OrbIt/Content/MainFolder/WorldBuilding/Models/FBX_format/character-ooli_Anim_drive.uasset" 1105
"C:/Users/dunnt/Documents/GitHub/UniGameProject1/OrbIt/Content/MainFolder/WorldBuilding/Models/FBX_format/character-ooli_Anim_drive.uexp" 1106
"C:/Users/dunnt/Documents/GitHub/UniGameProject1/OrbIt/Content/MainFolder/WorldBuilding/Models/FBX_format/character-ooli_Anim_die.uasset" 1107
"C:/Users/dunnt/Documents/GitHub/UniGameProject1/OrbIt/Content/MainFolder/WorldBuilding/Models/FBX_format/character-ooli_Anim_die.uexp" 1108
"C:/Users/dunnt/Documents/GitHub/UniGameProject1/OrbIt/Content/MainFolder/WorldBuilding/Models/FBX_format/character-ooli_Anim_crouch.uasset" 1109
"C:/Users/dunnt/Documents/GitHub/UniGameProject1/OrbIt/Content/MainFolder/WorldBuilding/Models/FBX_format/character-ooli_Anim_crouch.uexp" 1110
"C:/Users/dunnt/Documents/GitHub/UniGameProject1/OrbIt/Content/MainFolder/WorldBuilding/Models/FBX_format/character-ooli_Anim_attack-melee-right.uasset" 1111
"C:/Users/dunnt/Documents/GitHub/UniGameProject1/OrbIt/Content/MainFolder/WorldBuilding/Models/FBX_format/character-ooli_Anim_attack-melee-right.uexp" 1112
"C:/Users/dunnt/Documents/GitHub/UniGameProject1/OrbIt/Content/MainFolder/WorldBuilding/Models/FBX_format/character-ooli_Anim_attack-melee-left.uasset" 1113
"C:/Users/dunnt/Documents/GitHub/UniGameProject1/OrbIt/Content/MainFolder/WorldBuilding/Models/FBX_format/character-ooli_Anim_attack-melee-left.uexp" 1114
"C:/Users/dunnt/Documents/GitHub/UniGameProject1/OrbIt/Content/MainFolder/WorldBuilding/Models/FBX_format/character-ooli_Anim_attack-kick-right.uasset" 1115
"C:/Users/dunnt/Documents/GitHub/UniGameProject1/OrbIt/Content/MainFolder/WorldBuilding/Models/FBX_format/character-ooli_Anim_attack-kick-right.uexp" 1116
"C:/Users/dunnt/Documents/GitHub/UniGameProject1/OrbIt/Content/MainFolder/WorldBuilding/Models/FBX_format/character-ooli_Anim_attack-kick-left.uasset" 1117
"C:/Users/dunnt/Documents/GitHub/UniGameProject1/OrbIt/Content/MainFolder/WorldBuilding/Models/FBX_format/character-ooli_Anim_attack-kick-left.uexp" 1118
"C:/Users/dunnt/Documents/GitHub/UniGameProject1/OrbIt/Content/MainFolder/WorldBuilding/Models/FBX_format/character-oodi_Skeleton.uasset" 1119
"C:/Users/dunnt/Documents/GitHub/UniGameProject1/OrbIt/Content/MainFolder/WorldBuilding/Models/FBX_format/character-oodi_Skeleton.uexp" 1120
"C:/Users/dunnt/Documents/GitHub/UniGameProject1/OrbIt/Content/MainFolder/WorldBuilding/Models/FBX_format/character-oodi_Anim_walk.uasset" 1121
"C:/Users/dunnt/Documents/GitHub/UniGameProject1/OrbIt/Content/MainFolder/WorldBuilding/Models/FBX_format/character-oodi_Anim_walk.uexp" 1122
"C:/Users/dunnt/Documents/GitHub/UniGameProject1/OrbIt/Content/MainFolder/WorldBuilding/Models/FBX_format/character-oodi_Anim_static.uasset" 1123
"C:/Users/dunnt/Documents/GitHub/UniGameProject1/OrbIt/Content/MainFolder/WorldBuilding/Models/FBX_format/character-oodi_Anim_static.uexp" 1124
"C:/Users/dunnt/Documents/GitHub/UniGameProject1/OrbIt/Content/MainFolder/WorldBuilding/Models/FBX_format/character-oodi_Anim_sprint.uasset" 1125
"C:/Users/dunnt/Documents/GitHub/UniGameProject1/OrbIt/Content/MainFolder/WorldBuilding/Models/FBX_format/character-oodi_Anim_sprint.uexp" 1126
"C:/Users/dunnt/Documents/GitHub/UniGameProject1/OrbIt/Content/MainFolder/WorldBuilding/Models/FBX_format/character-oodi_Anim_sit.uasset" 1127
"C:/Users/dunnt/Documents/GitHub/UniGameProject1/OrbIt/Content/MainFolder/WorldBuilding/Models/FBX_format/character-oodi_Anim_sit.uexp" 1128
"C:/Users/dunnt/Documents/GitHub/UniGameProject1/OrbIt/Content/MainFolder/WorldBuilding/Models/FBX_format/character-oodi_Anim_pick-up.uasset" 1129
"C:/Users/dunnt/Documents/GitHub/UniGameProject1/OrbIt/Content/MainFolder/WorldBuilding/Models/FBX_format/character-oodi_Anim_pick-up.uexp" 1130
"C:/Users/dunnt/Documents/GitHub/UniGameProject1/OrbIt/Content/MainFolder/WorldBuilding/Models/FBX_format/character-oodi_Anim_jump.uasset" 1131
"C:/Users/dunnt/Documents/GitHub/UniGameProject1/OrbIt/Content/MainFolder/WorldBuilding/Models/FBX_format/character-oodi_Anim_jump.uexp" 1132
"C:/Users/dunnt/Documents/GitHub/UniGameProject1/OrbIt/Content/MainFolder/WorldBuilding/Models/FBX_format/character-oodi_Anim_interact-right.uasset" 1133
"C:/Users/dunnt/Documents/GitHub/UniGameProject1/OrbIt/Content/MainFolder/WorldBuilding/Models/FBX_format/character-oodi_Anim_interact-right.uexp" 1134
"C:/Users/dunnt/Documents/GitHub/UniGameProject1/OrbIt/Content/MainFolder/WorldBuilding/Models/FBX_format/character-oodi_Anim_interact-left.uasset" 1135
"C:/Users/dunnt/Documents/GitHub/UniGameProject1/OrbIt/Content/MainFolder/WorldBuilding/Models/FBX_format/character-oodi_Anim_interact-left.uexp" 1136
"C:/Users/dunnt/Documents/GitHub/UniGameProject1/OrbIt/Content/MainFolder/WorldBuilding/Models/FBX_format/character-oodi_Anim_idle.uasset" 1137
"C:/Users/dunnt/Documents/GitHub/UniGameProject1/OrbIt/Content/MainFolder/WorldBuilding/Models/FBX_format/character-oodi_Anim_idle.uexp" 1138
"C:/Users/dunnt/Documents/GitHub/UniGameProject1/OrbIt/Content/MainFolder/WorldBuilding/Models/FBX_format/character-oodi_Anim_holding-right.uasset" 1139
"C:/Users/dunnt/Documents/GitHub/UniGameProject1/OrbIt/Content/MainFolder/WorldBuilding/Models/FBX_format/character-oodi_Anim_holding-right.uexp" 1140
"C:/Users/dunnt/Documents/GitHub/UniGameProject1/OrbIt/Content/MainFolder/WorldBuilding/Models/FBX_format/character-oodi_Anim_holding-right-shoot.uasset" 1141
"C:/Users/dunnt/Documents/GitHub/UniGameProject1/OrbIt/Content/MainFolder/WorldBuilding/Models/FBX_format/character-oodi_Anim_holding-right-shoot.uexp" 1142
"C:/Users/dunnt/Documents/GitHub/UniGameProject1/OrbIt/Content/MainFolder/WorldBuilding/Models/FBX_format/character-oodi_Anim_holding-left.uasset" 1143
"C:/Users/dunnt/Documents/GitHub/UniGameProject1/OrbIt/Content/MainFolder/WorldBuilding/Models/FBX_format/character-oodi_Anim_holding-left.uexp" 1144
"C:/Users/dunnt/Documents/GitHub/UniGameProject1/OrbIt/Content/MainFolder/WorldBuilding/Models/FBX_format/character-oodi_Anim_holding-left-shoot.uasset" 1145
"C:/Users/dunnt/Documents/GitHub/UniGameProject1/OrbIt/Content/MainFolder/WorldBuilding/Models/FBX_format/character-oodi_Anim_holding-left-shoot.uexp" 1146
"C:/Users/dunnt/Documents/GitHub/UniGameProject1/OrbIt/Content/MainFolder/WorldBuilding/Models/FBX_format/character-oodi_Anim_holding-both.uasset" 1147
"C:/Users/dunnt/Documents/GitHub/UniGameProject1/OrbIt/Content/MainFolder/WorldBuilding/Models/FBX_format/character-oodi_Anim_holding-both.uexp" 1148
"C:/Users/dunnt/Documents/GitHub/UniGameProject1/OrbIt/Content/MainFolder/WorldBuilding/Models/FBX_format/character-oodi_Anim_holding-both-shoot.uasset" 1149
"C:/Users/dunnt/Documents/GitHub/UniGameProject1/OrbIt/Content/MainFolder/WorldBuilding/Models/FBX_format/character-oodi_Anim_holding-both-shoot.uexp" 1150
"C:/Users/dunnt/Documents/GitHub/UniGameProject1/OrbIt/Content/MainFolder/WorldBuilding/Models/FBX_format/character-oodi_Anim_fall.uasset" 1151
"C:/Users/dunnt/Documents/GitHub/UniGameProject1/OrbIt/Content/MainFolder/WorldBuilding/Models/FBX_format/character-oodi_Anim_fall.uexp" 1152
"C:/Users/dunnt/Documents/GitHub/UniGameProject1/OrbIt/Content/MainFolder/WorldBuilding/Models/FBX_format/character-oodi_Anim_emote-yes.uasset" 1153
"C:/Users/dunnt/Documents/GitHub/UniGameProject1/OrbIt/Content/MainFolder/WorldBuilding/Models/FBX_format/character-oodi_Anim_emote-yes.uexp" 1154
"C:/Users/dunnt/Documents/GitHub/UniGameProject1/OrbIt/Content/MainFolder/WorldBuilding/Models/FBX_format/character-oodi_Anim_emote-no.uasset" 1155
"C:/Users/dunnt/Documents/GitHub/UniGameProject1/OrbIt/Content/MainFolder/WorldBuilding/Models/FBX_format/character-oodi_Anim_emote-no.uexp" 1156
"C:/Users/dunnt/Documents/GitHub/UniGameProject1/OrbIt/Content/MainFolder/WorldBuilding/Models/FBX_format/character-oodi_Anim_drive.uasset" 1157
"C:/Users/dunnt/Documents/GitHub/UniGameProject1/OrbIt/Content/MainFolder/WorldBuilding/Models/FBX_format/character-oodi_Anim_drive.uexp" 1158
"C:/Users/dunnt/Documents/GitHub/UniGameProject1/OrbIt/Content/MainFolder/WorldBuilding/Models/FBX_format/character-oodi_Anim_die.uasset" 1159
"C:/Users/dunnt/Documents/GitHub/UniGameProject1/OrbIt/Content/MainFolder/WorldBuilding/Models/FBX_format/character-oodi_Anim_die.uexp" 1160
"C:/Users/dunnt/Documents/GitHub/UniGameProject1/OrbIt/Content/MainFolder/WorldBuilding/Models/FBX_format/character-oodi_Anim_crouch.uasset" 1161
"C:/Users/dunnt/Documents/GitHub/UniGameProject1/OrbIt/Content/MainFolder/WorldBuilding/Models/FBX_format/character-oodi_Anim_crouch.uexp" 1162
"C:/Users/dunnt/Documents/GitHub/UniGameProject1/OrbIt/Content/MainFolder/WorldBuilding/Models/FBX_format/character-oodi_Anim_attack-melee-right.uasset" 1163
"C:/Users/dunnt/Documents/GitHub/UniGameProject1/OrbIt/Content/MainFolder/WorldBuilding/Models/FBX_format/character-oodi_Anim_attack-melee-right.uexp" 1164
"C:/Users/dunnt/Documents/GitHub/UniGameProject1/OrbIt/Content/MainFolder/WorldBuilding/Models/FBX_format/character-oodi_Anim_attack-melee-left.uasset" 1165
"C:/Users/dunnt/Documents/GitHub/UniGameProject1/OrbIt/Content/MainFolder/WorldBuilding/Models/FBX_format/character-oodi_Anim_attack-melee-left.uexp" 1166
"C:/Users/dunnt/Documents/GitHub/UniGameProject1/OrbIt/Content/MainFolder/WorldBuilding/Models/FBX_format/character-oodi_Anim_attack-kick-right.uasset" 1167
"C:/Users/dunnt/Documents/GitHub/UniGameProject1/OrbIt/Content/MainFolder/WorldBuilding/Models/FBX_format/character-oodi_Anim_attack-kick-right.uexp" 1168
"C:/Users/dunnt/Documents/GitHub/UniGameProject1/OrbIt/Content/MainFolder/WorldBuilding/Models/FBX_format/character-oodi_Anim_attack-kick-left.uasset" 1169
"C:/Users/dunnt/Documents/GitHub/UniGameProject1/OrbIt/Content/MainFolder/WorldBuilding/Models/FBX_format/character-oodi_Anim_attack-kick-left.uexp" 1170
"C:/Users/dunnt/Documents/GitHub/UniGameProject1/OrbIt/Content/MainFolder/WorldBuilding/Models/FBX_format/character-oobi_Skeleton.uasset" 1171
"C:/Users/dunnt/Documents/GitHub/UniGameProject1/OrbIt/Content/MainFolder/WorldBuilding/Models/FBX_format/character-oobi_Skeleton.uexp" 1172
"C:/Users/dunnt/Documents/GitHub/UniGameProject1/OrbIt/Content/MainFolder/WorldBuilding/Models/FBX_format/character-oobi_Anim_walk.uasset" 1173
"C:/Users/dunnt/Documents/GitHub/UniGameProject1/OrbIt/Content/MainFolder/WorldBuilding/Models/FBX_format/character-oobi_Anim_walk.uexp" 1174
"C:/Users/dunnt/Documents/GitHub/UniGameProject1/OrbIt/Content/MainFolder/WorldBuilding/Models/FBX_format/character-oobi_Anim_static.uasset" 1175
"C:/Users/dunnt/Documents/GitHub/UniGameProject1/OrbIt/Content/MainFolder/WorldBuilding/Models/FBX_format/character-oobi_Anim_static.uexp" 1176
"C:/Users/dunnt/Documents/GitHub/UniGameProject1/OrbIt/Content/MainFolder/WorldBuilding/Models/FBX_format/character-oobi_Anim_sprint.uasset" 1177
"C:/Users/dunnt/Documents/GitHub/UniGameProject1/OrbIt/Content/MainFolder/WorldBuilding/Models/FBX_format/character-oobi_Anim_sprint.uexp" 1178
"C:/Users/dunnt/Documents/GitHub/UniGameProject1/OrbIt/Content/MainFolder/WorldBuilding/Models/FBX_format/character-oobi_Anim_sit.uasset" 1179
"C:/Users/dunnt/Documents/GitHub/UniGameProject1/OrbIt/Content/MainFolder/WorldBuilding/Models/FBX_format/character-oobi_Anim_sit.uexp" 1180
"C:/Users/dunnt/Documents/GitHub/UniGameProject1/OrbIt/Content/MainFolder/WorldBuilding/Models/FBX_format/character-oobi_Anim_pick-up.uasset" 1181
"C:/Users/dunnt/Documents/GitHub/UniGameProject1/OrbIt/Content/MainFolder/WorldBuilding/Models/FBX_format/character-oobi_Anim_pick-up.uexp" 1182
"C:/Users/dunnt/Documents/GitHub/UniGameProject1/OrbIt/Content/MainFolder/WorldBuilding/Models/FBX_format/character-oobi_Anim_jump.uasset" 1183
"C:/Users/dunnt/Documents/GitHub/UniGameProject1/OrbIt/Content/MainFolder/WorldBuilding/Models/FBX_format/character-oobi_Anim_jump.uexp" 1184
"C:/Users/dunnt/Documents/GitHub/UniGameProject1/OrbIt/Content/MainFolder/WorldBuilding/Models/FBX_format/character-oobi_Anim_interact-right.uasset" 1185
"C:/Users/dunnt/Documents/GitHub/UniGameProject1/OrbIt/Content/MainFolder/WorldBuilding/Models/FBX_format/character-oobi_Anim_interact-right.uexp" 1186
"C:/Users/dunnt/Documents/GitHub/UniGameProject1/OrbIt/Content/MainFolder/WorldBuilding/Models/FBX_format/character-oobi_Anim_interact-left.uasset" 1187
"C:/Users/dunnt/Documents/GitHub/UniGameProject1/OrbIt/Content/MainFolder/WorldBuilding/Models/FBX_format/character-oobi_Anim_interact-left.uexp" 1188
"C:/Users/dunnt/Documents/GitHub/UniGameProject1/OrbIt/Content/MainFolder/WorldBuilding/Models/FBX_format/character-oobi_Anim_idle.uasset" 1189
"C:/Users/dunnt/Documents/GitHub/UniGameProject1/OrbIt/Content/MainFolder/WorldBuilding/Models/FBX_format/character-oobi_Anim_idle.uexp" 1190
"C:/Users/dunnt/Documents/GitHub/UniGameProject1/OrbIt/Content/MainFolder/WorldBuilding/Models/FBX_format/character-oobi_Anim_holding-right.uasset" 1191
"C:/Users/dunnt/Documents/GitHub/UniGameProject1/OrbIt/Content/MainFolder/WorldBuilding/Models/FBX_format/character-oobi_Anim_holding-right.uexp" 1192
"C:/Users/dunnt/Documents/GitHub/UniGameProject1/OrbIt/Content/MainFolder/WorldBuilding/Models/FBX_format/character-oobi_Anim_holding-right-shoot.uasset" 1193
"C:/Users/dunnt/Documents/GitHub/UniGameProject1/OrbIt/Content/MainFolder/WorldBuilding/Models/FBX_format/character-oobi_Anim_holding-right-shoot.uexp" 1194
"C:/Users/dunnt/Documents/GitHub/UniGameProject1/OrbIt/Content/MainFolder/WorldBuilding/Models/FBX_format/character-oobi_Anim_holding-left.uasset" 1195
"C:/Users/dunnt/Documents/GitHub/UniGameProject1/OrbIt/Content/MainFolder/WorldBuilding/Models/FBX_format/character-oobi_Anim_holding-left.uexp" 1196
"C:/Users/dunnt/Documents/GitHub/UniGameProject1/OrbIt/Content/MainFolder/WorldBuilding/Models/FBX_format/character-oobi_Anim_holding-left-shoot.uasset" 1197
"C:/Users/dunnt/Documents/GitHub/UniGameProject1/OrbIt/Content/MainFolder/WorldBuilding/Models/FBX_format/character-oobi_Anim_holding-left-shoot.uexp" 1198
"C:/Users/dunnt/Documents/GitHub/UniGameProject1/OrbIt/Content/MainFolder/WorldBuilding/Models/FBX_format/character-oobi_Anim_holding-both.uasset" 1199
"C:/Users/dunnt/Documents/GitHub/UniGameProject1/OrbIt/Content/MainFolder/WorldBuilding/Models/FBX_format/character-oobi_Anim_holding-both.uexp" 1200
"C:/Users/dunnt/Documents/GitHub/UniGameProject1/OrbIt/Content/MainFolder/WorldBuilding/Models/FBX_format/character-oobi_Anim_holding-both-shoot.uasset" 1201
"C:/Users/dunnt/Documents/GitHub/UniGameProject1/OrbIt/Content/MainFolder/WorldBuilding/Models/FBX_format/character-oobi_Anim_holding-both-shoot.uexp" 1202
"C:/Users/dunnt/Documents/GitHub/UniGameProject1/OrbIt/Content/MainFolder/WorldBuilding/Models/FBX_format/character-oobi_Anim_fall.uasset" 1203
"C:/Users/dunnt/Documents/GitHub/UniGameProject1/OrbIt/Content/MainFolder/WorldBuilding/Models/FBX_format/character-oobi_Anim_fall.uexp" 1204
"C:/Users/dunnt/Documents/GitHub/UniGameProject1/OrbIt/Content/MainFolder/WorldBuilding/Models/FBX_format/character-oobi_Anim_emote-yes.uasset" 1205
"C:/Users/dunnt/Documents/GitHub/UniGameProject1/OrbIt/Content/MainFolder/WorldBuilding/Models/FBX_format/character-oobi_Anim_emote-yes.uexp" 1206
"C:/Users/dunnt/Documents/GitHub/UniGameProject1/OrbIt/Content/MainFolder/WorldBuilding/Models/FBX_format/character-oobi_Anim_emote-no.uasset" 1207
"C:/Users/dunnt/Documents/GitHub/UniGameProject1/OrbIt/Content/MainFolder/WorldBuilding/Models/FBX_format/character-oobi_Anim_emote-no.uexp" 1208
"C:/Users/dunnt/Documents/GitHub/UniGameProject1/OrbIt/Content/MainFolder/WorldBuilding/Models/FBX_format/character-oobi_Anim_drive.uasset" 1209
"C:/Users/dunnt/Documents/GitHub/UniGameProject1/OrbIt/Content/MainFolder/WorldBuilding/Models/FBX_format/character-oobi_Anim_drive.uexp" 1210
"C:/Users/dunnt/Documents/GitHub/UniGameProject1/OrbIt/Content/MainFolder/WorldBuilding/Models/FBX_format/character-oobi_Anim_die.uasset" 1211
"C:/Users/dunnt/Documents/GitHub/UniGameProject1/OrbIt/Content/MainFolder/WorldBuilding/Models/FBX_format/character-oobi_Anim_die.uexp" 1212
"C:/Users/dunnt/Documents/GitHub/UniGameProject1/OrbIt/Content/MainFolder/WorldBuilding/Models/FBX_format/character-oobi_Anim_crouch.uasset" 1213
"C:/Users/dunnt/Documents/GitHub/UniGameProject1/OrbIt/Content/MainFolder/WorldBuilding/Models/FBX_format/character-oobi_Anim_crouch.uexp" 1214
"C:/Users/dunnt/Documents/GitHub/UniGameProject1/OrbIt/Content/MainFolder/WorldBuilding/Models/FBX_format/character-oobi_Anim_attack-melee-right.uasset" 1215
"C:/Users/dunnt/Documents/GitHub/UniGameProject1/OrbIt/Content/MainFolder/WorldBuilding/Models/FBX_format/character-oobi_Anim_attack-melee-right.uexp" 1216
"C:/Users/dunnt/Documents/GitHub/UniGameProject1/OrbIt/Content/MainFolder/WorldBuilding/Models/FBX_format/character-oobi_Anim_attack-melee-left.uasset" 1217
"C:/Users/dunnt/Documents/GitHub/UniGameProject1/OrbIt/Content/MainFolder/WorldBuilding/Models/FBX_format/character-oobi_Anim_attack-melee-left.uexp" 1218
"C:/Users/dunnt/Documents/GitHub/UniGameProject1/OrbIt/Content/MainFolder/WorldBuilding/Models/FBX_format/character-oobi_Anim_attack-kick-right.uasset" 1219
"C:/Users/dunnt/Documents/GitHub/UniGameProject1/OrbIt/Content/MainFolder/WorldBuilding/Models/FBX_format/character-oobi_Anim_attack-kick-right.uexp" 1220
"C:/Users/dunnt/Documents/GitHub/UniGameProject1/OrbIt/Content/MainFolder/WorldBuilding/Models/FBX_format/character-oobi_Anim_attack-kick-left.uasset" 1221
"C:/Users/dunnt/Documents/GitHub/UniGameProject1/OrbIt/Content/MainFolder/WorldBuilding/Models/FBX_format/character-oobi_Anim_attack-kick-left.uexp" 1222
"C:/Users/dunnt/Documents/GitHub/UniGameProject1/OrbIt/Content/MainFolder/WorldBuilding/Models/FBX_format/button-square_Skeleton.uasset" 1223
"C:/Users/dunnt/Documents/GitHub/UniGameProject1/OrbIt/Content/MainFolder/WorldBuilding/Models/FBX_format/button-square_Skeleton.uexp" 1224
"C:/Users/dunnt/Documents/GitHub/UniGameProject1/OrbIt/Content/MainFolder/WorldBuilding/Models/FBX_format/button-square_Anim.uasset" 1225
"C:/Users/dunnt/Documents/GitHub/UniGameProject1/OrbIt/Content/MainFolder/WorldBuilding/Models/FBX_format/button-square_Anim.uexp" 1226
"C:/Users/dunnt/Documents/GitHub/UniGameProject1/OrbIt/Content/MainFolder/WorldBuilding/Models/FBX_format/button-round_Skeleton.uasset" 1227
"C:/Users/dunnt/Documents/GitHub/UniGameProject1/OrbIt/Content/MainFolder/WorldBuilding/Models/FBX_format/button-round_Skeleton.uexp" 1228
"C:/Users/dunnt/Documents/GitHub/UniGameProject1/OrbIt/Content/MainFolder/WorldBuilding/Models/FBX_format/button-round_Anim.uasset" 1229
"C:/Users/dunnt/Documents/GitHub/UniGameProject1/OrbIt/Content/MainFolder/WorldBuilding/Models/FBX_format/button-round_Anim.uexp" 1230
"C:/Users/dunnt/Documents/GitHub/UniGameProject1/OrbIt/Content/MainFolder/WorldBuilding/Models/FBX_format/brick.ubulk" 1231
"C:/Users/dunnt/Documents/GitHub/UniGameProject1/OrbIt/Content/MainFolder/WorldBuilding/Models/FBX_format/brick.uasset" 1232
"C:/Users/dunnt/Documents/GitHub/UniGameProject1/OrbIt/Content/MainFolder/WorldBuilding/Models/FBX_format/brick.uexp" 1233
"C:/Users/dunnt/Documents/GitHub/UniGameProject1/OrbIt/Content/MainFolder/WorldBuilding/Models/FBX_format/bomb.ubulk" 1234
"C:/Users/dunnt/Documents/GitHub/UniGameProject1/OrbIt/Content/MainFolder/WorldBuilding/Models/FBX_format/bomb.uasset" 1235
"C:/Users/dunnt/Documents/GitHub/UniGameProject1/OrbIt/Content/MainFolder/WorldBuilding/Models/FBX_format/bomb.uexp" 1236
"C:/Users/dunnt/Documents/GitHub/UniGameProject1/OrbIt/Content/MainFolder/WorldBuilding/Models/FBX_format/block-snow.ubulk" 1237
"C:/Users/dunnt/Documents/GitHub/UniGameProject1/OrbIt/Content/MainFolder/WorldBuilding/Models/FBX_format/block-snow.uasset" 1238
"C:/Users/dunnt/Documents/GitHub/UniGameProject1/OrbIt/Content/MainFolder/WorldBuilding/Models/FBX_format/block-snow.uexp" 1239
"C:/Users/dunnt/Documents/GitHub/UniGameProject1/OrbIt/Content/MainFolder/WorldBuilding/Models/FBX_format/block-snow-overhang-narrow.ubulk" 1240
"C:/Users/dunnt/Documents/GitHub/UniGameProject1/OrbIt/Content/MainFolder/WorldBuilding/Models/FBX_format/block-snow-overhang-narrow.uasset" 1241
"C:/Users/dunnt/Documents/GitHub/UniGameProject1/OrbIt/Content/MainFolder/WorldBuilding/Models/FBX_format/block-snow-overhang-narrow.uexp" 1242
"C:/Users/dunnt/Documents/GitHub/UniGameProject1/OrbIt/Content/MainFolder/WorldBuilding/Models/FBX_format/block-snow-overhang-low.ubulk" 1243
"C:/Users/dunnt/Documents/GitHub/UniGameProject1/OrbIt/Content/MainFolder/WorldBuilding/Models/FBX_format/block-snow-overhang-low.uasset" 1244
"C:/Users/dunnt/Documents/GitHub/UniGameProject1/OrbIt/Content/MainFolder/WorldBuilding/Models/FBX_format/block-snow-overhang-low.uexp" 1245
"C:/Users/dunnt/Documents/GitHub/UniGameProject1/OrbIt/Content/MainFolder/WorldBuilding/Models/FBX_format/block-snow-overhang-low-narrow.ubulk" 1246
"C:/Users/dunnt/Documents/GitHub/UniGameProject1/OrbIt/Content/MainFolder/WorldBuilding/Models/FBX_format/block-snow-overhang-low-narrow.uasset" 1247
"C:/Users/dunnt/Documents/GitHub/UniGameProject1/OrbIt/Content/MainFolder/WorldBuilding/Models/FBX_format/block-snow-overhang-low-narrow.uexp" 1248
"C:/Users/dunnt/Documents/GitHub/UniGameProject1/OrbIt/Content/MainFolder/WorldBuilding/Models/FBX_format/block-snow-overhang-low-long.ubulk" 1249
"C:/Users/dunnt/Documents/GitHub/UniGameProject1/OrbIt/Content/MainFolder/WorldBuilding/Models/FBX_format/block-snow-overhang-low-long.uasset" 1250
"C:/Users/dunnt/Documents/GitHub/UniGameProject1/OrbIt/Content/MainFolder/WorldBuilding/Models/FBX_format/block-snow-overhang-low-long.uexp" 1251
"C:/Users/dunnt/Documents/GitHub/UniGameProject1/OrbIt/Content/MainFolder/WorldBuilding/Models/FBX_format/block-snow-overhang-low-large.ubulk" 1252
"C:/Users/dunnt/Documents/GitHub/UniGameProject1/OrbIt/Content/MainFolder/WorldBuilding/Models/FBX_format/block-snow-overhang-low-large.uasset" 1253
"C:/Users/dunnt/Documents/GitHub/UniGameProject1/OrbIt/Content/MainFolder/WorldBuilding/Models/FBX_format/block-snow-overhang-low-large.uexp" 1254
"C:/Users/dunnt/Documents/GitHub/UniGameProject1/OrbIt/Content/MainFolder/WorldBuilding/Models/FBX_format/block-snow-overhang-low-hexagon.ubulk" 1255
"C:/Users/dunnt/Documents/GitHub/UniGameProject1/OrbIt/Content/MainFolder/WorldBuilding/Models/FBX_format/block-snow-overhang-low-hexagon.uasset" 1256
"C:/Users/dunnt/Documents/GitHub/UniGameProject1/OrbIt/Content/MainFolder/WorldBuilding/Models/FBX_format/block-snow-overhang-low-hexagon.uexp" 1257
"C:/Users/dunnt/Documents/GitHub/UniGameProject1/OrbIt/Content/MainFolder/WorldBuilding/Models/FBX_format/block-snow-overhang-long.ubulk" 1258
"C:/Users/dunnt/Documents/GitHub/UniGameProject1/OrbIt/Content/MainFolder/WorldBuilding/Models/FBX_format/block-snow-overhang-long.uasset" 1259
"C:/Users/dunnt/Documents/GitHub/UniGameProject1/OrbIt/Content/MainFolder/WorldBuilding/Models/FBX_format/block-snow-overhang-long.uexp" 1260
"C:/Users/dunnt/Documents/GitHub/UniGameProject1/OrbIt/Content/MainFolder/WorldBuilding/Models/FBX_format/block-snow-overhang-large.ubulk" 1261
"C:/Users/dunnt/Documents/GitHub/UniGameProject1/OrbIt/Content/MainFolder/WorldBuilding/Models/FBX_format/block-snow-overhang-large.uasset" 1262
"C:/Users/dunnt/Documents/GitHub/UniGameProject1/OrbIt/Content/MainFolder/WorldBuilding/Models/FBX_format/block-snow-overhang-large.uexp" 1263
"C:/Users/dunnt/Documents/GitHub/UniGameProject1/OrbIt/Content/MainFolder/WorldBuilding/Models/FBX_format/block-snow-overhang-large-tall.ubulk" 1264
"C:/Users/dunnt/Documents/GitHub/UniGameProject1/OrbIt/Content/MainFolder/WorldBuilding/Models/FBX_format/block-snow-overhang-large-tall.uasset" 1265
"C:/Users/dunnt/Documents/GitHub/UniGameProject1/OrbIt/Content/MainFolder/WorldBuilding/Models/FBX_format/block-snow-overhang-large-tall.uexp" 1266
"C:/Users/dunnt/Documents/GitHub/UniGameProject1/OrbIt/Content/MainFolder/WorldBuilding/Models/FBX_format/block-snow-overhang-large-slope.ubulk" 1267
"C:/Users/dunnt/Documents/GitHub/UniGameProject1/OrbIt/Content/MainFolder/WorldBuilding/Models/FBX_format/block-snow-overhang-large-slope.uasset" 1268
"C:/Users/dunnt/Documents/GitHub/UniGameProject1/OrbIt/Content/MainFolder/WorldBuilding/Models/FBX_format/block-snow-overhang-large-slope.uexp" 1269
"C:/Users/dunnt/Documents/GitHub/UniGameProject1/OrbIt/Content/MainFolder/WorldBuilding/Models/FBX_format/block-snow-overhang-large-slope-steep.ubulk" 1270
"C:/Users/dunnt/Documents/GitHub/UniGameProject1/OrbIt/Content/MainFolder/WorldBuilding/Models/FBX_format/block-snow-overhang-large-slope-steep.uasset" 1271
"C:/Users/dunnt/Documents/GitHub/UniGameProject1/OrbIt/Content/MainFolder/WorldBuilding/Models/FBX_format/block-snow-overhang-large-slope-steep.uexp" 1272
"C:/Users/dunnt/Documents/GitHub/UniGameProject1/OrbIt/Content/MainFolder/WorldBuilding/Models/FBX_format/block-snow-overhang-large-slope-steep-narrow.ubulk" 1273
"C:/Users/dunnt/Documents/GitHub/UniGameProject1/OrbIt/Content/MainFolder/WorldBuilding/Models/FBX_format/block-snow-overhang-large-slope-steep-narrow.uasset" 1274
"C:/Users/dunnt/Documents/GitHub/UniGameProject1/OrbIt/Content/MainFolder/WorldBuilding/Models/FBX_format/block-snow-overhang-large-slope-steep-narrow.uexp" 1275
"C:/Users/dunnt/Documents/GitHub/UniGameProject1/OrbIt/Content/MainFolder/WorldBuilding/Models/FBX_format/block-snow-overhang-large-slope-narrow.ubulk" 1276
"C:/Users/dunnt/Documents/GitHub/UniGameProject1/OrbIt/Content/MainFolder/WorldBuilding/Models/FBX_format/block-snow-overhang-large-slope-narrow.uasset" 1277
"C:/Users/dunnt/Documents/GitHub/UniGameProject1/OrbIt/Content/MainFolder/WorldBuilding/Models/FBX_format/block-snow-overhang-large-slope-narrow.uexp" 1278
"C:/Users/dunnt/Documents/GitHub/UniGameProject1/OrbIt/Content/MainFolder/WorldBuilding/Models/FBX_format/block-snow-overhang-hexagon.ubulk" 1279
"C:/Users/dunnt/Documents/GitHub/UniGameProject1/OrbIt/Content/MainFolder/WorldBuilding/Models/FBX_format/block-snow-overhang-hexagon.uasset" 1280
"C:/Users/dunnt/Documents/GitHub/UniGameProject1/OrbIt/Content/MainFolder/WorldBuilding/Models/FBX_format/block-snow-overhang-hexagon.uexp" 1281
"C:/Users/dunnt/Documents/GitHub/UniGameProject1/OrbIt/Content/MainFolder/WorldBuilding/Models/FBX_format/block-snow-overhang-edge.ubulk" 1282
"C:/Users/dunnt/Documents/GitHub/UniGameProject1/OrbIt/Content/MainFolder/WorldBuilding/Models/FBX_format/block-snow-overhang-edge.uasset" 1283
"C:/Users/dunnt/Documents/GitHub/UniGameProject1/OrbIt/Content/MainFolder/WorldBuilding/Models/FBX_format/block-snow-overhang-edge.uexp" 1284
"C:/Users/dunnt/Documents/GitHub/UniGameProject1/OrbIt/Content/MainFolder/WorldBuilding/Models/FBX_format/block-snow-overhang-corner.ubulk" 1285
"C:/Users/dunnt/Documents/GitHub/UniGameProject1/OrbIt/Content/MainFolder/WorldBuilding/Models/FBX_format/block-snow-overhang-corner.uasset" 1286
"C:/Users/dunnt/Documents/GitHub/UniGameProject1/OrbIt/Content/MainFolder/WorldBuilding/Models/FBX_format/block-snow-overhang-corner.uexp" 1287
"C:/Users/dunnt/Documents/GitHub/UniGameProject1/OrbIt/Content/MainFolder/WorldBuilding/Models/FBX_format/block-snow-narrow.ubulk" 1288
"C:/Users/dunnt/Documents/GitHub/UniGameProject1/OrbIt/Content/MainFolder/WorldBuilding/Models/FBX_format/block-snow-narrow.uasset" 1289
"C:/Users/dunnt/Documents/GitHub/UniGameProject1/OrbIt/Content/MainFolder/WorldBuilding/Models/FBX_format/block-snow-narrow.uexp" 1290
"C:/Users/dunnt/Documents/GitHub/UniGameProject1/OrbIt/Content/MainFolder/WorldBuilding/Models/FBX_format/block-snow-low.ubulk" 1291
"C:/Users/dunnt/Documents/GitHub/UniGameProject1/OrbIt/Content/MainFolder/WorldBuilding/Models/FBX_format/block-snow-low.uasset" 1292
"C:/Users/dunnt/Documents/GitHub/UniGameProject1/OrbIt/Content/MainFolder/WorldBuilding/Models/FBX_format/block-snow-low.uexp" 1293
"C:/Users/dunnt/Documents/GitHub/UniGameProject1/OrbIt/Content/MainFolder/WorldBuilding/Models/FBX_format/block-snow-low-narrow.ubulk" 1294
"C:/Users/dunnt/Documents/GitHub/UniGameProject1/OrbIt/Content/MainFolder/WorldBuilding/Models/FBX_format/block-snow-low-narrow.uasset" 1295
"C:/Users/dunnt/Documents/GitHub/UniGameProject1/OrbIt/Content/MainFolder/WorldBuilding/Models/FBX_format/block-snow-low-narrow.uexp" 1296
"C:/Users/dunnt/Documents/GitHub/UniGameProject1/OrbIt/Content/MainFolder/WorldBuilding/Models/FBX_format/block-snow-low-long.ubulk" 1297
"C:/Users/dunnt/Documents/GitHub/UniGameProject1/OrbIt/Content/MainFolder/WorldBuilding/Models/FBX_format/block-snow-low-long.uasset" 1298
"C:/Users/dunnt/Documents/GitHub/UniGameProject1/OrbIt/Content/MainFolder/WorldBuilding/Models/FBX_format/block-snow-low-long.uexp" 1299
"C:/Users/dunnt/Documents/GitHub/UniGameProject1/OrbIt/Content/MainFolder/WorldBuilding/Models/FBX_format/block-snow-low-large.ubulk" 1300
"C:/Users/dunnt/Documents/GitHub/UniGameProject1/OrbIt/Content/MainFolder/WorldBuilding/Models/FBX_format/block-snow-low-large.uasset" 1301
"C:/Users/dunnt/Documents/GitHub/UniGameProject1/OrbIt/Content/MainFolder/WorldBuilding/Models/FBX_format/block-snow-low-large.uexp" 1302
"C:/Users/dunnt/Documents/GitHub/UniGameProject1/OrbIt/Content/MainFolder/WorldBuilding/Models/FBX_format/block-snow-low-hexagon.ubulk" 1303
"C:/Users/dunnt/Documents/GitHub/UniGameProject1/OrbIt/Content/MainFolder/WorldBuilding/Models/FBX_format/block-snow-low-hexagon.uasset" 1304
"C:/Users/dunnt/Documents/GitHub/UniGameProject1/OrbIt/Content/MainFolder/WorldBuilding/Models/FBX_format/block-snow-low-hexagon.uexp" 1305
"C:/Users/dunnt/Documents/GitHub/UniGameProject1/OrbIt/Content/MainFolder/WorldBuilding/Models/FBX_format/block-snow-long.ubulk" 1306
"C:/Users/dunnt/Documents/GitHub/UniGameProject1/OrbIt/Content/MainFolder/WorldBuilding/Models/FBX_format/block-snow-long.uasset" 1307
"C:/Users/dunnt/Documents/GitHub/UniGameProject1/OrbIt/Content/MainFolder/WorldBuilding/Models/FBX_format/block-snow-long.uexp" 1308
"C:/Users/dunnt/Documents/GitHub/UniGameProject1/OrbIt/Content/MainFolder/WorldBuilding/Models/FBX_format/block-snow-large.ubulk" 1309
"C:/Users/dunnt/Documents/GitHub/UniGameProject1/OrbIt/Content/MainFolder/WorldBuilding/Models/FBX_format/block-snow-large.uasset" 1310
"C:/Users/dunnt/Documents/GitHub/UniGameProject1/OrbIt/Content/MainFolder/WorldBuilding/Models/FBX_format/block-snow-large.uexp" 1311
"C:/Users/dunnt/Documents/GitHub/UniGameProject1/OrbIt/Content/MainFolder/WorldBuilding/Models/FBX_format/block-snow-large-tall.ubulk" 1312
"C:/Users/dunnt/Documents/GitHub/UniGameProject1/OrbIt/Content/MainFolder/WorldBuilding/Models/FBX_format/block-snow-large-tall.uasset" 1313
"C:/Users/dunnt/Documents/GitHub/UniGameProject1/OrbIt/Content/MainFolder/WorldBuilding/Models/FBX_format/block-snow-large-tall.uexp" 1314
"C:/Users/dunnt/Documents/GitHub/UniGameProject1/OrbIt/Content/MainFolder/WorldBuilding/Models/FBX_format/block-snow-large-slope.ubulk" 1315
"C:/Users/dunnt/Documents/GitHub/UniGameProject1/OrbIt/Content/MainFolder/WorldBuilding/Models/FBX_format/block-snow-large-slope.uasset" 1316
"C:/Users/dunnt/Documents/GitHub/UniGameProject1/OrbIt/Content/MainFolder/WorldBuilding/Models/FBX_format/block-snow-large-slope.uexp" 1317
"C:/Users/dunnt/Documents/GitHub/UniGameProject1/OrbIt/Content/MainFolder/WorldBuilding/Models/FBX_format/block-snow-large-slope-steep.ubulk" 1318
"C:/Users/dunnt/Documents/GitHub/UniGameProject1/OrbIt/Content/MainFolder/WorldBuilding/Models/FBX_format/block-snow-large-slope-steep.uasset" 1319
"C:/Users/dunnt/Documents/GitHub/UniGameProject1/OrbIt/Content/MainFolder/WorldBuilding/Models/FBX_format/block-snow-large-slope-steep.uexp" 1320
"C:/Users/dunnt/Documents/GitHub/UniGameProject1/OrbIt/Content/MainFolder/WorldBuilding/Models/FBX_format/block-snow-large-slope-steep-narrow.ubulk" 1321
"C:/Users/dunnt/Documents/GitHub/UniGameProject1/OrbIt/Content/MainFolder/WorldBuilding/Models/FBX_format/block-snow-large-slope-steep-narrow.uasset" 1322
"C:/Users/dunnt/Documents/GitHub/UniGameProject1/OrbIt/Content/MainFolder/WorldBuilding/Models/FBX_format/block-snow-large-slope-steep-narrow.uexp" 1323
"C:/Users/dunnt/Documents/GitHub/UniGameProject1/OrbIt/Content/MainFolder/WorldBuilding/Models/FBX_format/block-snow-large-slope-narrow.ubulk" 1324
"C:/Users/dunnt/Documents/GitHub/UniGameProject1/OrbIt/Content/MainFolder/WorldBuilding/Models/FBX_format/block-snow-large-slope-narrow.uasset" 1325
"C:/Users/dunnt/Documents/GitHub/UniGameProject1/OrbIt/Content/MainFolder/WorldBuilding/Models/FBX_format/block-snow-large-slope-narrow.uexp" 1326
"C:/Users/dunnt/Documents/GitHub/UniGameProject1/OrbIt/Content/MainFolder/WorldBuilding/Models/FBX_format/block-snow-hexagon.ubulk" 1327
"C:/Users/dunnt/Documents/GitHub/UniGameProject1/OrbIt/Content/MainFolder/WorldBuilding/Models/FBX_format/block-snow-hexagon.uasset" 1328
"C:/Users/dunnt/Documents/GitHub/UniGameProject1/OrbIt/Content/MainFolder/WorldBuilding/Models/FBX_format/block-snow-hexagon.uexp" 1329
"C:/Users/dunnt/Documents/GitHub/UniGameProject1/OrbIt/Content/MainFolder/WorldBuilding/Models/FBX_format/block-snow-edge.ubulk" 1330
"C:/Users/dunnt/Documents/GitHub/UniGameProject1/OrbIt/Content/MainFolder/WorldBuilding/Models/FBX_format/block-snow-edge.uasset" 1331
"C:/Users/dunnt/Documents/GitHub/UniGameProject1/OrbIt/Content/MainFolder/WorldBuilding/Models/FBX_format/block-snow-edge.uexp" 1332
"C:/Users/dunnt/Documents/GitHub/UniGameProject1/OrbIt/Content/MainFolder/WorldBuilding/Models/FBX_format/block-snow-curve.ubulk" 1333
"C:/Users/dunnt/Documents/GitHub/UniGameProject1/OrbIt/Content/MainFolder/WorldBuilding/Models/FBX_format/block-snow-curve.uasset" 1334
"C:/Users/dunnt/Documents/GitHub/UniGameProject1/OrbIt/Content/MainFolder/WorldBuilding/Models/FBX_format/block-snow-curve.uexp" 1335
"C:/Users/dunnt/Documents/GitHub/UniGameProject1/OrbIt/Content/MainFolder/WorldBuilding/Models/FBX_format/block-snow-curve-low.ubulk" 1336
"C:/Users/dunnt/Documents/GitHub/UniGameProject1/OrbIt/Content/MainFolder/WorldBuilding/Models/FBX_format/block-snow-curve-low.uasset" 1337
"C:/Users/dunnt/Documents/GitHub/UniGameProject1/OrbIt/Content/MainFolder/WorldBuilding/Models/FBX_format/block-snow-curve-low.uexp" 1338
"C:/Users/dunnt/Documents/GitHub/UniGameProject1/OrbIt/Content/MainFolder/WorldBuilding/Models/FBX_format/block-snow-curve-half.ubulk" 1339
"C:/Users/dunnt/Documents/GitHub/UniGameProject1/OrbIt/Content/MainFolder/WorldBuilding/Models/FBX_format/block-snow-curve-half.uasset" 1340
"C:/Users/dunnt/Documents/GitHub/UniGameProject1/OrbIt/Content/MainFolder/WorldBuilding/Models/FBX_format/block-snow-curve-half.uexp" 1341
"C:/Users/dunnt/Documents/GitHub/UniGameProject1/OrbIt/Content/MainFolder/WorldBuilding/Models/FBX_format/block-snow-corner.ubulk" 1342
"C:/Users/dunnt/Documents/GitHub/UniGameProject1/OrbIt/Content/MainFolder/WorldBuilding/Models/FBX_format/block-snow-corner.uasset" 1343
"C:/Users/dunnt/Documents/GitHub/UniGameProject1/OrbIt/Content/MainFolder/WorldBuilding/Models/FBX_format/block-snow-corner.uexp" 1344
"C:/Users/dunnt/Documents/GitHub/UniGameProject1/OrbIt/Content/MainFolder/WorldBuilding/Models/FBX_format/block-snow-corner-overhang.ubulk" 1345
"C:/Users/dunnt/Documents/GitHub/UniGameProject1/OrbIt/Content/MainFolder/WorldBuilding/Models/FBX_format/block-snow-corner-overhang.uasset" 1346
"C:/Users/dunnt/Documents/GitHub/UniGameProject1/OrbIt/Content/MainFolder/WorldBuilding/Models/FBX_format/block-snow-corner-overhang.uexp" 1347
"C:/Users/dunnt/Documents/GitHub/UniGameProject1/OrbIt/Content/MainFolder/WorldBuilding/Models/FBX_format/block-snow-corner-overhang-low.ubulk" 1348
"C:/Users/dunnt/Documents/GitHub/UniGameProject1/OrbIt/Content/MainFolder/WorldBuilding/Models/FBX_format/block-snow-corner-overhang-low.uasset" 1349
"C:/Users/dunnt/Documents/GitHub/UniGameProject1/OrbIt/Content/MainFolder/WorldBuilding/Models/FBX_format/block-snow-corner-overhang-low.uexp" 1350
"C:/Users/dunnt/Documents/GitHub/UniGameProject1/OrbIt/Content/MainFolder/WorldBuilding/Models/FBX_format/block-snow-corner-low.ubulk" 1351
"C:/Users/dunnt/Documents/GitHub/UniGameProject1/OrbIt/Content/MainFolder/WorldBuilding/Models/FBX_format/block-snow-corner-low.uasset" 1352
"C:/Users/dunnt/Documents/GitHub/UniGameProject1/OrbIt/Content/MainFolder/WorldBuilding/Models/FBX_format/block-snow-corner-low.uexp" 1353
"C:/Users/dunnt/Documents/GitHub/UniGameProject1/OrbIt/Content/MainFolder/WorldBuilding/Models/FBX_format/block-moving.ubulk" 1354
"C:/Users/dunnt/Documents/GitHub/UniGameProject1/OrbIt/Content/MainFolder/WorldBuilding/Models/FBX_format/block-moving.uasset" 1355
"C:/Users/dunnt/Documents/GitHub/UniGameProject1/OrbIt/Content/MainFolder/WorldBuilding/Models/FBX_format/block-moving.uexp" 1356
"C:/Users/dunnt/Documents/GitHub/UniGameProject1/OrbIt/Content/MainFolder/WorldBuilding/Models/FBX_format/block-moving-large.ubulk" 1357
"C:/Users/dunnt/Documents/GitHub/UniGameProject1/OrbIt/Content/MainFolder/WorldBuilding/Models/FBX_format/block-moving-large.uasset" 1358
"C:/Users/dunnt/Documents/GitHub/UniGameProject1/OrbIt/Content/MainFolder/WorldBuilding/Models/FBX_format/block-moving-large.uexp" 1359
"C:/Users/dunnt/Documents/GitHub/UniGameProject1/OrbIt/Content/MainFolder/WorldBuilding/Models/FBX_format/block-moving-blue.ubulk" 1360
"C:/Users/dunnt/Documents/GitHub/UniGameProject1/OrbIt/Content/MainFolder/WorldBuilding/Models/FBX_format/block-moving-blue.uasset" 1361
"C:/Users/dunnt/Documents/GitHub/UniGameProject1/OrbIt/Content/MainFolder/WorldBuilding/Models/FBX_format/block-moving-blue.uexp" 1362
"C:/Users/dunnt/Documents/GitHub/UniGameProject1/OrbIt/Content/MainFolder/WorldBuilding/Models/FBX_format/block-grass.ubulk" 1363
"C:/Users/dunnt/Documents/GitHub/UniGameProject1/OrbIt/Content/MainFolder/WorldBuilding/Models/FBX_format/block-grass.uasset" 1364
"C:/Users/dunnt/Documents/GitHub/UniGameProject1/OrbIt/Content/MainFolder/WorldBuilding/Models/FBX_format/block-grass.uexp" 1365
"C:/Users/dunnt/Documents/GitHub/UniGameProject1/OrbIt/Content/MainFolder/WorldBuilding/Models/FBX_format/block-grass-overhang-narrow.ubulk" 1366
"C:/Users/dunnt/Documents/GitHub/UniGameProject1/OrbIt/Content/MainFolder/WorldBuilding/Models/FBX_format/block-grass-overhang-narrow.uasset" 1367
"C:/Users/dunnt/Documents/GitHub/UniGameProject1/OrbIt/Content/MainFolder/WorldBuilding/Models/FBX_format/block-grass-overhang-narrow.uexp" 1368
"C:/Users/dunnt/Documents/GitHub/UniGameProject1/OrbIt/Content/MainFolder/WorldBuilding/Models/FBX_format/block-grass-overhang-low.ubulk" 1369
"C:/Users/dunnt/Documents/GitHub/UniGameProject1/OrbIt/Content/MainFolder/WorldBuilding/Models/FBX_format/block-grass-overhang-low.uasset" 1370
"C:/Users/dunnt/Documents/GitHub/UniGameProject1/OrbIt/Content/MainFolder/WorldBuilding/Models/FBX_format/block-grass-overhang-low.uexp" 1371
"C:/Users/dunnt/Documents/GitHub/UniGameProject1/OrbIt/Content/MainFolder/WorldBuilding/Models/FBX_format/block-grass-overhang-low-narrow.ubulk" 1372
"C:/Users/dunnt/Documents/GitHub/UniGameProject1/OrbIt/Content/MainFolder/WorldBuilding/Models/FBX_format/block-grass-overhang-low-narrow.uasset" 1373
"C:/Users/dunnt/Documents/GitHub/UniGameProject1/OrbIt/Content/MainFolder/WorldBuilding/Models/FBX_format/block-grass-overhang-low-narrow.uexp" 1374
"C:/Users/dunnt/Documents/GitHub/UniGameProject1/OrbIt/Content/MainFolder/WorldBuilding/Models/FBX_format/block-grass-overhang-low-long.ubulk" 1375
"C:/Users/dunnt/Documents/GitHub/UniGameProject1/OrbIt/Content/MainFolder/WorldBuilding/Models/FBX_format/block-grass-overhang-low-long.uasset" 1376
"C:/Users/dunnt/Documents/GitHub/UniGameProject1/OrbIt/Content/MainFolder/WorldBuilding/Models/FBX_format/block-grass-overhang-low-long.uexp" 1377
"C:/Users/dunnt/Documents/GitHub/UniGameProject1/OrbIt/Content/MainFolder/WorldBuilding/Models/FBX_format/block-grass-overhang-low-large.ubulk" 1378
"C:/Users/dunnt/Documents/GitHub/UniGameProject1/OrbIt/Content/MainFolder/WorldBuilding/Models/FBX_format/block-grass-overhang-low-large.uasset" 1379
"C:/Users/dunnt/Documents/GitHub/UniGameProject1/OrbIt/Content/MainFolder/WorldBuilding/Models/FBX_format/block-grass-overhang-low-large.uexp" 1380
"C:/Users/dunnt/Documents/GitHub/UniGameProject1/OrbIt/Content/MainFolder/WorldBuilding/Models/FBX_format/block-grass-overhang-low-hexagon.ubulk" 1381
"C:/Users/dunnt/Documents/GitHub/UniGameProject1/OrbIt/Content/MainFolder/WorldBuilding/Models/FBX_format/block-grass-overhang-low-hexagon.uasset" 1382
"C:/Users/dunnt/Documents/GitHub/UniGameProject1/OrbIt/Content/MainFolder/WorldBuilding/Models/FBX_format/block-grass-overhang-low-hexagon.uexp" 1383
"C:/Users/dunnt/Documents/GitHub/UniGameProject1/OrbIt/Content/MainFolder/WorldBuilding/Models/FBX_format/block-grass-overhang-long.ubulk" 1384
"C:/Users/dunnt/Documents/GitHub/UniGameProject1/OrbIt/Content/MainFolder/WorldBuilding/Models/FBX_format/block-grass-overhang-long.uasset" 1385
"C:/Users/dunnt/Documents/GitHub/UniGameProject1/OrbIt/Content/MainFolder/WorldBuilding/Models/FBX_format/block-grass-overhang-long.uexp" 1386
"C:/Users/dunnt/Documents/GitHub/UniGameProject1/OrbIt/Content/MainFolder/WorldBuilding/Models/FBX_format/block-grass-overhang-large.ubulk" 1387
"C:/Users/dunnt/Documents/GitHub/UniGameProject1/OrbIt/Content/MainFolder/WorldBuilding/Models/FBX_format/block-grass-overhang-large.uasset" 1388
"C:/Users/dunnt/Documents/GitHub/UniGameProject1/OrbIt/Content/MainFolder/WorldBuilding/Models/FBX_format/block-grass-overhang-large.uexp" 1389
"C:/Users/dunnt/Documents/GitHub/UniGameProject1/OrbIt/Content/MainFolder/WorldBuilding/Models/FBX_format/block-grass-overhang-large-tall.ubulk" 1390
"C:/Users/dunnt/Documents/GitHub/UniGameProject1/OrbIt/Content/MainFolder/WorldBuilding/Models/FBX_format/block-grass-overhang-large-tall.uasset" 1391
"C:/Users/dunnt/Documents/GitHub/UniGameProject1/OrbIt/Content/MainFolder/WorldBuilding/Models/FBX_format/block-grass-overhang-large-tall.uexp" 1392
"C:/Users/dunnt/Documents/GitHub/UniGameProject1/OrbIt/Content/MainFolder/WorldBuilding/Models/FBX_format/block-grass-overhang-large-slope.ubulk" 1393
"C:/Users/dunnt/Documents/GitHub/UniGameProject1/OrbIt/Content/MainFolder/WorldBuilding/Models/FBX_format/block-grass-overhang-large-slope.uasset" 1394
"C:/Users/dunnt/Documents/GitHub/UniGameProject1/OrbIt/Content/MainFolder/WorldBuilding/Models/FBX_format/block-grass-overhang-large-slope.uexp" 1395
"C:/Users/dunnt/Documents/GitHub/UniGameProject1/OrbIt/Content/MainFolder/WorldBuilding/Models/FBX_format/block-grass-overhang-large-slope-steep.ubulk" 1396
"C:/Users/dunnt/Documents/GitHub/UniGameProject1/OrbIt/Content/MainFolder/WorldBuilding/Models/FBX_format/block-grass-overhang-large-slope-steep.uasset" 1397
"C:/Users/dunnt/Documents/GitHub/UniGameProject1/OrbIt/Content/MainFolder/WorldBuilding/Models/FBX_format/block-grass-overhang-large-slope-steep.uexp" 1398
"C:/Users/dunnt/Documents/GitHub/UniGameProject1/OrbIt/Content/MainFolder/WorldBuilding/Models/FBX_format/block-grass-overhang-large-slope-steep-narrow.ubulk" 1399
"C:/Users/dunnt/Documents/GitHub/UniGameProject1/OrbIt/Content/MainFolder/WorldBuilding/Models/FBX_format/block-grass-overhang-large-slope-steep-narrow.uasset" 1400
"C:/Users/dunnt/Documents/GitHub/UniGameProject1/OrbIt/Content/MainFolder/WorldBuilding/Models/FBX_format/block-grass-overhang-large-slope-steep-narrow.uexp" 1401
"C:/Users/dunnt/Documents/GitHub/UniGameProject1/OrbIt/Content/MainFolder/WorldBuilding/Models/FBX_format/block-grass-overhang-large-slope-narrow.ubulk" 1402
"C:/Users/dunnt/Documents/GitHub/UniGameProject1/OrbIt/Content/MainFolder/WorldBuilding/Models/FBX_format/block-grass-overhang-large-slope-narrow.uasset" 1403
"C:/Users/dunnt/Documents/GitHub/UniGameProject1/OrbIt/Content/MainFolder/WorldBuilding/Models/FBX_format/block-grass-overhang-large-slope-narrow.uexp" 1404
"C:/Users/dunnt/Documents/GitHub/UniGameProject1/OrbIt/Content/MainFolder/WorldBuilding/Models/FBX_format/block-grass-overhang-hexagon.ubulk" 1405
"C:/Users/dunnt/Documents/GitHub/UniGameProject1/OrbIt/Content/MainFolder/WorldBuilding/Models/FBX_format/block-grass-overhang-hexagon.uasset" 1406
"C:/Users/dunnt/Documents/GitHub/UniGameProject1/OrbIt/Content/MainFolder/WorldBuilding/Models/FBX_format/block-grass-overhang-hexagon.uexp" 1407
"C:/Users/dunnt/Documents/GitHub/UniGameProject1/OrbIt/Content/MainFolder/WorldBuilding/Models/FBX_format/block-grass-overhang-edge.ubulk" 1408
"C:/Users/dunnt/Documents/GitHub/UniGameProject1/OrbIt/Content/MainFolder/WorldBuilding/Models/FBX_format/block-grass-overhang-edge.uasset" 1409
"C:/Users/dunnt/Documents/GitHub/UniGameProject1/OrbIt/Content/MainFolder/WorldBuilding/Models/FBX_format/block-grass-overhang-edge.uexp" 1410
"C:/Users/dunnt/Documents/GitHub/UniGameProject1/OrbIt/Content/MainFolder/WorldBuilding/Models/FBX_format/block-grass-overhang-corner.ubulk" 1411
"C:/Users/dunnt/Documents/GitHub/UniGameProject1/OrbIt/Content/MainFolder/WorldBuilding/Models/FBX_format/block-grass-overhang-corner.uasset" 1412
"C:/Users/dunnt/Documents/GitHub/UniGameProject1/OrbIt/Content/MainFolder/WorldBuilding/Models/FBX_format/block-grass-overhang-corner.uexp" 1413
"C:/Users/dunnt/Documents/GitHub/UniGameProject1/OrbIt/Content/MainFolder/WorldBuilding/Models/FBX_format/block-grass-narrow.ubulk" 1414
"C:/Users/dunnt/Documents/GitHub/UniGameProject1/OrbIt/Content/MainFolder/WorldBuilding/Models/FBX_format/block-grass-narrow.uasset" 1415
"C:/Users/dunnt/Documents/GitHub/UniGameProject1/OrbIt/Content/MainFolder/WorldBuilding/Models/FBX_format/block-grass-narrow.uexp" 1416
"C:/Users/dunnt/Documents/GitHub/UniGameProject1/OrbIt/Content/MainFolder/WorldBuilding/Models/FBX_format/block-grass-low.ubulk" 1417
"C:/Users/dunnt/Documents/GitHub/UniGameProject1/OrbIt/Content/MainFolder/WorldBuilding/Models/FBX_format/block-grass-low.uasset" 1418
"C:/Users/dunnt/Documents/GitHub/UniGameProject1/OrbIt/Content/MainFolder/WorldBuilding/Models/FBX_format/block-grass-low.uexp" 1419
"C:/Users/dunnt/Documents/GitHub/UniGameProject1/OrbIt/Content/MainFolder/WorldBuilding/Models/FBX_format/block-grass-low-narrow.ubulk" 1420
"C:/Users/dunnt/Documents/GitHub/UniGameProject1/OrbIt/Content/MainFolder/WorldBuilding/Models/FBX_format/block-grass-low-narrow.uasset" 1421
"C:/Users/dunnt/Documents/GitHub/UniGameProject1/OrbIt/Content/MainFolder/WorldBuilding/Models/FBX_format/block-grass-low-narrow.uexp" 1422
"C:/Users/dunnt/Documents/GitHub/UniGameProject1/OrbIt/Content/MainFolder/WorldBuilding/Models/FBX_format/block-grass-low-long.ubulk" 1423
"C:/Users/dunnt/Documents/GitHub/UniGameProject1/OrbIt/Content/MainFolder/WorldBuilding/Models/FBX_format/block-grass-low-long.uasset" 1424
"C:/Users/dunnt/Documents/GitHub/UniGameProject1/OrbIt/Content/MainFolder/WorldBuilding/Models/FBX_format/block-grass-low-long.uexp" 1425
"C:/Users/dunnt/Documents/GitHub/UniGameProject1/OrbIt/Content/MainFolder/WorldBuilding/Models/FBX_format/block-grass-low-large.ubulk" 1426
"C:/Users/dunnt/Documents/GitHub/UniGameProject1/OrbIt/Content/MainFolder/WorldBuilding/Models/FBX_format/block-grass-low-large.uasset" 1427
"C:/Users/dunnt/Documents/GitHub/UniGameProject1/OrbIt/Content/MainFolder/WorldBuilding/Models/FBX_format/block-grass-low-large.uexp" 1428
"C:/Users/dunnt/Documents/GitHub/UniGameProject1/OrbIt/Content/MainFolder/WorldBuilding/Models/FBX_format/block-grass-low-hexagon.ubulk" 1429
"C:/Users/dunnt/Documents/GitHub/UniGameProject1/OrbIt/Content/MainFolder/WorldBuilding/Models/FBX_format/block-grass-low-hexagon.uasset" 1430
"C:/Users/dunnt/Documents/GitHub/UniGameProject1/OrbIt/Content/MainFolder/WorldBuilding/Models/FBX_format/block-grass-low-hexagon.uexp" 1431
"C:/Users/dunnt/Documents/GitHub/UniGameProject1/OrbIt/Content/MainFolder/WorldBuilding/Models/FBX_format/block-grass-long.ubulk" 1432
"C:/Users/dunnt/Documents/GitHub/UniGameProject1/OrbIt/Content/MainFolder/WorldBuilding/Models/FBX_format/block-grass-long.uasset" 1433
"C:/Users/dunnt/Documents/GitHub/UniGameProject1/OrbIt/Content/MainFolder/WorldBuilding/Models/FBX_format/block-grass-long.uexp" 1434
"C:/Users/dunnt/Documents/GitHub/UniGameProject1/OrbIt/Content/MainFolder/WorldBuilding/Models/FBX_format/block-grass-large.ubulk" 1435
"C:/Users/dunnt/Documents/GitHub/UniGameProject1/OrbIt/Content/MainFolder/WorldBuilding/Models/FBX_format/block-grass-large.uasset" 1436
"C:/Users/dunnt/Documents/GitHub/UniGameProject1/OrbIt/Content/MainFolder/WorldBuilding/Models/FBX_format/block-grass-large.uexp" 1437
"C:/Users/dunnt/Documents/GitHub/UniGameProject1/OrbIt/Content/MainFolder/WorldBuilding/Models/FBX_format/block-grass-large-tall.ubulk" 1438
"C:/Users/dunnt/Documents/GitHub/UniGameProject1/OrbIt/Content/MainFolder/WorldBuilding/Models/FBX_format/block-grass-large-tall.uasset" 1439
"C:/Users/dunnt/Documents/GitHub/UniGameProject1/OrbIt/Content/MainFolder/WorldBuilding/Models/FBX_format/block-grass-large-tall.uexp" 1440
"C:/Users/dunnt/Documents/GitHub/UniGameProject1/OrbIt/Content/MainFolder/WorldBuilding/Models/FBX_format/block-grass-large-slope.ubulk" 1441
"C:/Users/dunnt/Documents/GitHub/UniGameProject1/OrbIt/Content/MainFolder/WorldBuilding/Models/FBX_format/block-grass-large-slope.uasset" 1442
"C:/Users/dunnt/Documents/GitHub/UniGameProject1/OrbIt/Content/MainFolder/WorldBuilding/Models/FBX_format/block-grass-large-slope.uexp" 1443
"C:/Users/dunnt/Documents/GitHub/UniGameProject1/OrbIt/Content/MainFolder/WorldBuilding/Models/FBX_format/block-grass-large-slope-steep.ubulk" 1444
"C:/Users/dunnt/Documents/GitHub/UniGameProject1/OrbIt/Content/MainFolder/WorldBuilding/Models/FBX_format/block-grass-large-slope-steep.uasset" 1445
"C:/Users/dunnt/Documents/GitHub/UniGameProject1/OrbIt/Content/MainFolder/WorldBuilding/Models/FBX_format/block-grass-large-slope-steep.uexp" 1446
"C:/Users/dunnt/Documents/GitHub/UniGameProject1/OrbIt/Content/MainFolder/WorldBuilding/Models/FBX_format/block-grass-large-slope-steep-narrow.ubulk" 1447
"C:/Users/dunnt/Documents/GitHub/UniGameProject1/OrbIt/Content/MainFolder/WorldBuilding/Models/FBX_format/block-grass-large-slope-steep-narrow.uasset" 1448
"C:/Users/dunnt/Documents/GitHub/UniGameProject1/OrbIt/Content/MainFolder/WorldBuilding/Models/FBX_format/block-grass-large-slope-steep-narrow.uexp" 1449
"C:/Users/dunnt/Documents/GitHub/UniGameProject1/OrbIt/Content/MainFolder/WorldBuilding/Models/FBX_format/block-grass-large-slope-narrow.ubulk" 1450
"C:/Users/dunnt/Documents/GitHub/UniGameProject1/OrbIt/Content/MainFolder/WorldBuilding/Models/FBX_format/block-grass-large-slope-narrow.uasset" 1451
"C:/Users/dunnt/Documents/GitHub/UniGameProject1/OrbIt/Content/MainFolder/WorldBuilding/Models/FBX_format/block-grass-large-slope-narrow.uexp" 1452
"C:/Users/dunnt/Documents/GitHub/UniGameProject1/OrbIt/Content/MainFolder/WorldBuilding/Models/FBX_format/block-grass-hexagon.ubulk" 1453
"C:/Users/dunnt/Documents/GitHub/UniGameProject1/OrbIt/Content/MainFolder/WorldBuilding/Models/FBX_format/block-grass-hexagon.uasset" 1454
"C:/Users/dunnt/Documents/GitHub/UniGameProject1/OrbIt/Content/MainFolder/WorldBuilding/Models/FBX_format/block-grass-hexagon.uexp" 1455
"C:/Users/dunnt/Documents/GitHub/UniGameProject1/OrbIt/Content/MainFolder/WorldBuilding/Models/FBX_format/block-grass-edge.ubulk" 1456
"C:/Users/dunnt/Documents/GitHub/UniGameProject1/OrbIt/Content/MainFolder/WorldBuilding/Models/FBX_format/block-grass-edge.uasset" 1457
"C:/Users/dunnt/Documents/GitHub/UniGameProject1/OrbIt/Content/MainFolder/WorldBuilding/Models/FBX_format/block-grass-edge.uexp" 1458
"C:/Users/dunnt/Documents/GitHub/UniGameProject1/OrbIt/Content/MainFolder/WorldBuilding/Models/FBX_format/block-grass-curve.ubulk" 1459
"C:/Users/dunnt/Documents/GitHub/UniGameProject1/OrbIt/Content/MainFolder/WorldBuilding/Models/FBX_format/block-grass-curve.uasset" 1460
"C:/Users/dunnt/Documents/GitHub/UniGameProject1/OrbIt/Content/MainFolder/WorldBuilding/Models/FBX_format/block-grass-curve.uexp" 1461
"C:/Users/dunnt/Documents/GitHub/UniGameProject1/OrbIt/Content/MainFolder/WorldBuilding/Models/FBX_format/block-grass-curve-low.ubulk" 1462
"C:/Users/dunnt/Documents/GitHub/UniGameProject1/OrbIt/Content/MainFolder/WorldBuilding/Models/FBX_format/block-grass-curve-low.uasset" 1463
"C:/Users/dunnt/Documents/GitHub/UniGameProject1/OrbIt/Content/MainFolder/WorldBuilding/Models/FBX_format/block-grass-curve-low.uexp" 1464
"C:/Users/dunnt/Documents/GitHub/UniGameProject1/OrbIt/Content/MainFolder/WorldBuilding/Models/FBX_format/block-grass-curve-half.ubulk" 1465
"C:/Users/dunnt/Documents/GitHub/UniGameProject1/OrbIt/Content/MainFolder/WorldBuilding/Models/FBX_format/block-grass-curve-half.uasset" 1466
"C:/Users/dunnt/Documents/GitHub/UniGameProject1/OrbIt/Content/MainFolder/WorldBuilding/Models/FBX_format/block-grass-curve-half.uexp" 1467
"C:/Users/dunnt/Documents/GitHub/UniGameProject1/OrbIt/Content/MainFolder/WorldBuilding/Models/FBX_format/block-grass-corner.ubulk" 1468
"C:/Users/dunnt/Documents/GitHub/UniGameProject1/OrbIt/Content/MainFolder/WorldBuilding/Models/FBX_format/block-grass-corner.uasset" 1469
"C:/Users/dunnt/Documents/GitHub/UniGameProject1/OrbIt/Content/MainFolder/WorldBuilding/Models/FBX_format/block-grass-corner.uexp" 1470
"C:/Users/dunnt/Documents/GitHub/UniGameProject1/OrbIt/Content/MainFolder/WorldBuilding/Models/FBX_format/block-grass-corner-overhang.ubulk" 1471
"C:/Users/dunnt/Documents/GitHub/UniGameProject1/OrbIt/Content/MainFolder/WorldBuilding/Models/FBX_format/block-grass-corner-overhang.uasset" 1472
"C:/Users/dunnt/Documents/GitHub/UniGameProject1/OrbIt/Content/MainFolder/WorldBuilding/Models/FBX_format/block-grass-corner-overhang.uexp" 1473
"C:/Users/dunnt/Documents/GitHub/UniGameProject1/OrbIt/Content/MainFolder/WorldBuilding/Models/FBX_format/block-grass-corner-overhang-low.ubulk" 1474
"C:/Users/dunnt/Documents/GitHub/UniGameProject1/OrbIt/Content/MainFolder/WorldBuilding/Models/FBX_format/block-grass-corner-overhang-low.uasset" 1475
"C:/Users/dunnt/Documents/GitHub/UniGameProject1/OrbIt/Content/MainFolder/WorldBuilding/Models/FBX_format/block-grass-corner-overhang-low.uexp" 1476
"C:/Users/dunnt/Documents/GitHub/UniGameProject1/OrbIt/Content/MainFolder/WorldBuilding/Models/FBX_format/block-grass-corner-low.ubulk" 1477
"C:/Users/dunnt/Documents/GitHub/UniGameProject1/OrbIt/Content/MainFolder/WorldBuilding/Models/FBX_format/block-grass-corner-low.uasset" 1478
"C:/Users/dunnt/Documents/GitHub/UniGameProject1/OrbIt/Content/MainFolder/WorldBuilding/Models/FBX_format/block-grass-corner-low.uexp" 1479
"C:/Users/dunnt/Documents/GitHub/UniGameProject1/OrbIt/Content/MainFolder/WorldBuilding/Models/FBX_format/barrel.ubulk" 1480
"C:/Users/dunnt/Documents/GitHub/UniGameProject1/OrbIt/Content/MainFolder/WorldBuilding/Models/FBX_format/barrel.uasset" 1481
"C:/Users/dunnt/Documents/GitHub/UniGameProject1/OrbIt/Content/MainFolder/WorldBuilding/Models/FBX_format/barrel.uexp" 1482
"C:/Users/dunnt/Documents/GitHub/UniGameProject1/OrbIt/Content/MainFolder/WorldBuilding/Models/FBX_format/arrows.ubulk" 1483
"C:/Users/dunnt/Documents/GitHub/UniGameProject1/OrbIt/Content/MainFolder/WorldBuilding/Models/FBX_format/arrows.uasset" 1484
"C:/Users/dunnt/Documents/GitHub/UniGameProject1/OrbIt/Content/MainFolder/WorldBuilding/Models/FBX_format/arrows.uexp" 1485
"C:/Users/dunnt/Documents/GitHub/UniGameProject1/OrbIt/Content/MainFolder/WorldBuilding/Models/FBX_format/arrow.ubulk" 1486
"C:/Users/dunnt/Documents/GitHub/UniGameProject1/OrbIt/Content/MainFolder/WorldBuilding/Models/FBX_format/arrow.uasset" 1487
"C:/Users/dunnt/Documents/GitHub/UniGameProject1/OrbIt/Content/MainFolder/WorldBuilding/Models/FBX_format/arrow.uexp" 1488
"C:/Users/dunnt/Documents/GitHub/UniGameProject1/OrbIt/Content/MainFolder/Blueprints/HUDs/TutorialHUDs/WBP_Respawn.uasset" 1489
"C:/Users/dunnt/Documents/GitHub/UniGameProject1/OrbIt/Content/MainFolder/Blueprints/HUDs/TutorialHUDs/WBP_Respawn.uexp" 1490
"C:/Users/dunnt/Documents/GitHub/UniGameProject1/OrbIt/Content/MainFolder/Blueprints/Objects/TutorialObjects/BP_Respawn.uasset" 1491
"C:/Users/dunnt/Documents/GitHub/UniGameProject1/OrbIt/Content/MainFolder/Blueprints/Objects/TutorialObjects/BP_Respawn.uexp" 1492
"C:/Users/dunnt/Documents/GitHub/UniGameProject1/OrbIt/Content/MainFolder/Blueprints/HUDs/TutorialHUDs/WBP_RedOrb.uasset" 1493
"C:/Users/dunnt/Documents/GitHub/UniGameProject1/OrbIt/Content/MainFolder/Blueprints/HUDs/TutorialHUDs/WBP_RedOrb.uexp" 1494
"C:/Users/dunnt/Documents/GitHub/UniGameProject1/OrbIt/Content/MainFolder/Blueprints/Objects/TutorialObjects/BP_RedOrb.uasset" 1495
"C:/Users/dunnt/Documents/GitHub/UniGameProject1/OrbIt/Content/MainFolder/Blueprints/Objects/TutorialObjects/BP_RedOrb.uexp" 1496
"C:/Users/dunnt/Documents/GitHub/UniGameProject1/OrbIt/Content/MainFolder/Blueprints/HUDs/TutorialHUDs/WBP_Movement.uasset" 1497
"C:/Users/dunnt/Documents/GitHub/UniGameProject1/OrbIt/Content/MainFolder/Blueprints/HUDs/TutorialHUDs/WBP_Movement.uexp" 1498
"C:/Users/dunnt/Documents/GitHub/UniGameProject1/OrbIt/Content/MainFolder/Blueprints/Objects/TutorialObjects/BP_Movement.uasset" 1499
"C:/Users/dunnt/Documents/GitHub/UniGameProject1/OrbIt/Content/MainFolder/Blueprints/Objects/TutorialObjects/BP_Movement.uexp" 1500
"C:/Users/dunnt/Documents/GitHub/UniGameProject1/OrbIt/Content/MainFolder/Blueprints/HUDs/TutorialHUDs/WBP_Jump.uasset" 1501
"C:/Users/dunnt/Documents/GitHub/UniGameProject1/OrbIt/Content/MainFolder/Blueprints/HUDs/TutorialHUDs/WBP_Jump.uexp" 1502
"C:/Users/dunnt/Documents/GitHub/UniGameProject1/OrbIt/Content/MainFolder/Blueprints/Objects/TutorialObjects/BP_Jump.uasset" 1503
"C:/Users/dunnt/Documents/GitHub/UniGameProject1/OrbIt/Content/MainFolder/Blueprints/Objects/TutorialObjects/BP_Jump.uexp" 1504
"C:/Users/dunnt/Documents/GitHub/UniGameProject1/OrbIt/Content/MainFolder/Blueprints/HUDs/TutorialHUDs/WBP_Interact.uasset" 1505
"C:/Users/dunnt/Documents/GitHub/UniGameProject1/OrbIt/Content/MainFolder/Blueprints/HUDs/TutorialHUDs/WBP_Interact.uexp" 1506
"C:/Users/dunnt/Documents/GitHub/UniGameProject1/OrbIt/Content/MainFolder/Blueprints/Objects/TutorialObjects/BP_Interact.uasset" 1507
"C:/Users/dunnt/Documents/GitHub/UniGameProject1/OrbIt/Content/MainFolder/Blueprints/Objects/TutorialObjects/BP_Interact.uexp" 1508
"C:/Users/dunnt/Documents/GitHub/UniGameProject1/OrbIt/Content/MainFolder/Blueprints/HUDs/TutorialHUDs/WBP_Dash.uasset" 1509
"C:/Users/dunnt/Documents/GitHub/UniGameProject1/OrbIt/Content/MainFolder/Blueprints/HUDs/TutorialHUDs/WBP_Dash.uexp" 1510
"C:/Users/dunnt/Documents/GitHub/UniGameProject1/OrbIt/Content/MainFolder/Blueprints/Objects/TutorialObjects/BP_Dash.uasset" 1511
"C:/Users/dunnt/Documents/GitHub/UniGameProject1/OrbIt/Content/MainFolder/Blueprints/Objects/TutorialObjects/BP_Dash.uexp" 1512
"C:/Users/dunnt/Documents/GitHub/UniGameProject1/OrbIt/Content/MainFolder/Blueprints/HUDs/TutorialHUDs/WBP_Checkpoint.uasset" 1513
"C:/Users/dunnt/Documents/GitHub/UniGameProject1/OrbIt/Content/MainFolder/Blueprints/HUDs/TutorialHUDs/WBP_Checkpoint.uexp" 1514
"C:/Users/dunnt/Documents/GitHub/UniGameProject1/OrbIt/Content/MainFolder/Blueprints/Objects/TutorialObjects/BP_Checkpoint.uasset" 1515
"C:/Users/dunnt/Documents/GitHub/UniGameProject1/OrbIt/Content/MainFolder/Blueprints/Objects/TutorialObjects/BP_Checkpoint.uexp" 1516
"C:/Users/dunnt/Documents/GitHub/UniGameProject1/OrbIt/Content/MainFolder/Blueprints/HUDs/TutorialHUDs/WBP_BlueOrb.uasset" 1517
"C:/Users/dunnt/Documents/GitHub/UniGameProject1/OrbIt/Content/MainFolder/Blueprints/HUDs/TutorialHUDs/WBP_BlueOrb.uexp" 1518
"C:/Users/dunnt/Documents/GitHub/UniGameProject1/OrbIt/Content/MainFolder/Blueprints/Objects/TutorialObjects/BP_BlueOrb.uasset" 1519
"C:/Users/dunnt/Documents/GitHub/UniGameProject1/OrbIt/Content/MainFolder/Blueprints/Objects/TutorialObjects/BP_BlueOrb.uexp" 1520
"C:/Users/dunnt/Documents/GitHub/UniGameProject1/OrbIt/Content/Characters/Mannequins/Textures/Manny/T_Manny_02_N.ubulk" 1521
"C:/Users/dunnt/Documents/GitHub/UniGameProject1/OrbIt/Content/Characters/Mannequins/Textures/Manny/T_Manny_02_N.uasset" 1522
"C:/Users/dunnt/Documents/GitHub/UniGameProject1/OrbIt/Content/Characters/Mannequins/Textures/Manny/T_Manny_02_N.uexp" 1523
"C:/Users/dunnt/Documents/GitHub/UniGameProject1/OrbIt/Content/MainFolder/WorldBuilding/Models/Textures/variation-a.ubulk" 1524
"C:/Users/dunnt/Documents/GitHub/UniGameProject1/OrbIt/Content/MainFolder/WorldBuilding/Models/Textures/variation-a.uasset" 1525
"C:/Users/dunnt/Documents/GitHub/UniGameProject1/OrbIt/Content/MainFolder/WorldBuilding/Models/Textures/variation-a.uexp" 1526
"C:/Users/dunnt/Documents/GitHub/UniGameProject1/OrbIt/Content/MainFolder/WorldBuilding/Models/OBJ_format/tree.ubulk" 1527
"C:/Users/dunnt/Documents/GitHub/UniGameProject1/OrbIt/Content/MainFolder/WorldBuilding/Models/OBJ_format/tree.uasset" 1528
"C:/Users/dunnt/Documents/GitHub/UniGameProject1/OrbIt/Content/MainFolder/WorldBuilding/Models/OBJ_format/tree.uexp" 1529
"C:/Users/dunnt/Documents/GitHub/UniGameProject1/OrbIt/Content/MainFolder/WorldBuilding/Models/OBJ_format/tree-snow.ubulk" 1530
"C:/Users/dunnt/Documents/GitHub/UniGameProject1/OrbIt/Content/MainFolder/WorldBuilding/Models/OBJ_format/tree-snow.uasset" 1531
"C:/Users/dunnt/Documents/GitHub/UniGameProject1/OrbIt/Content/MainFolder/WorldBuilding/Models/OBJ_format/tree-snow.uexp" 1532
"C:/Users/dunnt/Documents/GitHub/UniGameProject1/OrbIt/Content/MainFolder/WorldBuilding/Models/OBJ_format/tree-pine.ubulk" 1533
"C:/Users/dunnt/Documents/GitHub/UniGameProject1/OrbIt/Content/MainFolder/WorldBuilding/Models/OBJ_format/tree-pine.uasset" 1534
"C:/Users/dunnt/Documents/GitHub/UniGameProject1/OrbIt/Content/MainFolder/WorldBuilding/Models/OBJ_format/tree-pine.uexp" 1535
"C:/Users/dunnt/Documents/GitHub/UniGameProject1/OrbIt/Content/MainFolder/WorldBuilding/Models/OBJ_format/tree-pine-snow.ubulk" 1536
"C:/Users/dunnt/Documents/GitHub/UniGameProject1/OrbIt/Content/MainFolder/WorldBuilding/Models/OBJ_format/tree-pine-snow.uasset" 1537
"C:/Users/dunnt/Documents/GitHub/UniGameProject1/OrbIt/Content/MainFolder/WorldBuilding/Models/OBJ_format/tree-pine-snow.uexp" 1538
"C:/Users/dunnt/Documents/GitHub/UniGameProject1/OrbIt/Content/MainFolder/WorldBuilding/Models/OBJ_format/tree-pine-snow-small.ubulk" 1539
"C:/Users/dunnt/Documents/GitHub/UniGameProject1/OrbIt/Content/MainFolder/WorldBuilding/Models/OBJ_format/tree-pine-snow-small.uasset" 1540
"C:/Users/dunnt/Documents/GitHub/UniGameProject1/OrbIt/Content/MainFolder/WorldBuilding/Models/OBJ_format/tree-pine-snow-small.uexp" 1541
"C:/Users/dunnt/Documents/GitHub/UniGameProject1/OrbIt/Content/MainFolder/WorldBuilding/Models/OBJ_format/tree-pine-small.ubulk" 1542
"C:/Users/dunnt/Documents/GitHub/UniGameProject1/OrbIt/Content/MainFolder/WorldBuilding/Models/OBJ_format/tree-pine-small.uasset" 1543
"C:/Users/dunnt/Documents/GitHub/UniGameProject1/OrbIt/Content/MainFolder/WorldBuilding/Models/OBJ_format/tree-pine-small.uexp" 1544
"C:/Users/dunnt/Documents/GitHub/UniGameProject1/OrbIt/Content/MainFolder/WorldBuilding/Models/OBJ_format/trap-spikes.ubulk" 1545
"C:/Users/dunnt/Documents/GitHub/UniGameProject1/OrbIt/Content/MainFolder/WorldBuilding/Models/OBJ_format/trap-spikes.uasset" 1546
"C:/Users/dunnt/Documents/GitHub/UniGameProject1/OrbIt/Content/MainFolder/WorldBuilding/Models/OBJ_format/trap-spikes.uexp" 1547
"C:/Users/dunnt/Documents/GitHub/UniGameProject1/OrbIt/Content/MainFolder/WorldBuilding/Models/OBJ_format/trap-spikes-large.ubulk" 1548
"C:/Users/dunnt/Documents/GitHub/UniGameProject1/OrbIt/Content/MainFolder/WorldBuilding/Models/OBJ_format/trap-spikes-large.uasset" 1549
"C:/Users/dunnt/Documents/GitHub/UniGameProject1/OrbIt/Content/MainFolder/WorldBuilding/Models/OBJ_format/trap-spikes-large.uexp" 1550
"C:/Users/dunnt/Documents/GitHub/UniGameProject1/OrbIt/Content/MainFolder/WorldBuilding/Models/OBJ_format/stones.ubulk" 1551
"C:/Users/dunnt/Documents/GitHub/UniGameProject1/OrbIt/Content/MainFolder/WorldBuilding/Models/OBJ_format/stones.uasset" 1552
"C:/Users/dunnt/Documents/GitHub/UniGameProject1/OrbIt/Content/MainFolder/WorldBuilding/Models/OBJ_format/stones.uexp" 1553
"C:/Users/dunnt/Documents/GitHub/UniGameProject1/OrbIt/Content/MainFolder/WorldBuilding/Models/OBJ_format/spring.ubulk" 1554
"C:/Users/dunnt/Documents/GitHub/UniGameProject1/OrbIt/Content/MainFolder/WorldBuilding/Models/OBJ_format/spring.uasset" 1555
"C:/Users/dunnt/Documents/GitHub/UniGameProject1/OrbIt/Content/MainFolder/WorldBuilding/Models/OBJ_format/spring.uexp" 1556
"C:/Users/dunnt/Documents/GitHub/UniGameProject1/OrbIt/Content/MainFolder/WorldBuilding/Models/OBJ_format/spikes.ubulk" 1557
"C:/Users/dunnt/Documents/GitHub/UniGameProject1/OrbIt/Content/MainFolder/WorldBuilding/Models/OBJ_format/spikes.uasset" 1558
"C:/Users/dunnt/Documents/GitHub/UniGameProject1/OrbIt/Content/MainFolder/WorldBuilding/Models/OBJ_format/spikes.uexp" 1559
"C:/Users/dunnt/Documents/GitHub/UniGameProject1/OrbIt/Content/MainFolder/WorldBuilding/Models/OBJ_format/spike-block.ubulk" 1560
"C:/Users/dunnt/Documents/GitHub/UniGameProject1/OrbIt/Content/MainFolder/WorldBuilding/Models/OBJ_format/spike-block.uasset" 1561
"C:/Users/dunnt/Documents/GitHub/UniGameProject1/OrbIt/Content/MainFolder/WorldBuilding/Models/OBJ_format/spike-block.uexp" 1562
"C:/Users/dunnt/Documents/GitHub/UniGameProject1/OrbIt/Content/MainFolder/WorldBuilding/Models/OBJ_format/spike-block-wide.ubulk" 1563
"C:/Users/dunnt/Documents/GitHub/UniGameProject1/OrbIt/Content/MainFolder/WorldBuilding/Models/OBJ_format/spike-block-wide.uasset" 1564
"C:/Users/dunnt/Documents/GitHub/UniGameProject1/OrbIt/Content/MainFolder/WorldBuilding/Models/OBJ_format/spike-block-wide.uexp" 1565
"C:/Users/dunnt/Documents/GitHub/UniGameProject1/OrbIt/Content/MainFolder/WorldBuilding/Models/OBJ_format/sign.ubulk" 1566
"C:/Users/dunnt/Documents/GitHub/UniGameProject1/OrbIt/Content/MainFolder/WorldBuilding/Models/OBJ_format/sign.uasset" 1567
"C:/Users/dunnt/Documents/GitHub/UniGameProject1/OrbIt/Content/MainFolder/WorldBuilding/Models/OBJ_format/sign.uexp" 1568
"C:/Users/dunnt/Documents/GitHub/UniGameProject1/OrbIt/Content/MainFolder/WorldBuilding/Models/OBJ_format/saw.ubulk" 1569
"C:/Users/dunnt/Documents/GitHub/UniGameProject1/OrbIt/Content/MainFolder/WorldBuilding/Models/OBJ_format/saw.uasset" 1570
"C:/Users/dunnt/Documents/GitHub/UniGameProject1/OrbIt/Content/MainFolder/WorldBuilding/Models/OBJ_format/saw.uexp" 1571
"C:/Users/dunnt/Documents/GitHub/UniGameProject1/OrbIt/Content/MainFolder/WorldBuilding/Models/OBJ_format/rocks.ubulk" 1572
"C:/Users/dunnt/Documents/GitHub/UniGameProject1/OrbIt/Content/MainFolder/WorldBuilding/Models/OBJ_format/rocks.uasset" 1573
"C:/Users/dunnt/Documents/GitHub/UniGameProject1/OrbIt/Content/MainFolder/WorldBuilding/Models/OBJ_format/rocks.uexp" 1574
"C:/Users/dunnt/Documents/GitHub/UniGameProject1/OrbIt/Content/MainFolder/WorldBuilding/Models/OBJ_format/poles.ubulk" 1575
"C:/Users/dunnt/Documents/GitHub/UniGameProject1/OrbIt/Content/MainFolder/WorldBuilding/Models/OBJ_format/poles.uasset" 1576
"C:/Users/dunnt/Documents/GitHub/UniGameProject1/OrbIt/Content/MainFolder/WorldBuilding/Models/OBJ_format/poles.uexp" 1577
"C:/Users/dunnt/Documents/GitHub/UniGameProject1/OrbIt/Content/MainFolder/WorldBuilding/Models/OBJ_format/platform.ubulk" 1578
"C:/Users/dunnt/Documents/GitHub/UniGameProject1/OrbIt/Content/MainFolder/WorldBuilding/Models/OBJ_format/platform.uasset" 1579
"C:/Users/dunnt/Documents/GitHub/UniGameProject1/OrbIt/Content/MainFolder/WorldBuilding/Models/OBJ_format/platform.uexp" 1580
"C:/Users/dunnt/Documents/GitHub/UniGameProject1/OrbIt/Content/MainFolder/WorldBuilding/Models/OBJ_format/platform-ramp.ubulk" 1581
"C:/Users/dunnt/Documents/GitHub/UniGameProject1/OrbIt/Content/MainFolder/WorldBuilding/Models/OBJ_format/platform-ramp.uasset" 1582
"C:/Users/dunnt/Documents/GitHub/UniGameProject1/OrbIt/Content/MainFolder/WorldBuilding/Models/OBJ_format/platform-ramp.uexp" 1583
"C:/Users/dunnt/Documents/GitHub/UniGameProject1/OrbIt/Content/MainFolder/WorldBuilding/Models/OBJ_format/platform-overhang.ubulk" 1584
"C:/Users/dunnt/Documents/GitHub/UniGameProject1/OrbIt/Content/MainFolder/WorldBuilding/Models/OBJ_format/platform-overhang.uasset" 1585
"C:/Users/dunnt/Documents/GitHub/UniGameProject1/OrbIt/Content/MainFolder/WorldBuilding/Models/OBJ_format/platform-overhang.uexp" 1586
"C:/Users/dunnt/Documents/GitHub/UniGameProject1/OrbIt/Content/MainFolder/WorldBuilding/Models/OBJ_format/platform-fortified.ubulk" 1587
"C:/Users/dunnt/Documents/GitHub/UniGameProject1/OrbIt/Content/MainFolder/WorldBuilding/Models/OBJ_format/platform-fortified.uasset" 1588
"C:/Users/dunnt/Documents/GitHub/UniGameProject1/OrbIt/Content/MainFolder/WorldBuilding/Models/OBJ_format/platform-fortified.uexp" 1589
"C:/Users/dunnt/Documents/GitHub/UniGameProject1/OrbIt/Content/MainFolder/WorldBuilding/Models/OBJ_format/plant.ubulk" 1590
"C:/Users/dunnt/Documents/GitHub/UniGameProject1/OrbIt/Content/MainFolder/WorldBuilding/Models/OBJ_format/plant.uasset" 1591
"C:/Users/dunnt/Documents/GitHub/UniGameProject1/OrbIt/Content/MainFolder/WorldBuilding/Models/OBJ_format/plant.uexp" 1592
"C:/Users/dunnt/Documents/GitHub/UniGameProject1/OrbIt/Content/MainFolder/WorldBuilding/Models/OBJ_format/pipe.ubulk" 1593
"C:/Users/dunnt/Documents/GitHub/UniGameProject1/OrbIt/Content/MainFolder/WorldBuilding/Models/OBJ_format/pipe.uasset" 1594
"C:/Users/dunnt/Documents/GitHub/UniGameProject1/OrbIt/Content/MainFolder/WorldBuilding/Models/OBJ_format/pipe.uexp" 1595
"C:/Users/dunnt/Documents/GitHub/UniGameProject1/OrbIt/Content/MainFolder/WorldBuilding/Models/OBJ_format/mushrooms.ubulk" 1596
"C:/Users/dunnt/Documents/GitHub/UniGameProject1/OrbIt/Content/MainFolder/WorldBuilding/Models/OBJ_format/mushrooms.uasset" 1597
"C:/Users/dunnt/Documents/GitHub/UniGameProject1/OrbIt/Content/MainFolder/WorldBuilding/Models/OBJ_format/mushrooms.uexp" 1598
"C:/Users/dunnt/Documents/GitHub/UniGameProject1/OrbIt/Content/MainFolder/WorldBuilding/Models/OBJ_format/lock.ubulk" 1599
"C:/Users/dunnt/Documents/GitHub/UniGameProject1/OrbIt/Content/MainFolder/WorldBuilding/Models/OBJ_format/lock.uasset" 1600
"C:/Users/dunnt/Documents/GitHub/UniGameProject1/OrbIt/Content/MainFolder/WorldBuilding/Models/OBJ_format/lock.uexp" 1601
"C:/Users/dunnt/Documents/GitHub/UniGameProject1/OrbIt/Content/MainFolder/WorldBuilding/Models/OBJ_format/lid.ubulk" 1602
"C:/Users/dunnt/Documents/GitHub/UniGameProject1/OrbIt/Content/MainFolder/WorldBuilding/Models/OBJ_format/lid.uasset" 1603
"C:/Users/dunnt/Documents/GitHub/UniGameProject1/OrbIt/Content/MainFolder/WorldBuilding/Models/OBJ_format/lid.uexp" 1604
"C:/Users/dunnt/Documents/GitHub/UniGameProject1/OrbIt/Content/MainFolder/WorldBuilding/Models/OBJ_format/lever.ubulk" 1605
"C:/Users/dunnt/Documents/GitHub/UniGameProject1/OrbIt/Content/MainFolder/WorldBuilding/Models/OBJ_format/lever.uasset" 1606
"C:/Users/dunnt/Documents/GitHub/UniGameProject1/OrbIt/Content/MainFolder/WorldBuilding/Models/OBJ_format/lever.uexp" 1607
"C:/Users/dunnt/Documents/GitHub/UniGameProject1/OrbIt/Content/MainFolder/WorldBuilding/Models/OBJ_format/ladder.ubulk" 1608
"C:/Users/dunnt/Documents/GitHub/UniGameProject1/OrbIt/Content/MainFolder/WorldBuilding/Models/OBJ_format/ladder.uasset" 1609
"C:/Users/dunnt/Documents/GitHub/UniGameProject1/OrbIt/Content/MainFolder/WorldBuilding/Models/OBJ_format/ladder.uexp" 1610
"C:/Users/dunnt/Documents/GitHub/UniGameProject1/OrbIt/Content/MainFolder/WorldBuilding/Models/OBJ_format/ladder-long.ubulk" 1611
"C:/Users/dunnt/Documents/GitHub/UniGameProject1/OrbIt/Content/MainFolder/WorldBuilding/Models/OBJ_format/ladder-long.uasset" 1612
"C:/Users/dunnt/Documents/GitHub/UniGameProject1/OrbIt/Content/MainFolder/WorldBuilding/Models/OBJ_format/ladder-long.uexp" 1613
"C:/Users/dunnt/Documents/GitHub/UniGameProject1/OrbIt/Content/MainFolder/WorldBuilding/Models/OBJ_format/ladder-broken.ubulk" 1614
"C:/Users/dunnt/Documents/GitHub/UniGameProject1/OrbIt/Content/MainFolder/WorldBuilding/Models/OBJ_format/ladder-broken.uasset" 1615
"C:/Users/dunnt/Documents/GitHub/UniGameProject1/OrbIt/Content/MainFolder/WorldBuilding/Models/OBJ_format/ladder-broken.uexp" 1616
"C:/Users/dunnt/Documents/GitHub/UniGameProject1/OrbIt/Content/MainFolder/WorldBuilding/Models/OBJ_format/key.ubulk" 1617
"C:/Users/dunnt/Documents/GitHub/UniGameProject1/OrbIt/Content/MainFolder/WorldBuilding/Models/OBJ_format/key.uasset" 1618
"C:/Users/dunnt/Documents/GitHub/UniGameProject1/OrbIt/Content/MainFolder/WorldBuilding/Models/OBJ_format/key.uexp" 1619
"C:/Users/dunnt/Documents/GitHub/UniGameProject1/OrbIt/Content/MainFolder/WorldBuilding/Models/OBJ_format/jewel.ubulk" 1620
"C:/Users/dunnt/Documents/GitHub/UniGameProject1/OrbIt/Content/MainFolder/WorldBuilding/Models/OBJ_format/jewel.uasset" 1621
"C:/Users/dunnt/Documents/GitHub/UniGameProject1/OrbIt/Content/MainFolder/WorldBuilding/Models/OBJ_format/jewel.uexp" 1622
"C:/Users/dunnt/Documents/GitHub/UniGameProject1/OrbIt/Content/MainFolder/WorldBuilding/Models/OBJ_format/hedge.ubulk" 1623
"C:/Users/dunnt/Documents/GitHub/UniGameProject1/OrbIt/Content/MainFolder/WorldBuilding/Models/OBJ_format/hedge.uasset" 1624
"C:/Users/dunnt/Documents/GitHub/UniGameProject1/OrbIt/Content/MainFolder/WorldBuilding/Models/OBJ_format/hedge.uexp" 1625
"C:/Users/dunnt/Documents/GitHub/UniGameProject1/OrbIt/Content/MainFolder/WorldBuilding/Models/OBJ_format/hedge-corner.ubulk" 1626
"C:/Users/dunnt/Documents/GitHub/UniGameProject1/OrbIt/Content/MainFolder/WorldBuilding/Models/OBJ_format/hedge-corner.uasset" 1627
"C:/Users/dunnt/Documents/GitHub/UniGameProject1/OrbIt/Content/MainFolder/WorldBuilding/Models/OBJ_format/hedge-corner.uexp" 1628
"C:/Users/dunnt/Documents/GitHub/UniGameProject1/OrbIt/Content/MainFolder/WorldBuilding/Models/OBJ_format/heart.ubulk" 1629
"C:/Users/dunnt/Documents/GitHub/UniGameProject1/OrbIt/Content/MainFolder/WorldBuilding/Models/OBJ_format/heart.uasset" 1630
"C:/Users/dunnt/Documents/GitHub/UniGameProject1/OrbIt/Content/MainFolder/WorldBuilding/Models/OBJ_format/heart.uexp" 1631
"C:/Users/dunnt/Documents/GitHub/UniGameProject1/OrbIt/Content/MainFolder/WorldBuilding/Models/OBJ_format/handle.ubulk" 1632
"C:/Users/dunnt/Documents/GitHub/UniGameProject1/OrbIt/Content/MainFolder/WorldBuilding/Models/OBJ_format/handle.uasset" 1633
"C:/Users/dunnt/Documents/GitHub/UniGameProject1/OrbIt/Content/MainFolder/WorldBuilding/Models/OBJ_format/handle.uexp" 1634
"C:/Users/dunnt/Documents/GitHub/UniGameProject1/OrbIt/Content/MainFolder/WorldBuilding/Models/OBJ_format/grass.ubulk" 1635
"C:/Users/dunnt/Documents/GitHub/UniGameProject1/OrbIt/Content/MainFolder/WorldBuilding/Models/OBJ_format/grass.uasset" 1636
"C:/Users/dunnt/Documents/GitHub/UniGameProject1/OrbIt/Content/MainFolder/WorldBuilding/Models/OBJ_format/grass.uexp" 1637
"C:/Users/dunnt/Documents/GitHub/UniGameProject1/OrbIt/Content/MainFolder/WorldBuilding/Models/OBJ_format/flowers.ubulk" 1638
"C:/Users/dunnt/Documents/GitHub/UniGameProject1/OrbIt/Content/MainFolder/WorldBuilding/Models/OBJ_format/flowers.uasset" 1639
"C:/Users/dunnt/Documents/GitHub/UniGameProject1/OrbIt/Content/MainFolder/WorldBuilding/Models/OBJ_format/flowers.uexp" 1640
"C:/Users/dunnt/Documents/GitHub/UniGameProject1/OrbIt/Content/MainFolder/WorldBuilding/Models/OBJ_format/flowers-tall.ubulk" 1641
"C:/Users/dunnt/Documents/GitHub/UniGameProject1/OrbIt/Content/MainFolder/WorldBuilding/Models/OBJ_format/flowers-tall.uasset" 1642
"C:/Users/dunnt/Documents/GitHub/UniGameProject1/OrbIt/Content/MainFolder/WorldBuilding/Models/OBJ_format/flowers-tall.uexp" 1643
"C:/Users/dunnt/Documents/GitHub/UniGameProject1/OrbIt/Content/MainFolder/WorldBuilding/Models/OBJ_format/flag.ubulk" 1644
"C:/Users/dunnt/Documents/GitHub/UniGameProject1/OrbIt/Content/MainFolder/WorldBuilding/Models/OBJ_format/flag.uasset" 1645
"C:/Users/dunnt/Documents/GitHub/UniGameProject1/OrbIt/Content/MainFolder/WorldBuilding/Models/OBJ_format/flag.uexp" 1646
"C:/Users/dunnt/Documents/GitHub/UniGameProject1/OrbIt/Content/MainFolder/WorldBuilding/Models/OBJ_format/fence-straight.ubulk" 1647
"C:/Users/dunnt/Documents/GitHub/UniGameProject1/OrbIt/Content/MainFolder/WorldBuilding/Models/OBJ_format/fence-straight.uasset" 1648
"C:/Users/dunnt/Documents/GitHub/UniGameProject1/OrbIt/Content/MainFolder/WorldBuilding/Models/OBJ_format/fence-straight.uexp" 1649
"C:/Users/dunnt/Documents/GitHub/UniGameProject1/OrbIt/Content/MainFolder/WorldBuilding/Models/OBJ_format/fence-rope.ubulk" 1650
"C:/Users/dunnt/Documents/GitHub/UniGameProject1/OrbIt/Content/MainFolder/WorldBuilding/Models/OBJ_format/fence-rope.uasset" 1651
"C:/Users/dunnt/Documents/GitHub/UniGameProject1/OrbIt/Content/MainFolder/WorldBuilding/Models/OBJ_format/fence-rope.uexp" 1652
"C:/Users/dunnt/Documents/GitHub/UniGameProject1/OrbIt/Content/MainFolder/WorldBuilding/Models/OBJ_format/fence-low-straight.ubulk" 1653
"C:/Users/dunnt/Documents/GitHub/UniGameProject1/OrbIt/Content/MainFolder/WorldBuilding/Models/OBJ_format/fence-low-straight.uasset" 1654
"C:/Users/dunnt/Documents/GitHub/UniGameProject1/OrbIt/Content/MainFolder/WorldBuilding/Models/OBJ_format/fence-low-straight.uexp" 1655
"C:/Users/dunnt/Documents/GitHub/UniGameProject1/OrbIt/Content/MainFolder/WorldBuilding/Models/OBJ_format/fence-low-corner.ubulk" 1656
"C:/Users/dunnt/Documents/GitHub/UniGameProject1/OrbIt/Content/MainFolder/WorldBuilding/Models/OBJ_format/fence-low-corner.uasset" 1657
"C:/Users/dunnt/Documents/GitHub/UniGameProject1/OrbIt/Content/MainFolder/WorldBuilding/Models/OBJ_format/fence-low-corner.uexp" 1658
"C:/Users/dunnt/Documents/GitHub/UniGameProject1/OrbIt/Content/MainFolder/WorldBuilding/Models/OBJ_format/fence-low-corner-curved.ubulk" 1659
"C:/Users/dunnt/Documents/GitHub/UniGameProject1/OrbIt/Content/MainFolder/WorldBuilding/Models/OBJ_format/fence-low-corner-curved.uasset" 1660
"C:/Users/dunnt/Documents/GitHub/UniGameProject1/OrbIt/Content/MainFolder/WorldBuilding/Models/OBJ_format/fence-low-corner-curved.uexp" 1661
"C:/Users/dunnt/Documents/GitHub/UniGameProject1/OrbIt/Content/MainFolder/WorldBuilding/Models/OBJ_format/fence-low-broken.ubulk" 1662
"C:/Users/dunnt/Documents/GitHub/UniGameProject1/OrbIt/Content/MainFolder/WorldBuilding/Models/OBJ_format/fence-low-broken.uasset" 1663
"C:/Users/dunnt/Documents/GitHub/UniGameProject1/OrbIt/Content/MainFolder/WorldBuilding/Models/OBJ_format/fence-low-broken.uexp" 1664
"C:/Users/dunnt/Documents/GitHub/UniGameProject1/OrbIt/Content/MainFolder/WorldBuilding/Models/OBJ_format/fence-corner.ubulk" 1665
"C:/Users/dunnt/Documents/GitHub/UniGameProject1/OrbIt/Content/MainFolder/WorldBuilding/Models/OBJ_format/fence-corner.uasset" 1666
"C:/Users/dunnt/Documents/GitHub/UniGameProject1/OrbIt/Content/MainFolder/WorldBuilding/Models/OBJ_format/fence-corner.uexp" 1667
"C:/Users/dunnt/Documents/GitHub/UniGameProject1/OrbIt/Content/MainFolder/WorldBuilding/Models/OBJ_format/fence-corner-curved.ubulk" 1668
"C:/Users/dunnt/Documents/GitHub/UniGameProject1/OrbIt/Content/MainFolder/WorldBuilding/Models/OBJ_format/fence-corner-curved.uasset" 1669
"C:/Users/dunnt/Documents/GitHub/UniGameProject1/OrbIt/Content/MainFolder/WorldBuilding/Models/OBJ_format/fence-corner-curved.uexp" 1670
"C:/Users/dunnt/Documents/GitHub/UniGameProject1/OrbIt/Content/MainFolder/WorldBuilding/Models/OBJ_format/fence-broken.ubulk" 1671
"C:/Users/dunnt/Documents/GitHub/UniGameProject1/OrbIt/Content/MainFolder/WorldBuilding/Models/OBJ_format/fence-broken.uasset" 1672
"C:/Users/dunnt/Documents/GitHub/UniGameProject1/OrbIt/Content/MainFolder/WorldBuilding/Models/OBJ_format/fence-broken.uexp" 1673
"C:/Users/dunnt/Documents/GitHub/UniGameProject1/OrbIt/Content/MainFolder/WorldBuilding/Models/OBJ_format/door.ubulk" 1674
"C:/Users/dunnt/Documents/GitHub/UniGameProject1/OrbIt/Content/MainFolder/WorldBuilding/Models/OBJ_format/door.uasset" 1675
"C:/Users/dunnt/Documents/GitHub/UniGameProject1/OrbIt/Content/MainFolder/WorldBuilding/Models/OBJ_format/door.uexp" 1676
"C:/Users/dunnt/Documents/GitHub/UniGameProject1/OrbIt/Content/MainFolder/WorldBuilding/Models/OBJ_format/door-rotate.ubulk" 1677
"C:/Users/dunnt/Documents/GitHub/UniGameProject1/OrbIt/Content/MainFolder/WorldBuilding/Models/OBJ_format/door-rotate.uasset" 1678
"C:/Users/dunnt/Documents/GitHub/UniGameProject1/OrbIt/Content/MainFolder/WorldBuilding/Models/OBJ_format/door-rotate.uexp" 1679
"C:/Users/dunnt/Documents/GitHub/UniGameProject1/OrbIt/Content/MainFolder/WorldBuilding/Models/OBJ_format/door-rotate-large.ubulk" 1680
"C:/Users/dunnt/Documents/GitHub/UniGameProject1/OrbIt/Content/MainFolder/WorldBuilding/Models/OBJ_format/door-rotate-large.uasset" 1681
"C:/Users/dunnt/Documents/GitHub/UniGameProject1/OrbIt/Content/MainFolder/WorldBuilding/Models/OBJ_format/door-rotate-large.uexp" 1682
"C:/Users/dunnt/Documents/GitHub/UniGameProject1/OrbIt/Content/MainFolder/WorldBuilding/Models/OBJ_format/door-open.ubulk" 1683
"C:/Users/dunnt/Documents/GitHub/UniGameProject1/OrbIt/Content/MainFolder/WorldBuilding/Models/OBJ_format/door-open.uasset" 1684
"C:/Users/dunnt/Documents/GitHub/UniGameProject1/OrbIt/Content/MainFolder/WorldBuilding/Models/OBJ_format/door-open.uexp" 1685
"C:/Users/dunnt/Documents/GitHub/UniGameProject1/OrbIt/Content/MainFolder/WorldBuilding/Models/OBJ_format/door-large-open.ubulk" 1686
"C:/Users/dunnt/Documents/GitHub/UniGameProject1/OrbIt/Content/MainFolder/WorldBuilding/Models/OBJ_format/door-large-open.uasset" 1687
"C:/Users/dunnt/Documents/GitHub/UniGameProject1/OrbIt/Content/MainFolder/WorldBuilding/Models/OBJ_format/door-large-open.uexp" 1688
"C:/Users/dunnt/Documents/GitHub/UniGameProject1/OrbIt/Content/MainFolder/WorldBuilding/Models/OBJ_format/crate-strong.ubulk" 1689
"C:/Users/dunnt/Documents/GitHub/UniGameProject1/OrbIt/Content/MainFolder/WorldBuilding/Models/OBJ_format/crate-strong.uasset" 1690
"C:/Users/dunnt/Documents/GitHub/UniGameProject1/OrbIt/Content/MainFolder/WorldBuilding/Models/OBJ_format/crate-strong.uexp" 1691
"C:/Users/dunnt/Documents/GitHub/UniGameProject1/OrbIt/Content/MainFolder/WorldBuilding/Models/OBJ_format/crate-item.ubulk" 1692
"C:/Users/dunnt/Documents/GitHub/UniGameProject1/OrbIt/Content/MainFolder/WorldBuilding/Models/OBJ_format/crate-item.uasset" 1693
"C:/Users/dunnt/Documents/GitHub/UniGameProject1/OrbIt/Content/MainFolder/WorldBuilding/Models/OBJ_format/crate-item.uexp" 1694
"C:/Users/dunnt/Documents/GitHub/UniGameProject1/OrbIt/Content/MainFolder/WorldBuilding/Models/OBJ_format/crate-item-strong.ubulk" 1695
"C:/Users/dunnt/Documents/GitHub/UniGameProject1/OrbIt/Content/MainFolder/WorldBuilding/Models/OBJ_format/crate-item-strong.uasset" 1696
"C:/Users/dunnt/Documents/GitHub/UniGameProject1/OrbIt/Content/MainFolder/WorldBuilding/Models/OBJ_format/crate-item-strong.uexp" 1697
"C:/Users/dunnt/Documents/GitHub/UniGameProject1/OrbIt/Content/MainFolder/WorldBuilding/Models/OBJ_format/conveyor-belt.ubulk" 1698
"C:/Users/dunnt/Documents/GitHub/UniGameProject1/OrbIt/Content/MainFolder/WorldBuilding/Models/OBJ_format/conveyor-belt.uasset" 1699
"C:/Users/dunnt/Documents/GitHub/UniGameProject1/OrbIt/Content/MainFolder/WorldBuilding/Models/OBJ_format/conveyor-belt.uexp" 1700
"C:/Users/dunnt/Documents/GitHub/UniGameProject1/OrbIt/Content/MainFolder/WorldBuilding/Models/OBJ_format/coin-silver.ubulk" 1701
"C:/Users/dunnt/Documents/GitHub/UniGameProject1/OrbIt/Content/MainFolder/WorldBuilding/Models/OBJ_format/coin-silver.uasset" 1702
"C:/Users/dunnt/Documents/GitHub/UniGameProject1/OrbIt/Content/MainFolder/WorldBuilding/Models/OBJ_format/coin-silver.uexp" 1703
"C:/Users/dunnt/Documents/GitHub/UniGameProject1/OrbIt/Content/MainFolder/WorldBuilding/Models/OBJ_format/coin-bronze.ubulk" 1704
"C:/Users/dunnt/Documents/GitHub/UniGameProject1/OrbIt/Content/MainFolder/WorldBuilding/Models/OBJ_format/coin-bronze.uasset" 1705
"C:/Users/dunnt/Documents/GitHub/UniGameProject1/OrbIt/Content/MainFolder/WorldBuilding/Models/OBJ_format/coin-bronze.uexp" 1706
"C:/Users/dunnt/Documents/GitHub/UniGameProject1/OrbIt/Content/MainFolder/WorldBuilding/Models/OBJ_format/chest.ubulk" 1707
"C:/Users/dunnt/Documents/GitHub/UniGameProject1/OrbIt/Content/MainFolder/WorldBuilding/Models/OBJ_format/chest.uasset" 1708
"C:/Users/dunnt/Documents/GitHub/UniGameProject1/OrbIt/Content/MainFolder/WorldBuilding/Models/OBJ_format/chest.uexp" 1709
"C:/Users/dunnt/Documents/GitHub/UniGameProject1/OrbIt/Content/MainFolder/WorldBuilding/Models/OBJ_format/character-oozi.ubulk" 1710
"C:/Users/dunnt/Documents/GitHub/UniGameProject1/OrbIt/Content/MainFolder/WorldBuilding/Models/OBJ_format/character-oozi.uasset" 1711
"C:/Users/dunnt/Documents/GitHub/UniGameProject1/OrbIt/Content/MainFolder/WorldBuilding/Models/OBJ_format/character-oozi.uexp" 1712
"C:/Users/dunnt/Documents/GitHub/UniGameProject1/OrbIt/Content/MainFolder/WorldBuilding/Models/OBJ_format/character-oopi.ubulk" 1713
"C:/Users/dunnt/Documents/GitHub/UniGameProject1/OrbIt/Content/MainFolder/WorldBuilding/Models/OBJ_format/character-oopi.uasset" 1714
"C:/Users/dunnt/Documents/GitHub/UniGameProject1/OrbIt/Content/MainFolder/WorldBuilding/Models/OBJ_format/character-oopi.uexp" 1715
"C:/Users/dunnt/Documents/GitHub/UniGameProject1/OrbIt/Content/MainFolder/WorldBuilding/Models/OBJ_format/character-ooli.ubulk" 1716
"C:/Users/dunnt/Documents/GitHub/UniGameProject1/OrbIt/Content/MainFolder/WorldBuilding/Models/OBJ_format/character-ooli.uasset" 1717
"C:/Users/dunnt/Documents/GitHub/UniGameProject1/OrbIt/Content/MainFolder/WorldBuilding/Models/OBJ_format/character-ooli.uexp" 1718
"C:/Users/dunnt/Documents/GitHub/UniGameProject1/OrbIt/Content/MainFolder/WorldBuilding/Models/OBJ_format/character-oodi.ubulk" 1719
"C:/Users/dunnt/Documents/GitHub/UniGameProject1/OrbIt/Content/MainFolder/WorldBuilding/Models/OBJ_format/character-oodi.uasset" 1720
"C:/Users/dunnt/Documents/GitHub/UniGameProject1/OrbIt/Content/MainFolder/WorldBuilding/Models/OBJ_format/character-oodi.uexp" 1721
"C:/Users/dunnt/Documents/GitHub/UniGameProject1/OrbIt/Content/MainFolder/WorldBuilding/Models/OBJ_format/character-oobi.ubulk" 1722
"C:/Users/dunnt/Documents/GitHub/UniGameProject1/OrbIt/Content/MainFolder/WorldBuilding/Models/OBJ_format/character-oobi.uasset" 1723
"C:/Users/dunnt/Documents/GitHub/UniGameProject1/OrbIt/Content/MainFolder/WorldBuilding/Models/OBJ_format/character-oobi.uexp" 1724
"C:/Users/dunnt/Documents/GitHub/UniGameProject1/OrbIt/Content/MainFolder/WorldBuilding/Models/OBJ_format/button.ubulk" 1725
"C:/Users/dunnt/Documents/GitHub/UniGameProject1/OrbIt/Content/MainFolder/WorldBuilding/Models/OBJ_format/button.uasset" 1726
"C:/Users/dunnt/Documents/GitHub/UniGameProject1/OrbIt/Content/MainFolder/WorldBuilding/Models/OBJ_format/button.uexp" 1727
"C:/Users/dunnt/Documents/GitHub/UniGameProject1/OrbIt/Content/MainFolder/WorldBuilding/Models/OBJ_format/button-square.ubulk" 1728
"C:/Users/dunnt/Documents/GitHub/UniGameProject1/OrbIt/Content/MainFolder/WorldBuilding/Models/OBJ_format/button-square.uasset" 1729
"C:/Users/dunnt/Documents/GitHub/UniGameProject1/OrbIt/Content/MainFolder/WorldBuilding/Models/OBJ_format/button-square.uexp" 1730
"C:/Users/dunnt/Documents/GitHub/UniGameProject1/OrbIt/Content/MainFolder/WorldBuilding/Models/OBJ_format/button-round.ubulk" 1731
"C:/Users/dunnt/Documents/GitHub/UniGameProject1/OrbIt/Content/MainFolder/WorldBuilding/Models/OBJ_format/button-round.uasset" 1732
"C:/Users/dunnt/Documents/GitHub/UniGameProject1/OrbIt/Content/MainFolder/WorldBuilding/Models/OBJ_format/button-round.uexp" 1733
"C:/Users/dunnt/Documents/GitHub/UniGameProject1/OrbIt/Content/MainFolder/WorldBuilding/Models/OBJ_format/brick.ubulk" 1734
"C:/Users/dunnt/Documents/GitHub/UniGameProject1/OrbIt/Content/MainFolder/WorldBuilding/Models/OBJ_format/brick.uasset" 1735
"C:/Users/dunnt/Documents/GitHub/UniGameProject1/OrbIt/Content/MainFolder/WorldBuilding/Models/OBJ_format/brick.uexp" 1736
"C:/Users/dunnt/Documents/GitHub/UniGameProject1/OrbIt/Content/MainFolder/WorldBuilding/Models/OBJ_format/bomb.ubulk" 1737
"C:/Users/dunnt/Documents/GitHub/UniGameProject1/OrbIt/Content/MainFolder/WorldBuilding/Models/OBJ_format/bomb.uasset" 1738
"C:/Users/dunnt/Documents/GitHub/UniGameProject1/OrbIt/Content/MainFolder/WorldBuilding/Models/OBJ_format/bomb.uexp" 1739
"C:/Users/dunnt/Documents/GitHub/UniGameProject1/OrbIt/Content/MainFolder/WorldBuilding/Models/OBJ_format/block-snow.ubulk" 1740
"C:/Users/dunnt/Documents/GitHub/UniGameProject1/OrbIt/Content/MainFolder/WorldBuilding/Models/OBJ_format/block-snow.uasset" 1741
"C:/Users/dunnt/Documents/GitHub/UniGameProject1/OrbIt/Content/MainFolder/WorldBuilding/Models/OBJ_format/block-snow.uexp" 1742
"C:/Users/dunnt/Documents/GitHub/UniGameProject1/OrbIt/Content/MainFolder/WorldBuilding/Models/OBJ_format/block-snow-overhang-narrow.ubulk" 1743
"C:/Users/dunnt/Documents/GitHub/UniGameProject1/OrbIt/Content/MainFolder/WorldBuilding/Models/OBJ_format/block-snow-overhang-narrow.uasset" 1744
"C:/Users/dunnt/Documents/GitHub/UniGameProject1/OrbIt/Content/MainFolder/WorldBuilding/Models/OBJ_format/block-snow-overhang-narrow.uexp" 1745
"C:/Users/dunnt/Documents/GitHub/UniGameProject1/OrbIt/Content/MainFolder/WorldBuilding/Models/OBJ_format/block-snow-overhang-low.ubulk" 1746
"C:/Users/dunnt/Documents/GitHub/UniGameProject1/OrbIt/Content/MainFolder/WorldBuilding/Models/OBJ_format/block-snow-overhang-low.uasset" 1747
"C:/Users/dunnt/Documents/GitHub/UniGameProject1/OrbIt/Content/MainFolder/WorldBuilding/Models/OBJ_format/block-snow-overhang-low.uexp" 1748
"C:/Users/dunnt/Documents/GitHub/UniGameProject1/OrbIt/Content/MainFolder/WorldBuilding/Models/OBJ_format/block-snow-overhang-low-narrow.ubulk" 1749
"C:/Users/dunnt/Documents/GitHub/UniGameProject1/OrbIt/Content/MainFolder/WorldBuilding/Models/OBJ_format/block-snow-overhang-low-narrow.uasset" 1750
"C:/Users/dunnt/Documents/GitHub/UniGameProject1/OrbIt/Content/MainFolder/WorldBuilding/Models/OBJ_format/block-snow-overhang-low-narrow.uexp" 1751
"C:/Users/dunnt/Documents/GitHub/UniGameProject1/OrbIt/Content/MainFolder/WorldBuilding/Models/OBJ_format/block-snow-overhang-low-long.ubulk" 1752
"C:/Users/dunnt/Documents/GitHub/UniGameProject1/OrbIt/Content/MainFolder/WorldBuilding/Models/OBJ_format/block-snow-overhang-low-long.uasset" 1753
"C:/Users/dunnt/Documents/GitHub/UniGameProject1/OrbIt/Content/MainFolder/WorldBuilding/Models/OBJ_format/block-snow-overhang-low-long.uexp" 1754
"C:/Users/dunnt/Documents/GitHub/UniGameProject1/OrbIt/Content/MainFolder/WorldBuilding/Models/OBJ_format/block-snow-overhang-low-large.ubulk" 1755
"C:/Users/dunnt/Documents/GitHub/UniGameProject1/OrbIt/Content/MainFolder/WorldBuilding/Models/OBJ_format/block-snow-overhang-low-large.uasset" 1756
"C:/Users/dunnt/Documents/GitHub/UniGameProject1/OrbIt/Content/MainFolder/WorldBuilding/Models/OBJ_format/block-snow-overhang-low-large.uexp" 1757
"C:/Users/dunnt/Documents/GitHub/UniGameProject1/OrbIt/Content/MainFolder/WorldBuilding/Models/OBJ_format/block-snow-overhang-low-hexagon.ubulk" 1758
"C:/Users/dunnt/Documents/GitHub/UniGameProject1/OrbIt/Content/MainFolder/WorldBuilding/Models/OBJ_format/block-snow-overhang-low-hexagon.uasset" 1759
"C:/Users/dunnt/Documents/GitHub/UniGameProject1/OrbIt/Content/MainFolder/WorldBuilding/Models/OBJ_format/block-snow-overhang-low-hexagon.uexp" 1760
"C:/Users/dunnt/Documents/GitHub/UniGameProject1/OrbIt/Content/MainFolder/WorldBuilding/Models/OBJ_format/block-snow-overhang-long.ubulk" 1761
"C:/Users/dunnt/Documents/GitHub/UniGameProject1/OrbIt/Content/MainFolder/WorldBuilding/Models/OBJ_format/block-snow-overhang-long.uasset" 1762
"C:/Users/dunnt/Documents/GitHub/UniGameProject1/OrbIt/Content/MainFolder/WorldBuilding/Models/OBJ_format/block-snow-overhang-long.uexp" 1763
"C:/Users/dunnt/Documents/GitHub/UniGameProject1/OrbIt/Content/MainFolder/WorldBuilding/Models/OBJ_format/block-snow-overhang-large.ubulk" 1764
"C:/Users/dunnt/Documents/GitHub/UniGameProject1/OrbIt/Content/MainFolder/WorldBuilding/Models/OBJ_format/block-snow-overhang-large.uasset" 1765
"C:/Users/dunnt/Documents/GitHub/UniGameProject1/OrbIt/Content/MainFolder/WorldBuilding/Models/OBJ_format/block-snow-overhang-large.uexp" 1766
"C:/Users/dunnt/Documents/GitHub/UniGameProject1/OrbIt/Content/MainFolder/WorldBuilding/Models/OBJ_format/block-snow-overhang-large-tall.ubulk" 1767
"C:/Users/dunnt/Documents/GitHub/UniGameProject1/OrbIt/Content/MainFolder/WorldBuilding/Models/OBJ_format/block-snow-overhang-large-tall.uasset" 1768
"C:/Users/dunnt/Documents/GitHub/UniGameProject1/OrbIt/Content/MainFolder/WorldBuilding/Models/OBJ_format/block-snow-overhang-large-tall.uexp" 1769
"C:/Users/dunnt/Documents/GitHub/UniGameProject1/OrbIt/Content/MainFolder/WorldBuilding/Models/OBJ_format/block-snow-overhang-large-slope.ubulk" 1770
"C:/Users/dunnt/Documents/GitHub/UniGameProject1/OrbIt/Content/MainFolder/WorldBuilding/Models/OBJ_format/block-snow-overhang-large-slope.uasset" 1771
"C:/Users/dunnt/Documents/GitHub/UniGameProject1/OrbIt/Content/MainFolder/WorldBuilding/Models/OBJ_format/block-snow-overhang-large-slope.uexp" 1772
"C:/Users/dunnt/Documents/GitHub/UniGameProject1/OrbIt/Content/MainFolder/WorldBuilding/Models/OBJ_format/block-snow-overhang-large-slope-steep.ubulk" 1773
"C:/Users/dunnt/Documents/GitHub/UniGameProject1/OrbIt/Content/MainFolder/WorldBuilding/Models/OBJ_format/block-snow-overhang-large-slope-steep.uasset" 1774
"C:/Users/dunnt/Documents/GitHub/UniGameProject1/OrbIt/Content/MainFolder/WorldBuilding/Models/OBJ_format/block-snow-overhang-large-slope-steep.uexp" 1775
"C:/Users/dunnt/Documents/GitHub/UniGameProject1/OrbIt/Content/MainFolder/WorldBuilding/Models/OBJ_format/block-snow-overhang-large-slope-steep-narrow.ubulk" 1776
"C:/Users/dunnt/Documents/GitHub/UniGameProject1/OrbIt/Content/MainFolder/WorldBuilding/Models/OBJ_format/block-snow-overhang-large-slope-steep-narrow.uasset" 1777
"C:/Users/dunnt/Documents/GitHub/UniGameProject1/OrbIt/Content/MainFolder/WorldBuilding/Models/OBJ_format/block-snow-overhang-large-slope-steep-narrow.uexp" 1778
"C:/Users/dunnt/Documents/GitHub/UniGameProject1/OrbIt/Content/MainFolder/WorldBuilding/Models/OBJ_format/block-snow-overhang-large-slope-narrow.ubulk" 1779
"C:/Users/dunnt/Documents/GitHub/UniGameProject1/OrbIt/Content/MainFolder/WorldBuilding/Models/OBJ_format/block-snow-overhang-large-slope-narrow.uasset" 1780
"C:/Users/dunnt/Documents/GitHub/UniGameProject1/OrbIt/Content/MainFolder/WorldBuilding/Models/OBJ_format/block-snow-overhang-large-slope-narrow.uexp" 1781
"C:/Users/dunnt/Documents/GitHub/UniGameProject1/OrbIt/Content/MainFolder/WorldBuilding/Models/OBJ_format/block-snow-overhang-hexagon.ubulk" 1782
"C:/Users/dunnt/Documents/GitHub/UniGameProject1/OrbIt/Content/MainFolder/WorldBuilding/Models/OBJ_format/block-snow-overhang-hexagon.uasset" 1783
"C:/Users/dunnt/Documents/GitHub/UniGameProject1/OrbIt/Content/MainFolder/WorldBuilding/Models/OBJ_format/block-snow-overhang-hexagon.uexp" 1784
"C:/Users/dunnt/Documents/GitHub/UniGameProject1/OrbIt/Content/MainFolder/WorldBuilding/Models/OBJ_format/block-snow-overhang-edge.ubulk" 1785
"C:/Users/dunnt/Documents/GitHub/UniGameProject1/OrbIt/Content/MainFolder/WorldBuilding/Models/OBJ_format/block-snow-overhang-edge.uasset" 1786
"C:/Users/dunnt/Documents/GitHub/UniGameProject1/OrbIt/Content/MainFolder/WorldBuilding/Models/OBJ_format/block-snow-overhang-edge.uexp" 1787
"C:/Users/dunnt/Documents/GitHub/UniGameProject1/OrbIt/Content/MainFolder/WorldBuilding/Models/OBJ_format/block-snow-overhang-corner.ubulk" 1788
"C:/Users/dunnt/Documents/GitHub/UniGameProject1/OrbIt/Content/MainFolder/WorldBuilding/Models/OBJ_format/block-snow-overhang-corner.uasset" 1789
"C:/Users/dunnt/Documents/GitHub/UniGameProject1/OrbIt/Content/MainFolder/WorldBuilding/Models/OBJ_format/block-snow-overhang-corner.uexp" 1790
"C:/Users/dunnt/Documents/GitHub/UniGameProject1/OrbIt/Content/MainFolder/WorldBuilding/Models/OBJ_format/block-snow-narrow.ubulk" 1791
"C:/Users/dunnt/Documents/GitHub/UniGameProject1/OrbIt/Content/MainFolder/WorldBuilding/Models/OBJ_format/block-snow-narrow.uasset" 1792
"C:/Users/dunnt/Documents/GitHub/UniGameProject1/OrbIt/Content/MainFolder/WorldBuilding/Models/OBJ_format/block-snow-narrow.uexp" 1793
"C:/Users/dunnt/Documents/GitHub/UniGameProject1/OrbIt/Content/MainFolder/WorldBuilding/Models/OBJ_format/block-snow-low.ubulk" 1794
"C:/Users/dunnt/Documents/GitHub/UniGameProject1/OrbIt/Content/MainFolder/WorldBuilding/Models/OBJ_format/block-snow-low.uasset" 1795
"C:/Users/dunnt/Documents/GitHub/UniGameProject1/OrbIt/Content/MainFolder/WorldBuilding/Models/OBJ_format/block-snow-low.uexp" 1796
"C:/Users/dunnt/Documents/GitHub/UniGameProject1/OrbIt/Content/MainFolder/WorldBuilding/Models/OBJ_format/block-snow-low-narrow.ubulk" 1797
"C:/Users/dunnt/Documents/GitHub/UniGameProject1/OrbIt/Content/MainFolder/WorldBuilding/Models/OBJ_format/block-snow-low-narrow.uasset" 1798
"C:/Users/dunnt/Documents/GitHub/UniGameProject1/OrbIt/Content/MainFolder/WorldBuilding/Models/OBJ_format/block-snow-low-narrow.uexp" 1799
"C:/Users/dunnt/Documents/GitHub/UniGameProject1/OrbIt/Content/MainFolder/WorldBuilding/Models/OBJ_format/block-snow-low-long.ubulk" 1800
"C:/Users/dunnt/Documents/GitHub/UniGameProject1/OrbIt/Content/MainFolder/WorldBuilding/Models/OBJ_format/block-snow-low-long.uasset" 1801
"C:/Users/dunnt/Documents/GitHub/UniGameProject1/OrbIt/Content/MainFolder/WorldBuilding/Models/OBJ_format/block-snow-low-long.uexp" 1802
"C:/Users/dunnt/Documents/GitHub/UniGameProject1/OrbIt/Content/MainFolder/WorldBuilding/Models/OBJ_format/block-snow-low-large.ubulk" 1803
"C:/Users/dunnt/Documents/GitHub/UniGameProject1/OrbIt/Content/MainFolder/WorldBuilding/Models/OBJ_format/block-snow-low-large.uasset" 1804
"C:/Users/dunnt/Documents/GitHub/UniGameProject1/OrbIt/Content/MainFolder/WorldBuilding/Models/OBJ_format/block-snow-low-large.uexp" 1805
"C:/Users/dunnt/Documents/GitHub/UniGameProject1/OrbIt/Content/MainFolder/WorldBuilding/Models/OBJ_format/block-snow-low-hexagon.ubulk" 1806
"C:/Users/dunnt/Documents/GitHub/UniGameProject1/OrbIt/Content/MainFolder/WorldBuilding/Models/OBJ_format/block-snow-low-hexagon.uasset" 1807
"C:/Users/dunnt/Documents/GitHub/UniGameProject1/OrbIt/Content/MainFolder/WorldBuilding/Models/OBJ_format/block-snow-low-hexagon.uexp" 1808
"C:/Users/dunnt/Documents/GitHub/UniGameProject1/OrbIt/Content/MainFolder/WorldBuilding/Models/OBJ_format/block-snow-long.ubulk" 1809
"C:/Users/dunnt/Documents/GitHub/UniGameProject1/OrbIt/Content/MainFolder/WorldBuilding/Models/OBJ_format/block-snow-long.uasset" 1810
"C:/Users/dunnt/Documents/GitHub/UniGameProject1/OrbIt/Content/MainFolder/WorldBuilding/Models/OBJ_format/block-snow-long.uexp" 1811
"C:/Users/dunnt/Documents/GitHub/UniGameProject1/OrbIt/Content/MainFolder/WorldBuilding/Models/OBJ_format/block-snow-large.ubulk" 1812
"C:/Users/dunnt/Documents/GitHub/UniGameProject1/OrbIt/Content/MainFolder/WorldBuilding/Models/OBJ_format/block-snow-large.uasset" 1813
"C:/Users/dunnt/Documents/GitHub/UniGameProject1/OrbIt/Content/MainFolder/WorldBuilding/Models/OBJ_format/block-snow-large.uexp" 1814
"C:/Users/dunnt/Documents/GitHub/UniGameProject1/OrbIt/Content/MainFolder/WorldBuilding/Models/OBJ_format/block-snow-large-tall.ubulk" 1815
"C:/Users/dunnt/Documents/GitHub/UniGameProject1/OrbIt/Content/MainFolder/WorldBuilding/Models/OBJ_format/block-snow-large-tall.uasset" 1816
"C:/Users/dunnt/Documents/GitHub/UniGameProject1/OrbIt/Content/MainFolder/WorldBuilding/Models/OBJ_format/block-snow-large-tall.uexp" 1817
"C:/Users/dunnt/Documents/GitHub/UniGameProject1/OrbIt/Content/MainFolder/WorldBuilding/Models/OBJ_format/block-snow-large-slope.ubulk" 1818
"C:/Users/dunnt/Documents/GitHub/UniGameProject1/OrbIt/Content/MainFolder/WorldBuilding/Models/OBJ_format/block-snow-large-slope.uasset" 1819
"C:/Users/dunnt/Documents/GitHub/UniGameProject1/OrbIt/Content/MainFolder/WorldBuilding/Models/OBJ_format/block-snow-large-slope.uexp" 1820
"C:/Users/dunnt/Documents/GitHub/UniGameProject1/OrbIt/Content/MainFolder/WorldBuilding/Models/OBJ_format/block-snow-large-slope-steep.ubulk" 1821
"C:/Users/dunnt/Documents/GitHub/UniGameProject1/OrbIt/Content/MainFolder/WorldBuilding/Models/OBJ_format/block-snow-large-slope-steep.uasset" 1822
"C:/Users/dunnt/Documents/GitHub/UniGameProject1/OrbIt/Content/MainFolder/WorldBuilding/Models/OBJ_format/block-snow-large-slope-steep.uexp" 1823
"C:/Users/dunnt/Documents/GitHub/UniGameProject1/OrbIt/Content/MainFolder/WorldBuilding/Models/OBJ_format/block-snow-large-slope-steep-narrow.ubulk" 1824
"C:/Users/dunnt/Documents/GitHub/UniGameProject1/OrbIt/Content/MainFolder/WorldBuilding/Models/OBJ_format/block-snow-large-slope-steep-narrow.uasset" 1825
"C:/Users/dunnt/Documents/GitHub/UniGameProject1/OrbIt/Content/MainFolder/WorldBuilding/Models/OBJ_format/block-snow-large-slope-steep-narrow.uexp" 1826
"C:/Users/dunnt/Documents/GitHub/UniGameProject1/OrbIt/Content/MainFolder/WorldBuilding/Models/OBJ_format/block-snow-large-slope-narrow.ubulk" 1827
"C:/Users/dunnt/Documents/GitHub/UniGameProject1/OrbIt/Content/MainFolder/WorldBuilding/Models/OBJ_format/block-snow-large-slope-narrow.uasset" 1828
"C:/Users/dunnt/Documents/GitHub/UniGameProject1/OrbIt/Content/MainFolder/WorldBuilding/Models/OBJ_format/block-snow-large-slope-narrow.uexp" 1829
"C:/Users/dunnt/Documents/GitHub/UniGameProject1/OrbIt/Content/MainFolder/WorldBuilding/Models/OBJ_format/block-snow-hexagon.ubulk" 1830
"C:/Users/dunnt/Documents/GitHub/UniGameProject1/OrbIt/Content/MainFolder/WorldBuilding/Models/OBJ_format/block-snow-hexagon.uasset" 1831
"C:/Users/dunnt/Documents/GitHub/UniGameProject1/OrbIt/Content/MainFolder/WorldBuilding/Models/OBJ_format/block-snow-hexagon.uexp" 1832
"C:/Users/dunnt/Documents/GitHub/UniGameProject1/OrbIt/Content/MainFolder/WorldBuilding/Models/OBJ_format/block-snow-edge.ubulk" 1833
"C:/Users/dunnt/Documents/GitHub/UniGameProject1/OrbIt/Content/MainFolder/WorldBuilding/Models/OBJ_format/block-snow-edge.uasset" 1834
"C:/Users/dunnt/Documents/GitHub/UniGameProject1/OrbIt/Content/MainFolder/WorldBuilding/Models/OBJ_format/block-snow-edge.uexp" 1835
"C:/Users/dunnt/Documents/GitHub/UniGameProject1/OrbIt/Content/MainFolder/WorldBuilding/Models/OBJ_format/block-snow-curve.ubulk" 1836
"C:/Users/dunnt/Documents/GitHub/UniGameProject1/OrbIt/Content/MainFolder/WorldBuilding/Models/OBJ_format/block-snow-curve.uasset" 1837
"C:/Users/dunnt/Documents/GitHub/UniGameProject1/OrbIt/Content/MainFolder/WorldBuilding/Models/OBJ_format/block-snow-curve.uexp" 1838
"C:/Users/dunnt/Documents/GitHub/UniGameProject1/OrbIt/Content/MainFolder/WorldBuilding/Models/OBJ_format/block-snow-curve-low.ubulk" 1839
"C:/Users/dunnt/Documents/GitHub/UniGameProject1/OrbIt/Content/MainFolder/WorldBuilding/Models/OBJ_format/block-snow-curve-low.uasset" 1840
"C:/Users/dunnt/Documents/GitHub/UniGameProject1/OrbIt/Content/MainFolder/WorldBuilding/Models/OBJ_format/block-snow-curve-low.uexp" 1841
"C:/Users/dunnt/Documents/GitHub/UniGameProject1/OrbIt/Content/MainFolder/WorldBuilding/Models/OBJ_format/block-snow-curve-half.ubulk" 1842
"C:/Users/dunnt/Documents/GitHub/UniGameProject1/OrbIt/Content/MainFolder/WorldBuilding/Models/OBJ_format/block-snow-curve-half.uasset" 1843
"C:/Users/dunnt/Documents/GitHub/UniGameProject1/OrbIt/Content/MainFolder/WorldBuilding/Models/OBJ_format/block-snow-curve-half.uexp" 1844
"C:/Users/dunnt/Documents/GitHub/UniGameProject1/OrbIt/Content/MainFolder/WorldBuilding/Models/OBJ_format/block-snow-corner.ubulk" 1845
"C:/Users/dunnt/Documents/GitHub/UniGameProject1/OrbIt/Content/MainFolder/WorldBuilding/Models/OBJ_format/block-snow-corner.uasset" 1846
"C:/Users/dunnt/Documents/GitHub/UniGameProject1/OrbIt/Content/MainFolder/WorldBuilding/Models/OBJ_format/block-snow-corner.uexp" 1847
"C:/Users/dunnt/Documents/GitHub/UniGameProject1/OrbIt/Content/MainFolder/WorldBuilding/Models/OBJ_format/block-snow-corner-overhang.ubulk" 1848
"C:/Users/dunnt/Documents/GitHub/UniGameProject1/OrbIt/Content/MainFolder/WorldBuilding/Models/OBJ_format/block-snow-corner-overhang.uasset" 1849
"C:/Users/dunnt/Documents/GitHub/UniGameProject1/OrbIt/Content/MainFolder/WorldBuilding/Models/OBJ_format/block-snow-corner-overhang.uexp" 1850
"C:/Users/dunnt/Documents/GitHub/UniGameProject1/OrbIt/Content/MainFolder/WorldBuilding/Models/OBJ_format/block-snow-corner-overhang-low.ubulk" 1851
"C:/Users/dunnt/Documents/GitHub/UniGameProject1/OrbIt/Content/MainFolder/WorldBuilding/Models/OBJ_format/block-snow-corner-overhang-low.uasset" 1852
"C:/Users/dunnt/Documents/GitHub/UniGameProject1/OrbIt/Content/MainFolder/WorldBuilding/Models/OBJ_format/block-snow-corner-overhang-low.uexp" 1853
"C:/Users/dunnt/Documents/GitHub/UniGameProject1/OrbIt/Content/MainFolder/WorldBuilding/Models/OBJ_format/block-snow-corner-low.ubulk" 1854
"C:/Users/dunnt/Documents/GitHub/UniGameProject1/OrbIt/Content/MainFolder/WorldBuilding/Models/OBJ_format/block-snow-corner-low.uasset" 1855
"C:/Users/dunnt/Documents/GitHub/UniGameProject1/OrbIt/Content/MainFolder/WorldBuilding/Models/OBJ_format/block-snow-corner-low.uexp" 1856
"C:/Users/dunnt/Documents/GitHub/UniGameProject1/OrbIt/Content/MainFolder/WorldBuilding/Models/OBJ_format/block-moving.ubulk" 1857
"C:/Users/dunnt/Documents/GitHub/UniGameProject1/OrbIt/Content/MainFolder/WorldBuilding/Models/OBJ_format/block-moving.uasset" 1858
"C:/Users/dunnt/Documents/GitHub/UniGameProject1/OrbIt/Content/MainFolder/WorldBuilding/Models/OBJ_format/block-moving.uexp" 1859
"C:/Users/dunnt/Documents/GitHub/UniGameProject1/OrbIt/Content/MainFolder/WorldBuilding/Models/OBJ_format/block-moving-large.ubulk" 1860
"C:/Users/dunnt/Documents/GitHub/UniGameProject1/OrbIt/Content/MainFolder/WorldBuilding/Models/OBJ_format/block-moving-large.uasset" 1861
"C:/Users/dunnt/Documents/GitHub/UniGameProject1/OrbIt/Content/MainFolder/WorldBuilding/Models/OBJ_format/block-moving-large.uexp" 1862
"C:/Users/dunnt/Documents/GitHub/UniGameProject1/OrbIt/Content/MainFolder/WorldBuilding/Models/OBJ_format/block-moving-blue.ubulk" 1863
"C:/Users/dunnt/Documents/GitHub/UniGameProject1/OrbIt/Content/MainFolder/WorldBuilding/Models/OBJ_format/block-moving-blue.uasset" 1864
"C:/Users/dunnt/Documents/GitHub/UniGameProject1/OrbIt/Content/MainFolder/WorldBuilding/Models/OBJ_format/block-moving-blue.uexp" 1865
"C:/Users/dunnt/Documents/GitHub/UniGameProject1/OrbIt/Content/MainFolder/WorldBuilding/Models/OBJ_format/block-grass.ubulk" 1866
"C:/Users/dunnt/Documents/GitHub/UniGameProject1/OrbIt/Content/MainFolder/WorldBuilding/Models/OBJ_format/block-grass.uasset" 1867
"C:/Users/dunnt/Documents/GitHub/UniGameProject1/OrbIt/Content/MainFolder/WorldBuilding/Models/OBJ_format/block-grass.uexp" 1868
"C:/Users/dunnt/Documents/GitHub/UniGameProject1/OrbIt/Content/MainFolder/WorldBuilding/Models/OBJ_format/block-grass-overhang-narrow.ubulk" 1869
"C:/Users/dunnt/Documents/GitHub/UniGameProject1/OrbIt/Content/MainFolder/WorldBuilding/Models/OBJ_format/block-grass-overhang-narrow.uasset" 1870
"C:/Users/dunnt/Documents/GitHub/UniGameProject1/OrbIt/Content/MainFolder/WorldBuilding/Models/OBJ_format/block-grass-overhang-narrow.uexp" 1871
"C:/Users/dunnt/Documents/GitHub/UniGameProject1/OrbIt/Content/MainFolder/WorldBuilding/Models/OBJ_format/block-grass-overhang-low.ubulk" 1872
"C:/Users/dunnt/Documents/GitHub/UniGameProject1/OrbIt/Content/MainFolder/WorldBuilding/Models/OBJ_format/block-grass-overhang-low.uasset" 1873
"C:/Users/dunnt/Documents/GitHub/UniGameProject1/OrbIt/Content/MainFolder/WorldBuilding/Models/OBJ_format/block-grass-overhang-low.uexp" 1874
"C:/Users/dunnt/Documents/GitHub/UniGameProject1/OrbIt/Content/MainFolder/WorldBuilding/Models/OBJ_format/block-grass-overhang-low-narrow.ubulk" 1875
"C:/Users/dunnt/Documents/GitHub/UniGameProject1/OrbIt/Content/MainFolder/WorldBuilding/Models/OBJ_format/block-grass-overhang-low-narrow.uasset" 1876
"C:/Users/dunnt/Documents/GitHub/UniGameProject1/OrbIt/Content/MainFolder/WorldBuilding/Models/OBJ_format/block-grass-overhang-low-narrow.uexp" 1877
"C:/Users/dunnt/Documents/GitHub/UniGameProject1/OrbIt/Content/MainFolder/WorldBuilding/Models/OBJ_format/block-grass-overhang-low-long.ubulk" 1878
"C:/Users/dunnt/Documents/GitHub/UniGameProject1/OrbIt/Content/MainFolder/WorldBuilding/Models/OBJ_format/block-grass-overhang-low-long.uasset" 1879
"C:/Users/dunnt/Documents/GitHub/UniGameProject1/OrbIt/Content/MainFolder/WorldBuilding/Models/OBJ_format/block-grass-overhang-low-long.uexp" 1880
"C:/Users/dunnt/Documents/GitHub/UniGameProject1/OrbIt/Content/MainFolder/WorldBuilding/Models/OBJ_format/block-grass-overhang-low-large.ubulk" 1881
"C:/Users/dunnt/Documents/GitHub/UniGameProject1/OrbIt/Content/MainFolder/WorldBuilding/Models/OBJ_format/block-grass-overhang-low-large.uasset" 1882
"C:/Users/dunnt/Documents/GitHub/UniGameProject1/OrbIt/Content/MainFolder/WorldBuilding/Models/OBJ_format/block-grass-overhang-low-large.uexp" 1883
"C:/Users/dunnt/Documents/GitHub/UniGameProject1/OrbIt/Content/MainFolder/WorldBuilding/Models/OBJ_format/block-grass-overhang-low-hexagon.ubulk" 1884
"C:/Users/dunnt/Documents/GitHub/UniGameProject1/OrbIt/Content/MainFolder/WorldBuilding/Models/OBJ_format/block-grass-overhang-low-hexagon.uasset" 1885
"C:/Users/dunnt/Documents/GitHub/UniGameProject1/OrbIt/Content/MainFolder/WorldBuilding/Models/OBJ_format/block-grass-overhang-low-hexagon.uexp" 1886
"C:/Users/dunnt/Documents/GitHub/UniGameProject1/OrbIt/Content/MainFolder/WorldBuilding/Models/OBJ_format/block-grass-overhang-long.ubulk" 1887
"C:/Users/dunnt/Documents/GitHub/UniGameProject1/OrbIt/Content/MainFolder/WorldBuilding/Models/OBJ_format/block-grass-overhang-long.uasset" 1888
"C:/Users/dunnt/Documents/GitHub/UniGameProject1/OrbIt/Content/MainFolder/WorldBuilding/Models/OBJ_format/block-grass-overhang-long.uexp" 1889
"C:/Users/dunnt/Documents/GitHub/UniGameProject1/OrbIt/Content/MainFolder/WorldBuilding/Models/OBJ_format/block-grass-overhang-large.ubulk" 1890
"C:/Users/dunnt/Documents/GitHub/UniGameProject1/OrbIt/Content/MainFolder/WorldBuilding/Models/OBJ_format/block-grass-overhang-large.uasset" 1891
"C:/Users/dunnt/Documents/GitHub/UniGameProject1/OrbIt/Content/MainFolder/WorldBuilding/Models/OBJ_format/block-grass-overhang-large.uexp" 1892
"C:/Users/dunnt/Documents/GitHub/UniGameProject1/OrbIt/Content/MainFolder/WorldBuilding/Models/OBJ_format/block-grass-overhang-large-tall.ubulk" 1893
"C:/Users/dunnt/Documents/GitHub/UniGameProject1/OrbIt/Content/MainFolder/WorldBuilding/Models/OBJ_format/block-grass-overhang-large-tall.uasset" 1894
"C:/Users/dunnt/Documents/GitHub/UniGameProject1/OrbIt/Content/MainFolder/WorldBuilding/Models/OBJ_format/block-grass-overhang-large-tall.uexp" 1895
"C:/Users/dunnt/Documents/GitHub/UniGameProject1/OrbIt/Content/MainFolder/WorldBuilding/Models/OBJ_format/block-grass-overhang-large-slope.ubulk" 1896
"C:/Users/dunnt/Documents/GitHub/UniGameProject1/OrbIt/Content/MainFolder/WorldBuilding/Models/OBJ_format/block-grass-overhang-large-slope.uasset" 1897
"C:/Users/dunnt/Documents/GitHub/UniGameProject1/OrbIt/Content/MainFolder/WorldBuilding/Models/OBJ_format/block-grass-overhang-large-slope.uexp" 1898
"C:/Users/dunnt/Documents/GitHub/UniGameProject1/OrbIt/Content/MainFolder/WorldBuilding/Models/OBJ_format/block-grass-overhang-large-slope-steep.ubulk" 1899
"C:/Users/dunnt/Documents/GitHub/UniGameProject1/OrbIt/Content/MainFolder/WorldBuilding/Models/OBJ_format/block-grass-overhang-large-slope-steep.uasset" 1900
"C:/Users/dunnt/Documents/GitHub/UniGameProject1/OrbIt/Content/MainFolder/WorldBuilding/Models/OBJ_format/block-grass-overhang-large-slope-steep.uexp" 1901
"C:/Users/dunnt/Documents/GitHub/UniGameProject1/OrbIt/Content/MainFolder/WorldBuilding/Models/OBJ_format/block-grass-overhang-large-slope-steep-narrow.ubulk" 1902
"C:/Users/dunnt/Documents/GitHub/UniGameProject1/OrbIt/Content/MainFolder/WorldBuilding/Models/OBJ_format/block-grass-overhang-large-slope-steep-narrow.uasset" 1903
"C:/Users/dunnt/Documents/GitHub/UniGameProject1/OrbIt/Content/MainFolder/WorldBuilding/Models/OBJ_format/block-grass-overhang-large-slope-steep-narrow.uexp" 1904
"C:/Users/dunnt/Documents/GitHub/UniGameProject1/OrbIt/Content/MainFolder/WorldBuilding/Models/OBJ_format/block-grass-overhang-large-slope-narrow.ubulk" 1905
"C:/Users/dunnt/Documents/GitHub/UniGameProject1/OrbIt/Content/MainFolder/WorldBuilding/Models/OBJ_format/block-grass-overhang-large-slope-narrow.uasset" 1906
"C:/Users/dunnt/Documents/GitHub/UniGameProject1/OrbIt/Content/MainFolder/WorldBuilding/Models/OBJ_format/block-grass-overhang-large-slope-narrow.uexp" 1907
"C:/Users/dunnt/Documents/GitHub/UniGameProject1/OrbIt/Content/MainFolder/WorldBuilding/Models/OBJ_format/block-grass-overhang-hexagon.ubulk" 1908
"C:/Users/dunnt/Documents/GitHub/UniGameProject1/OrbIt/Content/MainFolder/WorldBuilding/Models/OBJ_format/block-grass-overhang-hexagon.uasset" 1909
"C:/Users/dunnt/Documents/GitHub/UniGameProject1/OrbIt/Content/MainFolder/WorldBuilding/Models/OBJ_format/block-grass-overhang-hexagon.uexp" 1910
"C:/Users/dunnt/Documents/GitHub/UniGameProject1/OrbIt/Content/MainFolder/WorldBuilding/Models/OBJ_format/block-grass-overhang-edge.ubulk" 1911
"C:/Users/dunnt/Documents/GitHub/UniGameProject1/OrbIt/Content/MainFolder/WorldBuilding/Models/OBJ_format/block-grass-overhang-edge.uasset" 1912
"C:/Users/dunnt/Documents/GitHub/UniGameProject1/OrbIt/Content/MainFolder/WorldBuilding/Models/OBJ_format/block-grass-overhang-edge.uexp" 1913
"C:/Users/dunnt/Documents/GitHub/UniGameProject1/OrbIt/Content/MainFolder/WorldBuilding/Models/OBJ_format/block-grass-overhang-corner.ubulk" 1914
"C:/Users/dunnt/Documents/GitHub/UniGameProject1/OrbIt/Content/MainFolder/WorldBuilding/Models/OBJ_format/block-grass-overhang-corner.uasset" 1915
"C:/Users/dunnt/Documents/GitHub/UniGameProject1/OrbIt/Content/MainFolder/WorldBuilding/Models/OBJ_format/block-grass-overhang-corner.uexp" 1916
"C:/Users/dunnt/Documents/GitHub/UniGameProject1/OrbIt/Content/MainFolder/WorldBuilding/Models/OBJ_format/block-grass-narrow.ubulk" 1917
"C:/Users/dunnt/Documents/GitHub/UniGameProject1/OrbIt/Content/MainFolder/WorldBuilding/Models/OBJ_format/block-grass-narrow.uasset" 1918
"C:/Users/dunnt/Documents/GitHub/UniGameProject1/OrbIt/Content/MainFolder/WorldBuilding/Models/OBJ_format/block-grass-narrow.uexp" 1919
"C:/Users/dunnt/Documents/GitHub/UniGameProject1/OrbIt/Content/MainFolder/WorldBuilding/Models/OBJ_format/block-grass-low.ubulk" 1920
"C:/Users/dunnt/Documents/GitHub/UniGameProject1/OrbIt/Content/MainFolder/WorldBuilding/Models/OBJ_format/block-grass-low.uasset" 1921
"C:/Users/dunnt/Documents/GitHub/UniGameProject1/OrbIt/Content/MainFolder/WorldBuilding/Models/OBJ_format/block-grass-low.uexp" 1922
"C:/Users/dunnt/Documents/GitHub/UniGameProject1/OrbIt/Content/MainFolder/WorldBuilding/Models/OBJ_format/block-grass-low-narrow.ubulk" 1923
"C:/Users/dunnt/Documents/GitHub/UniGameProject1/OrbIt/Content/MainFolder/WorldBuilding/Models/OBJ_format/block-grass-low-narrow.uasset" 1924
"C:/Users/dunnt/Documents/GitHub/UniGameProject1/OrbIt/Content/MainFolder/WorldBuilding/Models/OBJ_format/block-grass-low-narrow.uexp" 1925
"C:/Users/dunnt/Documents/GitHub/UniGameProject1/OrbIt/Content/MainFolder/WorldBuilding/Models/OBJ_format/block-grass-low-long.ubulk" 1926
"C:/Users/dunnt/Documents/GitHub/UniGameProject1/OrbIt/Content/MainFolder/WorldBuilding/Models/OBJ_format/block-grass-low-long.uasset" 1927
"C:/Users/dunnt/Documents/GitHub/UniGameProject1/OrbIt/Content/MainFolder/WorldBuilding/Models/OBJ_format/block-grass-low-long.uexp" 1928
"C:/Users/dunnt/Documents/GitHub/UniGameProject1/OrbIt/Content/MainFolder/WorldBuilding/Models/OBJ_format/block-grass-low-large.ubulk" 1929
"C:/Users/dunnt/Documents/GitHub/UniGameProject1/OrbIt/Content/MainFolder/WorldBuilding/Models/OBJ_format/block-grass-low-large.uasset" 1930
"C:/Users/dunnt/Documents/GitHub/UniGameProject1/OrbIt/Content/MainFolder/WorldBuilding/Models/OBJ_format/block-grass-low-large.uexp" 1931
"C:/Users/dunnt/Documents/GitHub/UniGameProject1/OrbIt/Content/MainFolder/WorldBuilding/Models/OBJ_format/block-grass-low-hexagon.ubulk" 1932
"C:/Users/dunnt/Documents/GitHub/UniGameProject1/OrbIt/Content/MainFolder/WorldBuilding/Models/OBJ_format/block-grass-low-hexagon.uasset" 1933
"C:/Users/dunnt/Documents/GitHub/UniGameProject1/OrbIt/Content/MainFolder/WorldBuilding/Models/OBJ_format/block-grass-low-hexagon.uexp" 1934
"C:/Users/dunnt/Documents/GitHub/UniGameProject1/OrbIt/Content/MainFolder/WorldBuilding/Models/OBJ_format/block-grass-long.ubulk" 1935
"C:/Users/dunnt/Documents/GitHub/UniGameProject1/OrbIt/Content/MainFolder/WorldBuilding/Models/OBJ_format/block-grass-long.uasset" 1936
"C:/Users/dunnt/Documents/GitHub/UniGameProject1/OrbIt/Content/MainFolder/WorldBuilding/Models/OBJ_format/block-grass-long.uexp" 1937
"C:/Users/dunnt/Documents/GitHub/UniGameProject1/OrbIt/Content/MainFolder/WorldBuilding/Models/OBJ_format/block-grass-large.ubulk" 1938
"C:/Users/dunnt/Documents/GitHub/UniGameProject1/OrbIt/Content/MainFolder/WorldBuilding/Models/OBJ_format/block-grass-large.uasset" 1939
"C:/Users/dunnt/Documents/GitHub/UniGameProject1/OrbIt/Content/MainFolder/WorldBuilding/Models/OBJ_format/block-grass-large.uexp" 1940
"C:/Users/dunnt/Documents/GitHub/UniGameProject1/OrbIt/Content/MainFolder/WorldBuilding/Models/OBJ_format/block-grass-large-tall.ubulk" 1941
"C:/Users/dunnt/Documents/GitHub/UniGameProject1/OrbIt/Content/MainFolder/WorldBuilding/Models/OBJ_format/block-grass-large-tall.uasset" 1942
"C:/Users/dunnt/Documents/GitHub/UniGameProject1/OrbIt/Content/MainFolder/WorldBuilding/Models/OBJ_format/block-grass-large-tall.uexp" 1943
"C:/Users/dunnt/Documents/GitHub/UniGameProject1/OrbIt/Content/MainFolder/WorldBuilding/Models/OBJ_format/block-grass-large-slope.ubulk" 1944
"C:/Users/dunnt/Documents/GitHub/UniGameProject1/OrbIt/Content/MainFolder/WorldBuilding/Models/OBJ_format/block-grass-large-slope.uasset" 1945
"C:/Users/dunnt/Documents/GitHub/UniGameProject1/OrbIt/Content/MainFolder/WorldBuilding/Models/OBJ_format/block-grass-large-slope.uexp" 1946
"C:/Users/dunnt/Documents/GitHub/UniGameProject1/OrbIt/Content/MainFolder/WorldBuilding/Models/OBJ_format/block-grass-large-slope-steep.ubulk" 1947
"C:/Users/dunnt/Documents/GitHub/UniGameProject1/OrbIt/Content/MainFolder/WorldBuilding/Models/OBJ_format/block-grass-large-slope-steep.uasset" 1948
"C:/Users/dunnt/Documents/GitHub/UniGameProject1/OrbIt/Content/MainFolder/WorldBuilding/Models/OBJ_format/block-grass-large-slope-steep.uexp" 1949
"C:/Users/dunnt/Documents/GitHub/UniGameProject1/OrbIt/Content/MainFolder/WorldBuilding/Models/OBJ_format/block-grass-large-slope-steep-narrow.ubulk" 1950
"C:/Users/dunnt/Documents/GitHub/UniGameProject1/OrbIt/Content/MainFolder/WorldBuilding/Models/OBJ_format/block-grass-large-slope-steep-narrow.uasset" 1951
"C:/Users/dunnt/Documents/GitHub/UniGameProject1/OrbIt/Content/MainFolder/WorldBuilding/Models/OBJ_format/block-grass-large-slope-steep-narrow.uexp" 1952
"C:/Users/dunnt/Documents/GitHub/UniGameProject1/OrbIt/Content/MainFolder/WorldBuilding/Models/OBJ_format/block-grass-large-slope-narrow.ubulk" 1953
"C:/Users/dunnt/Documents/GitHub/UniGameProject1/OrbIt/Content/MainFolder/WorldBuilding/Models/OBJ_format/block-grass-large-slope-narrow.uasset" 1954
"C:/Users/dunnt/Documents/GitHub/UniGameProject1/OrbIt/Content/MainFolder/WorldBuilding/Models/OBJ_format/block-grass-large-slope-narrow.uexp" 1955
"C:/Users/dunnt/Documents/GitHub/UniGameProject1/OrbIt/Content/MainFolder/WorldBuilding/Models/OBJ_format/block-grass-hexagon.ubulk" 1956
"C:/Users/dunnt/Documents/GitHub/UniGameProject1/OrbIt/Content/MainFolder/WorldBuilding/Models/OBJ_format/block-grass-hexagon.uasset" 1957
"C:/Users/dunnt/Documents/GitHub/UniGameProject1/OrbIt/Content/MainFolder/WorldBuilding/Models/OBJ_format/block-grass-hexagon.uexp" 1958
"C:/Users/dunnt/Documents/GitHub/UniGameProject1/OrbIt/Content/MainFolder/WorldBuilding/Models/OBJ_format/block-grass-edge.ubulk" 1959
"C:/Users/dunnt/Documents/GitHub/UniGameProject1/OrbIt/Content/MainFolder/WorldBuilding/Models/OBJ_format/block-grass-edge.uasset" 1960
"C:/Users/dunnt/Documents/GitHub/UniGameProject1/OrbIt/Content/MainFolder/WorldBuilding/Models/OBJ_format/block-grass-edge.uexp" 1961
"C:/Users/dunnt/Documents/GitHub/UniGameProject1/OrbIt/Content/MainFolder/WorldBuilding/Models/OBJ_format/block-grass-curve.ubulk" 1962
"C:/Users/dunnt/Documents/GitHub/UniGameProject1/OrbIt/Content/MainFolder/WorldBuilding/Models/OBJ_format/block-grass-curve.uasset" 1963
"C:/Users/dunnt/Documents/GitHub/UniGameProject1/OrbIt/Content/MainFolder/WorldBuilding/Models/OBJ_format/block-grass-curve.uexp" 1964
"C:/Users/dunnt/Documents/GitHub/UniGameProject1/OrbIt/Content/MainFolder/WorldBuilding/Models/OBJ_format/block-grass-curve-low.ubulk" 1965
"C:/Users/dunnt/Documents/GitHub/UniGameProject1/OrbIt/Content/MainFolder/WorldBuilding/Models/OBJ_format/block-grass-curve-low.uasset" 1966
"C:/Users/dunnt/Documents/GitHub/UniGameProject1/OrbIt/Content/MainFolder/WorldBuilding/Models/OBJ_format/block-grass-curve-low.uexp" 1967
"C:/Users/dunnt/Documents/GitHub/UniGameProject1/OrbIt/Content/MainFolder/WorldBuilding/Models/OBJ_format/block-grass-curve-half.ubulk" 1968
"C:/Users/dunnt/Documents/GitHub/UniGameProject1/OrbIt/Content/MainFolder/WorldBuilding/Models/OBJ_format/block-grass-curve-half.uasset" 1969
"C:/Users/dunnt/Documents/GitHub/UniGameProject1/OrbIt/Content/MainFolder/WorldBuilding/Models/OBJ_format/block-grass-curve-half.uexp" 1970
"C:/Users/dunnt/Documents/GitHub/UniGameProject1/OrbIt/Content/MainFolder/WorldBuilding/Models/OBJ_format/block-grass-corner.ubulk" 1971
"C:/Users/dunnt/Documents/GitHub/UniGameProject1/OrbIt/Content/MainFolder/WorldBuilding/Models/OBJ_format/block-grass-corner.uasset" 1972
"C:/Users/dunnt/Documents/GitHub/UniGameProject1/OrbIt/Content/MainFolder/WorldBuilding/Models/OBJ_format/block-grass-corner.uexp" 1973
"C:/Users/dunnt/Documents/GitHub/UniGameProject1/OrbIt/Content/MainFolder/WorldBuilding/Models/OBJ_format/block-grass-corner-overhang.ubulk" 1974
"C:/Users/dunnt/Documents/GitHub/UniGameProject1/OrbIt/Content/MainFolder/WorldBuilding/Models/OBJ_format/block-grass-corner-overhang.uasset" 1975
"C:/Users/dunnt/Documents/GitHub/UniGameProject1/OrbIt/Content/MainFolder/WorldBuilding/Models/OBJ_format/block-grass-corner-overhang.uexp" 1976
"C:/Users/dunnt/Documents/GitHub/UniGameProject1/OrbIt/Content/MainFolder/WorldBuilding/Models/OBJ_format/block-grass-corner-overhang-low.ubulk" 1977
"C:/Users/dunnt/Documents/GitHub/UniGameProject1/OrbIt/Content/MainFolder/WorldBuilding/Models/OBJ_format/block-grass-corner-overhang-low.uasset" 1978
"C:/Users/dunnt/Documents/GitHub/UniGameProject1/OrbIt/Content/MainFolder/WorldBuilding/Models/OBJ_format/block-grass-corner-overhang-low.uexp" 1979
"C:/Users/dunnt/Documents/GitHub/UniGameProject1/OrbIt/Content/MainFolder/WorldBuilding/Models/OBJ_format/block-grass-corner-low.ubulk" 1980
"C:/Users/dunnt/Documents/GitHub/UniGameProject1/OrbIt/Content/MainFolder/WorldBuilding/Models/OBJ_format/block-grass-corner-low.uasset" 1981
"C:/Users/dunnt/Documents/GitHub/UniGameProject1/OrbIt/Content/MainFolder/WorldBuilding/Models/OBJ_format/block-grass-corner-low.uexp" 1982
"C:/Users/dunnt/Documents/GitHub/UniGameProject1/OrbIt/Content/MainFolder/WorldBuilding/Models/OBJ_format/barrel.ubulk" 1983
"C:/Users/dunnt/Documents/GitHub/UniGameProject1/OrbIt/Content/MainFolder/WorldBuilding/Models/OBJ_format/barrel.uasset" 1984
"C:/Users/dunnt/Documents/GitHub/UniGameProject1/OrbIt/Content/MainFolder/WorldBuilding/Models/OBJ_format/barrel.uexp" 1985
"C:/Users/dunnt/Documents/GitHub/UniGameProject1/OrbIt/Content/MainFolder/WorldBuilding/Models/OBJ_format/arrows.ubulk" 1986
"C:/Users/dunnt/Documents/GitHub/UniGameProject1/OrbIt/Content/MainFolder/WorldBuilding/Models/OBJ_format/arrows.uasset" 1987
"C:/Users/dunnt/Documents/GitHub/UniGameProject1/OrbIt/Content/MainFolder/WorldBuilding/Models/OBJ_format/arrows.uexp" 1988
"C:/Users/dunnt/Documents/GitHub/UniGameProject1/OrbIt/Content/MainFolder/WorldBuilding/Models/OBJ_format/arrow.ubulk" 1989
"C:/Users/dunnt/Documents/GitHub/UniGameProject1/OrbIt/Content/MainFolder/WorldBuilding/Models/OBJ_format/arrow.uasset" 1990
"C:/Users/dunnt/Documents/GitHub/UniGameProject1/OrbIt/Content/MainFolder/WorldBuilding/Models/OBJ_format/arrow.uexp" 1991
"C:/Users/dunnt/Documents/GitHub/UniGameProject1/OrbIt/Content/MainFolder/WorldBuilding/Models/FBX_format/Textures/colormap.ubulk" 1992
"C:/Users/dunnt/Documents/GitHub/UniGameProject1/OrbIt/Content/MainFolder/WorldBuilding/Models/FBX_format/Textures/colormap.uasset" 1993
"C:/Users/dunnt/Documents/GitHub/UniGameProject1/OrbIt/Content/MainFolder/WorldBuilding/Models/FBX_format/Textures/colormap.uexp" 1994
"C:/Users/dunnt/Documents/GitHub/UniGameProject1/OrbIt/Content/Characters/Mannequins/Anims/Unarmed/Jump/MM_WallJump.uasset" 1995
"C:/Users/dunnt/Documents/GitHub/UniGameProject1/OrbIt/Content/Characters/Mannequins/Anims/Unarmed/Jump/MM_WallJump.uexp" 1996
"C:/Users/dunnt/Documents/GitHub/UniGameProject1/OrbIt/Content/Characters/Mannequins/Anims/Unarmed/Jump/MM_Dash.uasset" 1997
"C:/Users/dunnt/Documents/GitHub/UniGameProject1/OrbIt/Content/Characters/Mannequins/Anims/Unarmed/Jump/MM_Dash.uexp" 1998
"C:/Users/dunnt/Documents/GitHub/UniGameProject1/OrbIt/Content/MainFolder/WorldBuilding/Models/GLB_format/Textures/colormap.ubulk" 1999
"C:/Users/dunnt/Documents/GitHub/UniGameProject1/OrbIt/Content/MainFolder/WorldBuilding/Models/GLB_format/Textures/colormap.uasset" 2000
"C:/Users/dunnt/Documents/GitHub/UniGameProject1/OrbIt/Content/MainFolder/WorldBuilding/Models/GLB_format/Textures/colormap.uexp" 2001
"C:/Users/dunnt/Documents/GitHub/UniGameProject1/OrbIt/Content/MainFolder/WorldBuilding/Models/OBJ_format/Textures/colormap.ubulk" 2002
"C:/Users/dunnt/Documents/GitHub/UniGameProject1/OrbIt/Content/MainFolder/WorldBuilding/Models/OBJ_format/Textures/colormap.uasset" 2003
"C:/Users/dunnt/Documents/GitHub/UniGameProject1/OrbIt/Content/MainFolder/WorldBuilding/Models/OBJ_format/Textures/colormap.uexp" 2004
"../../../Engine/Plugins/Interchange/Assets/Content/Utilities/New_LUT.uasset" 2005
"../../../Engine/Plugins/Interchange/Assets/Content/Utilities/New_LUT.uexp" 2006
"../../../Engine/Content/Functions/Engine_MaterialFunctions03/Math/RemapValueRange.uasset" 2007
"../../../Engine/Content/Functions/Engine_MaterialFunctions03/Math/RemapValueRange.uexp" 2008
"../../../Engine/Plugins/Interchange/Assets/Content/Functions/MF_Iridescence.uasset" 2009
"../../../Engine/Plugins/Interchange/Assets/Content/Functions/MF_Iridescence.uexp" 2010
"../../../Engine/Plugins/Interchange/Assets/Content/gltf/Textures/T_White_srgb.uasset" 2011
"../../../Engine/Plugins/Interchange/Assets/Content/gltf/Textures/T_White_srgb.uexp" 2012
"../../../Engine/Plugins/Interchange/Assets/Content/gltf/MaterialFunctions/MF_BaseColor.uasset" 2013
"../../../Engine/Plugins/Interchange/Assets/Content/gltf/MaterialFunctions/MF_BaseColor.uexp" 2014
"../../../Engine/Plugins/Interchange/Assets/Content/gltf/MaterialFunctions/MF_RotateV2.uasset" 2015
"../../../Engine/Plugins/Interchange/Assets/Content/gltf/MaterialFunctions/MF_RotateV2.uexp" 2016
"../../../Engine/Plugins/Interchange/Assets/Content/gltf/MaterialFunctions/MF_TransformUVs.uasset" 2017
"../../../Engine/Plugins/Interchange/Assets/Content/gltf/MaterialFunctions/MF_TransformUVs.uexp" 2018
"../../../Engine/Plugins/Interchange/Assets/Content/gltf/MaterialFunctions/MF_IOR.uasset" 2019
"../../../Engine/Plugins/Interchange/Assets/Content/gltf/MaterialFunctions/MF_IOR.uexp" 2020
"../../../Engine/Plugins/Interchange/Assets/Content/gltf/MaterialFunctions/MF_Iridescence.uasset" 2021
"../../../Engine/Plugins/Interchange/Assets/Content/gltf/MaterialFunctions/MF_Iridescence.uexp" 2022
"../../../Engine/Plugins/Interchange/Assets/Content/gltf/Textures/T_White_Linear.uasset" 2023
"../../../Engine/Plugins/Interchange/Assets/Content/gltf/Textures/T_White_Linear.uexp" 2024
"../../../Engine/Plugins/Interchange/Assets/Content/gltf/MaterialFunctions/MF_MetallicRoughness.uasset" 2025
"../../../Engine/Plugins/Interchange/Assets/Content/gltf/MaterialFunctions/MF_MetallicRoughness.uexp" 2026
"../../../Engine/Content/Functions/Engine_MaterialFunctions02/Math/Transform3x3Matrix.uasset" 2027
"../../../Engine/Content/Functions/Engine_MaterialFunctions02/Math/Transform3x3Matrix.uexp" 2028
"../../../Engine/Plugins/Interchange/Assets/Content/gltf/MaterialFunctions/MF_RotateNormals_TS.uasset" 2029
"../../../Engine/Plugins/Interchange/Assets/Content/gltf/MaterialFunctions/MF_RotateNormals_TS.uexp" 2030
"../../../Engine/Plugins/Interchange/Assets/Content/gltf/MaterialFunctions/MF_ScaleNormal.uasset" 2031
"../../../Engine/Plugins/Interchange/Assets/Content/gltf/MaterialFunctions/MF_ScaleNormal.uexp" 2032
"../../../Engine/Plugins/Interchange/Assets/Content/gltf/Textures/T_Generic_N.uasset" 2033
"../../../Engine/Plugins/Interchange/Assets/Content/gltf/Textures/T_Generic_N.uexp" 2034
"../../../Engine/Plugins/Interchange/Assets/Content/gltf/MaterialFunctions/MF_Normals.uasset" 2035
"../../../Engine/Plugins/Interchange/Assets/Content/gltf/MaterialFunctions/MF_Normals.uexp" 2036
"../../../Engine/Plugins/Interchange/Assets/Content/gltf/MaterialFunctions/MF_Occlusion.uasset" 2037
"../../../Engine/Plugins/Interchange/Assets/Content/gltf/MaterialFunctions/MF_Occlusion.uexp" 2038
"../../../Engine/Plugins/Interchange/Assets/Content/gltf/MaterialFunctions/MF_Specular.uasset" 2039
"../../../Engine/Plugins/Interchange/Assets/Content/gltf/MaterialFunctions/MF_Specular.uexp" 2040
"../../../Engine/Plugins/Interchange/Assets/Content/gltf/Textures/T_Anisotropy_Direction_Linear.uasset" 2041
"../../../Engine/Plugins/Interchange/Assets/Content/gltf/Textures/T_Anisotropy_Direction_Linear.uexp" 2042
"../../../Engine/Plugins/Interchange/Assets/Content/gltf/MaterialFunctions/MF_SpecularAnisotropy.uasset" 2043
"../../../Engine/Plugins/Interchange/Assets/Content/gltf/MaterialFunctions/MF_SpecularAnisotropy.uexp" 2044
"../../../Engine/Plugins/Interchange/Assets/Content/gltf/MaterialFunctions/MF_Emissive.uasset" 2045
"../../../Engine/Plugins/Interchange/Assets/Content/gltf/MaterialFunctions/MF_Emissive.uexp" 2046
"../../../Engine/Plugins/Interchange/Assets/Content/gltf/MaterialBodies/MF_Default_Body.uasset" 2047
"../../../Engine/Plugins/Interchange/Assets/Content/gltf/MaterialBodies/MF_Default_Body.uexp" 2048
"../../../Engine/Plugins/Interchange/Assets/Content/gltf/M_Default.uasset" 2049
"../../../Engine/Plugins/Interchange/Assets/Content/gltf/M_Default.uexp" 2050
"../../../Engine/Plugins/Interchange/Assets/Content/gltf/MaterialInstances/MI_Default_Opaque_DS.uasset" 2051
"../../../Engine/Plugins/Interchange/Assets/Content/gltf/MaterialInstances/MI_Default_Opaque_DS.uexp" 2052
"C:/Users/dunnt/Documents/GitHub/UniGameProject1/OrbIt/Content/MainFolder/WorldBuilding/Models/GLB_format/block-snow-low-large/Textures/colormap.ubulk" 2053
"C:/Users/dunnt/Documents/GitHub/UniGameProject1/OrbIt/Content/MainFolder/WorldBuilding/Models/GLB_format/block-snow-low-large/Textures/colormap.uasset" 2054
"C:/Users/dunnt/Documents/GitHub/UniGameProject1/OrbIt/Content/MainFolder/WorldBuilding/Models/GLB_format/block-snow-low-large/Textures/colormap.uexp" 2055
"C:/Users/dunnt/Documents/GitHub/UniGameProject1/OrbIt/Content/MainFolder/WorldBuilding/Models/GLB_format/block-snow-low-large/Materials/colormap.uasset" 2056
"C:/Users/dunnt/Documents/GitHub/UniGameProject1/OrbIt/Content/MainFolder/WorldBuilding/Models/GLB_format/block-snow-low-large/Materials/colormap.uexp" 2057
"C:/Users/dunnt/Documents/GitHub/UniGameProject1/OrbIt/Content/MainFolder/WorldBuilding/Models/GLB_format/block-snow-low-large/StaticMeshes/block-snow-low-large.ubulk" 2058
"C:/Users/dunnt/Documents/GitHub/UniGameProject1/OrbIt/Content/MainFolder/WorldBuilding/Models/GLB_format/block-snow-low-large/StaticMeshes/block-snow-low-large.uasset" 2059
"C:/Users/dunnt/Documents/GitHub/UniGameProject1/OrbIt/Content/MainFolder/WorldBuilding/Models/GLB_format/block-snow-low-large/StaticMeshes/block-snow-low-large.uexp" 2060
"C:/Users/dunnt/Documents/GitHub/UniGameProject1/OrbIt/Content/MainFolder/WorldBuilding/Models/GLB_format/block-snow-low-hexagon/Textures/colormap.ubulk" 2061
"C:/Users/dunnt/Documents/GitHub/UniGameProject1/OrbIt/Content/MainFolder/WorldBuilding/Models/GLB_format/block-snow-low-hexagon/Textures/colormap.uasset" 2062
"C:/Users/dunnt/Documents/GitHub/UniGameProject1/OrbIt/Content/MainFolder/WorldBuilding/Models/GLB_format/block-snow-low-hexagon/Textures/colormap.uexp" 2063
"C:/Users/dunnt/Documents/GitHub/UniGameProject1/OrbIt/Content/MainFolder/WorldBuilding/Models/GLB_format/block-snow-low-hexagon/Materials/colormap.uasset" 2064
"C:/Users/dunnt/Documents/GitHub/UniGameProject1/OrbIt/Content/MainFolder/WorldBuilding/Models/GLB_format/block-snow-low-hexagon/Materials/colormap.uexp" 2065
"C:/Users/dunnt/Documents/GitHub/UniGameProject1/OrbIt/Content/MainFolder/WorldBuilding/Models/GLB_format/block-snow-low-hexagon/StaticMeshes/block-snow-low-hexagon.ubulk" 2066
"C:/Users/dunnt/Documents/GitHub/UniGameProject1/OrbIt/Content/MainFolder/WorldBuilding/Models/GLB_format/block-snow-low-hexagon/StaticMeshes/block-snow-low-hexagon.uasset" 2067
"C:/Users/dunnt/Documents/GitHub/UniGameProject1/OrbIt/Content/MainFolder/WorldBuilding/Models/GLB_format/block-snow-low-hexagon/StaticMeshes/block-snow-low-hexagon.uexp" 2068
"C:/Users/dunnt/Documents/GitHub/UniGameProject1/OrbIt/Content/MainFolder/WorldBuilding/Models/GLB_format/block-snow-low/Textures/colormap.ubulk" 2069
"C:/Users/dunnt/Documents/GitHub/UniGameProject1/OrbIt/Content/MainFolder/WorldBuilding/Models/GLB_format/block-snow-low/Textures/colormap.uasset" 2070
"C:/Users/dunnt/Documents/GitHub/UniGameProject1/OrbIt/Content/MainFolder/WorldBuilding/Models/GLB_format/block-snow-low/Textures/colormap.uexp" 2071
"C:/Users/dunnt/Documents/GitHub/UniGameProject1/OrbIt/Content/MainFolder/WorldBuilding/Models/GLB_format/block-snow-low/Materials/colormap.uasset" 2072
"C:/Users/dunnt/Documents/GitHub/UniGameProject1/OrbIt/Content/MainFolder/WorldBuilding/Models/GLB_format/block-snow-low/Materials/colormap.uexp" 2073
"C:/Users/dunnt/Documents/GitHub/UniGameProject1/OrbIt/Content/MainFolder/WorldBuilding/Models/GLB_format/block-snow-low/StaticMeshes/block-snow-low.ubulk" 2074
"C:/Users/dunnt/Documents/GitHub/UniGameProject1/OrbIt/Content/MainFolder/WorldBuilding/Models/GLB_format/block-snow-low/StaticMeshes/block-snow-low.uasset" 2075
"C:/Users/dunnt/Documents/GitHub/UniGameProject1/OrbIt/Content/MainFolder/WorldBuilding/Models/GLB_format/block-snow-low/StaticMeshes/block-snow-low.uexp" 2076
"C:/Users/dunnt/Documents/GitHub/UniGameProject1/OrbIt/Content/MainFolder/WorldBuilding/Models/GLB_format/block-snow-long/Textures/colormap.ubulk" 2077
"C:/Users/dunnt/Documents/GitHub/UniGameProject1/OrbIt/Content/MainFolder/WorldBuilding/Models/GLB_format/block-snow-long/Textures/colormap.uasset" 2078
"C:/Users/dunnt/Documents/GitHub/UniGameProject1/OrbIt/Content/MainFolder/WorldBuilding/Models/GLB_format/block-snow-long/Textures/colormap.uexp" 2079
"C:/Users/dunnt/Documents/GitHub/UniGameProject1/OrbIt/Content/MainFolder/WorldBuilding/Models/GLB_format/block-snow-long/Materials/colormap.uasset" 2080
"C:/Users/dunnt/Documents/GitHub/UniGameProject1/OrbIt/Content/MainFolder/WorldBuilding/Models/GLB_format/block-snow-long/Materials/colormap.uexp" 2081
"C:/Users/dunnt/Documents/GitHub/UniGameProject1/OrbIt/Content/MainFolder/WorldBuilding/Models/GLB_format/block-snow-long/StaticMeshes/block-snow-long.ubulk" 2082
"C:/Users/dunnt/Documents/GitHub/UniGameProject1/OrbIt/Content/MainFolder/WorldBuilding/Models/GLB_format/block-snow-long/StaticMeshes/block-snow-long.uasset" 2083
"C:/Users/dunnt/Documents/GitHub/UniGameProject1/OrbIt/Content/MainFolder/WorldBuilding/Models/GLB_format/block-snow-long/StaticMeshes/block-snow-long.uexp" 2084
"C:/Users/dunnt/Documents/GitHub/UniGameProject1/OrbIt/Content/MainFolder/WorldBuilding/Models/GLB_format/block-snow-large-tall/Textures/colormap.ubulk" 2085
"C:/Users/dunnt/Documents/GitHub/UniGameProject1/OrbIt/Content/MainFolder/WorldBuilding/Models/GLB_format/block-snow-large-tall/Textures/colormap.uasset" 2086
"C:/Users/dunnt/Documents/GitHub/UniGameProject1/OrbIt/Content/MainFolder/WorldBuilding/Models/GLB_format/block-snow-large-tall/Textures/colormap.uexp" 2087
"C:/Users/dunnt/Documents/GitHub/UniGameProject1/OrbIt/Content/MainFolder/WorldBuilding/Models/GLB_format/block-snow-large-tall/Materials/colormap.uasset" 2088
"C:/Users/dunnt/Documents/GitHub/UniGameProject1/OrbIt/Content/MainFolder/WorldBuilding/Models/GLB_format/block-snow-large-tall/Materials/colormap.uexp" 2089
"C:/Users/dunnt/Documents/GitHub/UniGameProject1/OrbIt/Content/MainFolder/WorldBuilding/Models/GLB_format/block-snow-large-tall/StaticMeshes/block-snow-large-tall.ubulk" 2090
"C:/Users/dunnt/Documents/GitHub/UniGameProject1/OrbIt/Content/MainFolder/WorldBuilding/Models/GLB_format/block-snow-large-tall/StaticMeshes/block-snow-large-tall.uasset" 2091
"C:/Users/dunnt/Documents/GitHub/UniGameProject1/OrbIt/Content/MainFolder/WorldBuilding/Models/GLB_format/block-snow-large-tall/StaticMeshes/block-snow-large-tall.uexp" 2092
"C:/Users/dunnt/Documents/GitHub/UniGameProject1/OrbIt/Content/MainFolder/WorldBuilding/Models/GLB_format/block-snow-large-slope-steep-narrow/Textures/colormap.ubulk" 2093
"C:/Users/dunnt/Documents/GitHub/UniGameProject1/OrbIt/Content/MainFolder/WorldBuilding/Models/GLB_format/block-snow-large-slope-steep-narrow/Textures/colormap.uasset" 2094
"C:/Users/dunnt/Documents/GitHub/UniGameProject1/OrbIt/Content/MainFolder/WorldBuilding/Models/GLB_format/block-snow-large-slope-steep-narrow/Textures/colormap.uexp" 2095
"C:/Users/dunnt/Documents/GitHub/UniGameProject1/OrbIt/Content/MainFolder/WorldBuilding/Models/GLB_format/block-snow-large-slope-steep-narrow/Materials/colormap.uasset" 2096
"C:/Users/dunnt/Documents/GitHub/UniGameProject1/OrbIt/Content/MainFolder/WorldBuilding/Models/GLB_format/block-snow-large-slope-steep-narrow/Materials/colormap.uexp" 2097
"C:/Users/dunnt/Documents/GitHub/UniGameProject1/OrbIt/Content/MainFolder/WorldBuilding/Models/GLB_format/block-snow-large-slope-steep-narrow/StaticMeshes/block-snow-large-slope-steep-narrow.ubulk" 2098
"C:/Users/dunnt/Documents/GitHub/UniGameProject1/OrbIt/Content/MainFolder/WorldBuilding/Models/GLB_format/block-snow-large-slope-steep-narrow/StaticMeshes/block-snow-large-slope-steep-narrow.uasset" 2099
"C:/Users/dunnt/Documents/GitHub/UniGameProject1/OrbIt/Content/MainFolder/WorldBuilding/Models/GLB_format/block-snow-large-slope-steep-narrow/StaticMeshes/block-snow-large-slope-steep-narrow.uexp" 2100
"C:/Users/dunnt/Documents/GitHub/UniGameProject1/OrbIt/Content/MainFolder/WorldBuilding/Models/GLB_format/block-snow-large-slope-steep/Textures/colormap.ubulk" 2101
"C:/Users/dunnt/Documents/GitHub/UniGameProject1/OrbIt/Content/MainFolder/WorldBuilding/Models/GLB_format/block-snow-large-slope-steep/Textures/colormap.uasset" 2102
"C:/Users/dunnt/Documents/GitHub/UniGameProject1/OrbIt/Content/MainFolder/WorldBuilding/Models/GLB_format/block-snow-large-slope-steep/Textures/colormap.uexp" 2103
"C:/Users/dunnt/Documents/GitHub/UniGameProject1/OrbIt/Content/MainFolder/WorldBuilding/Models/GLB_format/block-snow-large-slope-steep/Materials/colormap.uasset" 2104
"C:/Users/dunnt/Documents/GitHub/UniGameProject1/OrbIt/Content/MainFolder/WorldBuilding/Models/GLB_format/block-snow-large-slope-steep/Materials/colormap.uexp" 2105
"C:/Users/dunnt/Documents/GitHub/UniGameProject1/OrbIt/Content/MainFolder/WorldBuilding/Models/GLB_format/block-snow-large-slope-steep/StaticMeshes/block-snow-large-slope-steep.ubulk" 2106
"C:/Users/dunnt/Documents/GitHub/UniGameProject1/OrbIt/Content/MainFolder/WorldBuilding/Models/GLB_format/block-snow-large-slope-steep/StaticMeshes/block-snow-large-slope-steep.uasset" 2107
"C:/Users/dunnt/Documents/GitHub/UniGameProject1/OrbIt/Content/MainFolder/WorldBuilding/Models/GLB_format/block-snow-large-slope-steep/StaticMeshes/block-snow-large-slope-steep.uexp" 2108
"C:/Users/dunnt/Documents/GitHub/UniGameProject1/OrbIt/Content/MainFolder/WorldBuilding/Models/GLB_format/block-snow-large-slope-narrow/Textures/colormap.ubulk" 2109
"C:/Users/dunnt/Documents/GitHub/UniGameProject1/OrbIt/Content/MainFolder/WorldBuilding/Models/GLB_format/block-snow-large-slope-narrow/Textures/colormap.uasset" 2110
"C:/Users/dunnt/Documents/GitHub/UniGameProject1/OrbIt/Content/MainFolder/WorldBuilding/Models/GLB_format/block-snow-large-slope-narrow/Textures/colormap.uexp" 2111
"C:/Users/dunnt/Documents/GitHub/UniGameProject1/OrbIt/Content/MainFolder/WorldBuilding/Models/GLB_format/block-snow-large-slope-narrow/Materials/colormap.uasset" 2112
"C:/Users/dunnt/Documents/GitHub/UniGameProject1/OrbIt/Content/MainFolder/WorldBuilding/Models/GLB_format/block-snow-large-slope-narrow/Materials/colormap.uexp" 2113
"C:/Users/dunnt/Documents/GitHub/UniGameProject1/OrbIt/Content/MainFolder/WorldBuilding/Models/GLB_format/block-snow-large-slope-narrow/StaticMeshes/block-snow-large-slope-narrow.ubulk" 2114
"C:/Users/dunnt/Documents/GitHub/UniGameProject1/OrbIt/Content/MainFolder/WorldBuilding/Models/GLB_format/block-snow-large-slope-narrow/StaticMeshes/block-snow-large-slope-narrow.uasset" 2115
"C:/Users/dunnt/Documents/GitHub/UniGameProject1/OrbIt/Content/MainFolder/WorldBuilding/Models/GLB_format/block-snow-large-slope-narrow/StaticMeshes/block-snow-large-slope-narrow.uexp" 2116
"C:/Users/dunnt/Documents/GitHub/UniGameProject1/OrbIt/Content/MainFolder/WorldBuilding/Models/GLB_format/block-snow-large-slope/Textures/colormap.ubulk" 2117
"C:/Users/dunnt/Documents/GitHub/UniGameProject1/OrbIt/Content/MainFolder/WorldBuilding/Models/GLB_format/block-snow-large-slope/Textures/colormap.uasset" 2118
"C:/Users/dunnt/Documents/GitHub/UniGameProject1/OrbIt/Content/MainFolder/WorldBuilding/Models/GLB_format/block-snow-large-slope/Textures/colormap.uexp" 2119
"C:/Users/dunnt/Documents/GitHub/UniGameProject1/OrbIt/Content/MainFolder/WorldBuilding/Models/GLB_format/block-snow-large-slope/Materials/colormap.uasset" 2120
"C:/Users/dunnt/Documents/GitHub/UniGameProject1/OrbIt/Content/MainFolder/WorldBuilding/Models/GLB_format/block-snow-large-slope/Materials/colormap.uexp" 2121
"C:/Users/dunnt/Documents/GitHub/UniGameProject1/OrbIt/Content/MainFolder/WorldBuilding/Models/GLB_format/block-snow-large-slope/StaticMeshes/block-snow-large-slope.ubulk" 2122
"C:/Users/dunnt/Documents/GitHub/UniGameProject1/OrbIt/Content/MainFolder/WorldBuilding/Models/GLB_format/block-snow-large-slope/StaticMeshes/block-snow-large-slope.uasset" 2123
"C:/Users/dunnt/Documents/GitHub/UniGameProject1/OrbIt/Content/MainFolder/WorldBuilding/Models/GLB_format/block-snow-large-slope/StaticMeshes/block-snow-large-slope.uexp" 2124
"C:/Users/dunnt/Documents/GitHub/UniGameProject1/OrbIt/Content/MainFolder/WorldBuilding/Models/GLB_format/block-snow-large/Textures/colormap.ubulk" 2125
"C:/Users/dunnt/Documents/GitHub/UniGameProject1/OrbIt/Content/MainFolder/WorldBuilding/Models/GLB_format/block-snow-large/Textures/colormap.uasset" 2126
"C:/Users/dunnt/Documents/GitHub/UniGameProject1/OrbIt/Content/MainFolder/WorldBuilding/Models/GLB_format/block-snow-large/Textures/colormap.uexp" 2127
"C:/Users/dunnt/Documents/GitHub/UniGameProject1/OrbIt/Content/MainFolder/WorldBuilding/Models/GLB_format/block-snow-large/Materials/colormap.uasset" 2128
"C:/Users/dunnt/Documents/GitHub/UniGameProject1/OrbIt/Content/MainFolder/WorldBuilding/Models/GLB_format/block-snow-large/Materials/colormap.uexp" 2129
"C:/Users/dunnt/Documents/GitHub/UniGameProject1/OrbIt/Content/MainFolder/WorldBuilding/Models/GLB_format/block-snow-large/StaticMeshes/block-snow-large.ubulk" 2130
"C:/Users/dunnt/Documents/GitHub/UniGameProject1/OrbIt/Content/MainFolder/WorldBuilding/Models/GLB_format/block-snow-large/StaticMeshes/block-snow-large.uasset" 2131
"C:/Users/dunnt/Documents/GitHub/UniGameProject1/OrbIt/Content/MainFolder/WorldBuilding/Models/GLB_format/block-snow-large/StaticMeshes/block-snow-large.uexp" 2132
"C:/Users/dunnt/Documents/GitHub/UniGameProject1/OrbIt/Content/MainFolder/WorldBuilding/Models/GLB_format/block-snow-hexagon/Textures/colormap.ubulk" 2133
"C:/Users/dunnt/Documents/GitHub/UniGameProject1/OrbIt/Content/MainFolder/WorldBuilding/Models/GLB_format/block-snow-hexagon/Textures/colormap.uasset" 2134
"C:/Users/dunnt/Documents/GitHub/UniGameProject1/OrbIt/Content/MainFolder/WorldBuilding/Models/GLB_format/block-snow-hexagon/Textures/colormap.uexp" 2135
"C:/Users/dunnt/Documents/GitHub/UniGameProject1/OrbIt/Content/MainFolder/WorldBuilding/Models/GLB_format/block-snow-hexagon/Materials/colormap.uasset" 2136
"C:/Users/dunnt/Documents/GitHub/UniGameProject1/OrbIt/Content/MainFolder/WorldBuilding/Models/GLB_format/block-snow-hexagon/Materials/colormap.uexp" 2137
"C:/Users/dunnt/Documents/GitHub/UniGameProject1/OrbIt/Content/MainFolder/WorldBuilding/Models/GLB_format/block-snow-hexagon/StaticMeshes/block-snow-hexagon.ubulk" 2138
"C:/Users/dunnt/Documents/GitHub/UniGameProject1/OrbIt/Content/MainFolder/WorldBuilding/Models/GLB_format/block-snow-hexagon/StaticMeshes/block-snow-hexagon.uasset" 2139
"C:/Users/dunnt/Documents/GitHub/UniGameProject1/OrbIt/Content/MainFolder/WorldBuilding/Models/GLB_format/block-snow-hexagon/StaticMeshes/block-snow-hexagon.uexp" 2140
"C:/Users/dunnt/Documents/GitHub/UniGameProject1/OrbIt/Content/MainFolder/WorldBuilding/Models/GLB_format/block-snow-edge/Textures/colormap.ubulk" 2141
"C:/Users/dunnt/Documents/GitHub/UniGameProject1/OrbIt/Content/MainFolder/WorldBuilding/Models/GLB_format/block-snow-edge/Textures/colormap.uasset" 2142
"C:/Users/dunnt/Documents/GitHub/UniGameProject1/OrbIt/Content/MainFolder/WorldBuilding/Models/GLB_format/block-snow-edge/Textures/colormap.uexp" 2143
"C:/Users/dunnt/Documents/GitHub/UniGameProject1/OrbIt/Content/MainFolder/WorldBuilding/Models/GLB_format/block-snow-edge/Materials/colormap.uasset" 2144
"C:/Users/dunnt/Documents/GitHub/UniGameProject1/OrbIt/Content/MainFolder/WorldBuilding/Models/GLB_format/block-snow-edge/Materials/colormap.uexp" 2145
"C:/Users/dunnt/Documents/GitHub/UniGameProject1/OrbIt/Content/MainFolder/WorldBuilding/Models/GLB_format/block-snow-edge/StaticMeshes/block-snow-edge.ubulk" 2146
"C:/Users/dunnt/Documents/GitHub/UniGameProject1/OrbIt/Content/MainFolder/WorldBuilding/Models/GLB_format/block-snow-edge/StaticMeshes/block-snow-edge.uasset" 2147
"C:/Users/dunnt/Documents/GitHub/UniGameProject1/OrbIt/Content/MainFolder/WorldBuilding/Models/GLB_format/block-snow-edge/StaticMeshes/block-snow-edge.uexp" 2148
"C:/Users/dunnt/Documents/GitHub/UniGameProject1/OrbIt/Content/MainFolder/WorldBuilding/Models/GLB_format/block-snow-curve-low/Textures/colormap.ubulk" 2149
"C:/Users/dunnt/Documents/GitHub/UniGameProject1/OrbIt/Content/MainFolder/WorldBuilding/Models/GLB_format/block-snow-curve-low/Textures/colormap.uasset" 2150
"C:/Users/dunnt/Documents/GitHub/UniGameProject1/OrbIt/Content/MainFolder/WorldBuilding/Models/GLB_format/block-snow-curve-low/Textures/colormap.uexp" 2151
"C:/Users/dunnt/Documents/GitHub/UniGameProject1/OrbIt/Content/MainFolder/WorldBuilding/Models/GLB_format/block-snow-curve-low/Materials/colormap.uasset" 2152
"C:/Users/dunnt/Documents/GitHub/UniGameProject1/OrbIt/Content/MainFolder/WorldBuilding/Models/GLB_format/block-snow-curve-low/Materials/colormap.uexp" 2153
"C:/Users/dunnt/Documents/GitHub/UniGameProject1/OrbIt/Content/MainFolder/WorldBuilding/Models/GLB_format/block-snow-curve-low/StaticMeshes/block-snow-curve-low.ubulk" 2154
"C:/Users/dunnt/Documents/GitHub/UniGameProject1/OrbIt/Content/MainFolder/WorldBuilding/Models/GLB_format/block-snow-curve-low/StaticMeshes/block-snow-curve-low.uasset" 2155
"C:/Users/dunnt/Documents/GitHub/UniGameProject1/OrbIt/Content/MainFolder/WorldBuilding/Models/GLB_format/block-snow-curve-low/StaticMeshes/block-snow-curve-low.uexp" 2156
"C:/Users/dunnt/Documents/GitHub/UniGameProject1/OrbIt/Content/MainFolder/WorldBuilding/Models/GLB_format/block-snow-curve-half/Textures/colormap.ubulk" 2157
"C:/Users/dunnt/Documents/GitHub/UniGameProject1/OrbIt/Content/MainFolder/WorldBuilding/Models/GLB_format/block-snow-curve-half/Textures/colormap.uasset" 2158
"C:/Users/dunnt/Documents/GitHub/UniGameProject1/OrbIt/Content/MainFolder/WorldBuilding/Models/GLB_format/block-snow-curve-half/Textures/colormap.uexp" 2159
"C:/Users/dunnt/Documents/GitHub/UniGameProject1/OrbIt/Content/MainFolder/WorldBuilding/Models/GLB_format/block-snow-curve-half/Materials/colormap.uasset" 2160
"C:/Users/dunnt/Documents/GitHub/UniGameProject1/OrbIt/Content/MainFolder/WorldBuilding/Models/GLB_format/block-snow-curve-half/Materials/colormap.uexp" 2161
"C:/Users/dunnt/Documents/GitHub/UniGameProject1/OrbIt/Content/MainFolder/WorldBuilding/Models/GLB_format/block-snow-curve-half/StaticMeshes/block-snow-curve-half.ubulk" 2162
"C:/Users/dunnt/Documents/GitHub/UniGameProject1/OrbIt/Content/MainFolder/WorldBuilding/Models/GLB_format/block-snow-curve-half/StaticMeshes/block-snow-curve-half.uasset" 2163
"C:/Users/dunnt/Documents/GitHub/UniGameProject1/OrbIt/Content/MainFolder/WorldBuilding/Models/GLB_format/block-snow-curve-half/StaticMeshes/block-snow-curve-half.uexp" 2164
"C:/Users/dunnt/Documents/GitHub/UniGameProject1/OrbIt/Content/MainFolder/WorldBuilding/Models/GLB_format/block-snow-curve/Textures/colormap.ubulk" 2165
"C:/Users/dunnt/Documents/GitHub/UniGameProject1/OrbIt/Content/MainFolder/WorldBuilding/Models/GLB_format/block-snow-curve/Textures/colormap.uasset" 2166
"C:/Users/dunnt/Documents/GitHub/UniGameProject1/OrbIt/Content/MainFolder/WorldBuilding/Models/GLB_format/block-snow-curve/Textures/colormap.uexp" 2167
"C:/Users/dunnt/Documents/GitHub/UniGameProject1/OrbIt/Content/MainFolder/WorldBuilding/Models/GLB_format/block-snow-curve/Materials/colormap.uasset" 2168
"C:/Users/dunnt/Documents/GitHub/UniGameProject1/OrbIt/Content/MainFolder/WorldBuilding/Models/GLB_format/block-snow-curve/Materials/colormap.uexp" 2169
"C:/Users/dunnt/Documents/GitHub/UniGameProject1/OrbIt/Content/MainFolder/WorldBuilding/Models/GLB_format/block-snow-curve/StaticMeshes/block-snow-curve.ubulk" 2170
"C:/Users/dunnt/Documents/GitHub/UniGameProject1/OrbIt/Content/MainFolder/WorldBuilding/Models/GLB_format/block-snow-curve/StaticMeshes/block-snow-curve.uasset" 2171
"C:/Users/dunnt/Documents/GitHub/UniGameProject1/OrbIt/Content/MainFolder/WorldBuilding/Models/GLB_format/block-snow-curve/StaticMeshes/block-snow-curve.uexp" 2172
"C:/Users/dunnt/Documents/GitHub/UniGameProject1/OrbIt/Content/MainFolder/WorldBuilding/Models/GLB_format/block-snow-corner-overhang-low/Textures/colormap.ubulk" 2173
"C:/Users/dunnt/Documents/GitHub/UniGameProject1/OrbIt/Content/MainFolder/WorldBuilding/Models/GLB_format/block-snow-corner-overhang-low/Textures/colormap.uasset" 2174
"C:/Users/dunnt/Documents/GitHub/UniGameProject1/OrbIt/Content/MainFolder/WorldBuilding/Models/GLB_format/block-snow-corner-overhang-low/Textures/colormap.uexp" 2175
"C:/Users/dunnt/Documents/GitHub/UniGameProject1/OrbIt/Content/MainFolder/WorldBuilding/Models/GLB_format/block-snow-corner-overhang-low/Materials/colormap.uasset" 2176
"C:/Users/dunnt/Documents/GitHub/UniGameProject1/OrbIt/Content/MainFolder/WorldBuilding/Models/GLB_format/block-snow-corner-overhang-low/Materials/colormap.uexp" 2177
"C:/Users/dunnt/Documents/GitHub/UniGameProject1/OrbIt/Content/MainFolder/WorldBuilding/Models/GLB_format/block-snow-corner-overhang-low/StaticMeshes/block-snow-corner-overhang-low.ubulk" 2178
"C:/Users/dunnt/Documents/GitHub/UniGameProject1/OrbIt/Content/MainFolder/WorldBuilding/Models/GLB_format/block-snow-corner-overhang-low/StaticMeshes/block-snow-corner-overhang-low.uasset" 2179
"C:/Users/dunnt/Documents/GitHub/UniGameProject1/OrbIt/Content/MainFolder/WorldBuilding/Models/GLB_format/block-snow-corner-overhang-low/StaticMeshes/block-snow-corner-overhang-low.uexp" 2180
"C:/Users/dunnt/Documents/GitHub/UniGameProject1/OrbIt/Content/MainFolder/WorldBuilding/Models/GLB_format/block-snow-corner-overhang/Textures/colormap.ubulk" 2181
"C:/Users/dunnt/Documents/GitHub/UniGameProject1/OrbIt/Content/MainFolder/WorldBuilding/Models/GLB_format/block-snow-corner-overhang/Textures/colormap.uasset" 2182
"C:/Users/dunnt/Documents/GitHub/UniGameProject1/OrbIt/Content/MainFolder/WorldBuilding/Models/GLB_format/block-snow-corner-overhang/Textures/colormap.uexp" 2183
"C:/Users/dunnt/Documents/GitHub/UniGameProject1/OrbIt/Content/MainFolder/WorldBuilding/Models/GLB_format/block-snow-corner-overhang/Materials/colormap.uasset" 2184
"C:/Users/dunnt/Documents/GitHub/UniGameProject1/OrbIt/Content/MainFolder/WorldBuilding/Models/GLB_format/block-snow-corner-overhang/Materials/colormap.uexp" 2185
"C:/Users/dunnt/Documents/GitHub/UniGameProject1/OrbIt/Content/MainFolder/WorldBuilding/Models/GLB_format/block-snow-corner-overhang/StaticMeshes/block-snow-corner-overhang.ubulk" 2186
"C:/Users/dunnt/Documents/GitHub/UniGameProject1/OrbIt/Content/MainFolder/WorldBuilding/Models/GLB_format/block-snow-corner-overhang/StaticMeshes/block-snow-corner-overhang.uasset" 2187
"C:/Users/dunnt/Documents/GitHub/UniGameProject1/OrbIt/Content/MainFolder/WorldBuilding/Models/GLB_format/block-snow-corner-overhang/StaticMeshes/block-snow-corner-overhang.uexp" 2188
"C:/Users/dunnt/Documents/GitHub/UniGameProject1/OrbIt/Content/MainFolder/WorldBuilding/Models/GLB_format/block-snow-corner-low/Textures/colormap.ubulk" 2189
"C:/Users/dunnt/Documents/GitHub/UniGameProject1/OrbIt/Content/MainFolder/WorldBuilding/Models/GLB_format/block-snow-corner-low/Textures/colormap.uasset" 2190
"C:/Users/dunnt/Documents/GitHub/UniGameProject1/OrbIt/Content/MainFolder/WorldBuilding/Models/GLB_format/block-snow-corner-low/Textures/colormap.uexp" 2191
"C:/Users/dunnt/Documents/GitHub/UniGameProject1/OrbIt/Content/MainFolder/WorldBuilding/Models/GLB_format/block-snow-corner-low/Materials/colormap.uasset" 2192
"C:/Users/dunnt/Documents/GitHub/UniGameProject1/OrbIt/Content/MainFolder/WorldBuilding/Models/GLB_format/block-snow-corner-low/Materials/colormap.uexp" 2193
"C:/Users/dunnt/Documents/GitHub/UniGameProject1/OrbIt/Content/MainFolder/WorldBuilding/Models/GLB_format/block-snow-corner-low/StaticMeshes/block-snow-corner-low.ubulk" 2194
"C:/Users/dunnt/Documents/GitHub/UniGameProject1/OrbIt/Content/MainFolder/WorldBuilding/Models/GLB_format/block-snow-corner-low/StaticMeshes/block-snow-corner-low.uasset" 2195
"C:/Users/dunnt/Documents/GitHub/UniGameProject1/OrbIt/Content/MainFolder/WorldBuilding/Models/GLB_format/block-snow-corner-low/StaticMeshes/block-snow-corner-low.uexp" 2196
"C:/Users/dunnt/Documents/GitHub/UniGameProject1/OrbIt/Content/MainFolder/WorldBuilding/Models/GLB_format/block-snow-corner/Textures/colormap.ubulk" 2197
"C:/Users/dunnt/Documents/GitHub/UniGameProject1/OrbIt/Content/MainFolder/WorldBuilding/Models/GLB_format/block-snow-corner/Textures/colormap.uasset" 2198
"C:/Users/dunnt/Documents/GitHub/UniGameProject1/OrbIt/Content/MainFolder/WorldBuilding/Models/GLB_format/block-snow-corner/Textures/colormap.uexp" 2199
"C:/Users/dunnt/Documents/GitHub/UniGameProject1/OrbIt/Content/MainFolder/WorldBuilding/Models/GLB_format/block-snow-corner/Materials/colormap.uasset" 2200
"C:/Users/dunnt/Documents/GitHub/UniGameProject1/OrbIt/Content/MainFolder/WorldBuilding/Models/GLB_format/block-snow-corner/Materials/colormap.uexp" 2201
"C:/Users/dunnt/Documents/GitHub/UniGameProject1/OrbIt/Content/MainFolder/WorldBuilding/Models/GLB_format/block-snow-corner/StaticMeshes/block-snow-corner.ubulk" 2202
"C:/Users/dunnt/Documents/GitHub/UniGameProject1/OrbIt/Content/MainFolder/WorldBuilding/Models/GLB_format/block-snow-corner/StaticMeshes/block-snow-corner.uasset" 2203
"C:/Users/dunnt/Documents/GitHub/UniGameProject1/OrbIt/Content/MainFolder/WorldBuilding/Models/GLB_format/block-snow-corner/StaticMeshes/block-snow-corner.uexp" 2204
"C:/Users/dunnt/Documents/GitHub/UniGameProject1/OrbIt/Content/MainFolder/WorldBuilding/Models/GLB_format/block-snow/Textures/colormap.ubulk" 2205
"C:/Users/dunnt/Documents/GitHub/UniGameProject1/OrbIt/Content/MainFolder/WorldBuilding/Models/GLB_format/block-snow/Textures/colormap.uasset" 2206
"C:/Users/dunnt/Documents/GitHub/UniGameProject1/OrbIt/Content/MainFolder/WorldBuilding/Models/GLB_format/block-snow/Textures/colormap.uexp" 2207
"C:/Users/dunnt/Documents/GitHub/UniGameProject1/OrbIt/Content/MainFolder/WorldBuilding/Models/GLB_format/block-snow/Materials/colormap.uasset" 2208
"C:/Users/dunnt/Documents/GitHub/UniGameProject1/OrbIt/Content/MainFolder/WorldBuilding/Models/GLB_format/block-snow/Materials/colormap.uexp" 2209
"C:/Users/dunnt/Documents/GitHub/UniGameProject1/OrbIt/Content/MainFolder/WorldBuilding/Models/GLB_format/block-snow/StaticMeshes/block-snow.ubulk" 2210
"C:/Users/dunnt/Documents/GitHub/UniGameProject1/OrbIt/Content/MainFolder/WorldBuilding/Models/GLB_format/block-snow/StaticMeshes/block-snow.uasset" 2211
"C:/Users/dunnt/Documents/GitHub/UniGameProject1/OrbIt/Content/MainFolder/WorldBuilding/Models/GLB_format/block-snow/StaticMeshes/block-snow.uexp" 2212
"C:/Users/dunnt/Documents/GitHub/UniGameProject1/OrbIt/Content/MainFolder/WorldBuilding/Models/GLB_format/block-moving-large/Textures/colormap.ubulk" 2213
"C:/Users/dunnt/Documents/GitHub/UniGameProject1/OrbIt/Content/MainFolder/WorldBuilding/Models/GLB_format/block-moving-large/Textures/colormap.uasset" 2214
"C:/Users/dunnt/Documents/GitHub/UniGameProject1/OrbIt/Content/MainFolder/WorldBuilding/Models/GLB_format/block-moving-large/Textures/colormap.uexp" 2215
"C:/Users/dunnt/Documents/GitHub/UniGameProject1/OrbIt/Content/MainFolder/WorldBuilding/Models/GLB_format/block-moving-large/Materials/colormap.uasset" 2216
"C:/Users/dunnt/Documents/GitHub/UniGameProject1/OrbIt/Content/MainFolder/WorldBuilding/Models/GLB_format/block-moving-large/Materials/colormap.uexp" 2217
"C:/Users/dunnt/Documents/GitHub/UniGameProject1/OrbIt/Content/MainFolder/WorldBuilding/Models/GLB_format/block-moving-large/StaticMeshes/block-moving-large.ubulk" 2218
"C:/Users/dunnt/Documents/GitHub/UniGameProject1/OrbIt/Content/MainFolder/WorldBuilding/Models/GLB_format/block-moving-large/StaticMeshes/block-moving-large.uasset" 2219
"C:/Users/dunnt/Documents/GitHub/UniGameProject1/OrbIt/Content/MainFolder/WorldBuilding/Models/GLB_format/block-moving-large/StaticMeshes/block-moving-large.uexp" 2220
"C:/Users/dunnt/Documents/GitHub/UniGameProject1/OrbIt/Content/MainFolder/WorldBuilding/Models/GLB_format/block-moving-blue/Textures/colormap.ubulk" 2221
"C:/Users/dunnt/Documents/GitHub/UniGameProject1/OrbIt/Content/MainFolder/WorldBuilding/Models/GLB_format/block-moving-blue/Textures/colormap.uasset" 2222
"C:/Users/dunnt/Documents/GitHub/UniGameProject1/OrbIt/Content/MainFolder/WorldBuilding/Models/GLB_format/block-moving-blue/Textures/colormap.uexp" 2223
"C:/Users/dunnt/Documents/GitHub/UniGameProject1/OrbIt/Content/MainFolder/WorldBuilding/Models/GLB_format/block-moving-blue/Materials/colormap.uasset" 2224
"C:/Users/dunnt/Documents/GitHub/UniGameProject1/OrbIt/Content/MainFolder/WorldBuilding/Models/GLB_format/block-moving-blue/Materials/colormap.uexp" 2225
"C:/Users/dunnt/Documents/GitHub/UniGameProject1/OrbIt/Content/MainFolder/WorldBuilding/Models/GLB_format/block-moving-blue/StaticMeshes/block-moving-blue.ubulk" 2226
"C:/Users/dunnt/Documents/GitHub/UniGameProject1/OrbIt/Content/MainFolder/WorldBuilding/Models/GLB_format/block-moving-blue/StaticMeshes/block-moving-blue.uasset" 2227
"C:/Users/dunnt/Documents/GitHub/UniGameProject1/OrbIt/Content/MainFolder/WorldBuilding/Models/GLB_format/block-moving-blue/StaticMeshes/block-moving-blue.uexp" 2228
"C:/Users/dunnt/Documents/GitHub/UniGameProject1/OrbIt/Content/MainFolder/WorldBuilding/Models/GLB_format/block-moving/Textures/colormap.ubulk" 2229
"C:/Users/dunnt/Documents/GitHub/UniGameProject1/OrbIt/Content/MainFolder/WorldBuilding/Models/GLB_format/block-moving/Textures/colormap.uasset" 2230
"C:/Users/dunnt/Documents/GitHub/UniGameProject1/OrbIt/Content/MainFolder/WorldBuilding/Models/GLB_format/block-moving/Textures/colormap.uexp" 2231
"C:/Users/dunnt/Documents/GitHub/UniGameProject1/OrbIt/Content/MainFolder/WorldBuilding/Models/GLB_format/block-moving/Materials/colormap.uasset" 2232
"C:/Users/dunnt/Documents/GitHub/UniGameProject1/OrbIt/Content/MainFolder/WorldBuilding/Models/GLB_format/block-moving/Materials/colormap.uexp" 2233
"C:/Users/dunnt/Documents/GitHub/UniGameProject1/OrbIt/Content/MainFolder/WorldBuilding/Models/GLB_format/block-moving/StaticMeshes/block-moving.ubulk" 2234
"C:/Users/dunnt/Documents/GitHub/UniGameProject1/OrbIt/Content/MainFolder/WorldBuilding/Models/GLB_format/block-moving/StaticMeshes/block-moving.uasset" 2235
"C:/Users/dunnt/Documents/GitHub/UniGameProject1/OrbIt/Content/MainFolder/WorldBuilding/Models/GLB_format/block-moving/StaticMeshes/block-moving.uexp" 2236
"C:/Users/dunnt/Documents/GitHub/UniGameProject1/OrbIt/Content/MainFolder/WorldBuilding/Models/GLB_format/block-grass-overhang-narrow/Textures/colormap.ubulk" 2237
"C:/Users/dunnt/Documents/GitHub/UniGameProject1/OrbIt/Content/MainFolder/WorldBuilding/Models/GLB_format/block-grass-overhang-narrow/Textures/colormap.uasset" 2238
"C:/Users/dunnt/Documents/GitHub/UniGameProject1/OrbIt/Content/MainFolder/WorldBuilding/Models/GLB_format/block-grass-overhang-narrow/Textures/colormap.uexp" 2239
"C:/Users/dunnt/Documents/GitHub/UniGameProject1/OrbIt/Content/MainFolder/WorldBuilding/Models/GLB_format/block-grass-overhang-narrow/Materials/colormap.uasset" 2240
"C:/Users/dunnt/Documents/GitHub/UniGameProject1/OrbIt/Content/MainFolder/WorldBuilding/Models/GLB_format/block-grass-overhang-narrow/Materials/colormap.uexp" 2241
"C:/Users/dunnt/Documents/GitHub/UniGameProject1/OrbIt/Content/MainFolder/WorldBuilding/Models/GLB_format/block-grass-overhang-narrow/StaticMeshes/block-grass-overhang-narrow.ubulk" 2242
"C:/Users/dunnt/Documents/GitHub/UniGameProject1/OrbIt/Content/MainFolder/WorldBuilding/Models/GLB_format/block-grass-overhang-narrow/StaticMeshes/block-grass-overhang-narrow.uasset" 2243
"C:/Users/dunnt/Documents/GitHub/UniGameProject1/OrbIt/Content/MainFolder/WorldBuilding/Models/GLB_format/block-grass-overhang-narrow/StaticMeshes/block-grass-overhang-narrow.uexp" 2244
"C:/Users/dunnt/Documents/GitHub/UniGameProject1/OrbIt/Content/MainFolder/WorldBuilding/Models/GLB_format/block-grass-overhang-low-narrow/Textures/colormap.ubulk" 2245
"C:/Users/dunnt/Documents/GitHub/UniGameProject1/OrbIt/Content/MainFolder/WorldBuilding/Models/GLB_format/block-grass-overhang-low-narrow/Textures/colormap.uasset" 2246
"C:/Users/dunnt/Documents/GitHub/UniGameProject1/OrbIt/Content/MainFolder/WorldBuilding/Models/GLB_format/block-grass-overhang-low-narrow/Textures/colormap.uexp" 2247
"C:/Users/dunnt/Documents/GitHub/UniGameProject1/OrbIt/Content/MainFolder/WorldBuilding/Models/GLB_format/block-grass-overhang-low-narrow/Materials/colormap.uasset" 2248
"C:/Users/dunnt/Documents/GitHub/UniGameProject1/OrbIt/Content/MainFolder/WorldBuilding/Models/GLB_format/block-grass-overhang-low-narrow/Materials/colormap.uexp" 2249
"C:/Users/dunnt/Documents/GitHub/UniGameProject1/OrbIt/Content/MainFolder/WorldBuilding/Models/GLB_format/block-grass-overhang-low-narrow/StaticMeshes/block-grass-overhang-low-narrow.ubulk" 2250
"C:/Users/dunnt/Documents/GitHub/UniGameProject1/OrbIt/Content/MainFolder/WorldBuilding/Models/GLB_format/block-grass-overhang-low-narrow/StaticMeshes/block-grass-overhang-low-narrow.uasset" 2251
"C:/Users/dunnt/Documents/GitHub/UniGameProject1/OrbIt/Content/MainFolder/WorldBuilding/Models/GLB_format/block-grass-overhang-low-narrow/StaticMeshes/block-grass-overhang-low-narrow.uexp" 2252
"C:/Users/dunnt/Documents/GitHub/UniGameProject1/OrbIt/Content/MainFolder/WorldBuilding/Models/GLB_format/block-grass-overhang-low-long/Textures/colormap.ubulk" 2253
"C:/Users/dunnt/Documents/GitHub/UniGameProject1/OrbIt/Content/MainFolder/WorldBuilding/Models/GLB_format/block-grass-overhang-low-long/Textures/colormap.uasset" 2254
"C:/Users/dunnt/Documents/GitHub/UniGameProject1/OrbIt/Content/MainFolder/WorldBuilding/Models/GLB_format/block-grass-overhang-low-long/Textures/colormap.uexp" 2255
"C:/Users/dunnt/Documents/GitHub/UniGameProject1/OrbIt/Content/MainFolder/WorldBuilding/Models/GLB_format/block-grass-overhang-low-long/Materials/colormap.uasset" 2256
"C:/Users/dunnt/Documents/GitHub/UniGameProject1/OrbIt/Content/MainFolder/WorldBuilding/Models/GLB_format/block-grass-overhang-low-long/Materials/colormap.uexp" 2257
"C:/Users/dunnt/Documents/GitHub/UniGameProject1/OrbIt/Content/MainFolder/WorldBuilding/Models/GLB_format/block-grass-overhang-low-long/StaticMeshes/block-grass-overhang-low-long.ubulk" 2258
"C:/Users/dunnt/Documents/GitHub/UniGameProject1/OrbIt/Content/MainFolder/WorldBuilding/Models/GLB_format/block-grass-overhang-low-long/StaticMeshes/block-grass-overhang-low-long.uasset" 2259
"C:/Users/dunnt/Documents/GitHub/UniGameProject1/OrbIt/Content/MainFolder/WorldBuilding/Models/GLB_format/block-grass-overhang-low-long/StaticMeshes/block-grass-overhang-low-long.uexp" 2260
"C:/Users/dunnt/Documents/GitHub/UniGameProject1/OrbIt/Content/MainFolder/WorldBuilding/Models/GLB_format/block-grass-overhang-low-large/Textures/colormap.ubulk" 2261
"C:/Users/dunnt/Documents/GitHub/UniGameProject1/OrbIt/Content/MainFolder/WorldBuilding/Models/GLB_format/block-grass-overhang-low-large/Textures/colormap.uasset" 2262
"C:/Users/dunnt/Documents/GitHub/UniGameProject1/OrbIt/Content/MainFolder/WorldBuilding/Models/GLB_format/block-grass-overhang-low-large/Textures/colormap.uexp" 2263
"C:/Users/dunnt/Documents/GitHub/UniGameProject1/OrbIt/Content/MainFolder/WorldBuilding/Models/GLB_format/block-grass-overhang-low-large/Materials/colormap.uasset" 2264
"C:/Users/dunnt/Documents/GitHub/UniGameProject1/OrbIt/Content/MainFolder/WorldBuilding/Models/GLB_format/block-grass-overhang-low-large/Materials/colormap.uexp" 2265
"C:/Users/dunnt/Documents/GitHub/UniGameProject1/OrbIt/Content/MainFolder/WorldBuilding/Models/GLB_format/block-grass-overhang-low-large/StaticMeshes/block-grass-overhang-low-large.ubulk" 2266
"C:/Users/dunnt/Documents/GitHub/UniGameProject1/OrbIt/Content/MainFolder/WorldBuilding/Models/GLB_format/block-grass-overhang-low-large/StaticMeshes/block-grass-overhang-low-large.uasset" 2267
"C:/Users/dunnt/Documents/GitHub/UniGameProject1/OrbIt/Content/MainFolder/WorldBuilding/Models/GLB_format/block-grass-overhang-low-large/StaticMeshes/block-grass-overhang-low-large.uexp" 2268
"C:/Users/dunnt/Documents/GitHub/UniGameProject1/OrbIt/Content/MainFolder/WorldBuilding/Models/GLB_format/block-grass-overhang-low-hexagon/Textures/colormap.ubulk" 2269
"C:/Users/dunnt/Documents/GitHub/UniGameProject1/OrbIt/Content/MainFolder/WorldBuilding/Models/GLB_format/block-grass-overhang-low-hexagon/Textures/colormap.uasset" 2270
"C:/Users/dunnt/Documents/GitHub/UniGameProject1/OrbIt/Content/MainFolder/WorldBuilding/Models/GLB_format/block-grass-overhang-low-hexagon/Textures/colormap.uexp" 2271
"C:/Users/dunnt/Documents/GitHub/UniGameProject1/OrbIt/Content/MainFolder/WorldBuilding/Models/GLB_format/block-grass-overhang-low-hexagon/Materials/colormap.uasset" 2272
"C:/Users/dunnt/Documents/GitHub/UniGameProject1/OrbIt/Content/MainFolder/WorldBuilding/Models/GLB_format/block-grass-overhang-low-hexagon/Materials/colormap.uexp" 2273
"C:/Users/dunnt/Documents/GitHub/UniGameProject1/OrbIt/Content/MainFolder/WorldBuilding/Models/GLB_format/block-grass-overhang-low-hexagon/StaticMeshes/block-grass-overhang-low-hexagon.ubulk" 2274
"C:/Users/dunnt/Documents/GitHub/UniGameProject1/OrbIt/Content/MainFolder/WorldBuilding/Models/GLB_format/block-grass-overhang-low-hexagon/StaticMeshes/block-grass-overhang-low-hexagon.uasset" 2275
"C:/Users/dunnt/Documents/GitHub/UniGameProject1/OrbIt/Content/MainFolder/WorldBuilding/Models/GLB_format/block-grass-overhang-low-hexagon/StaticMeshes/block-grass-overhang-low-hexagon.uexp" 2276
"C:/Users/dunnt/Documents/GitHub/UniGameProject1/OrbIt/Content/MainFolder/WorldBuilding/Models/GLB_format/block-grass-overhang-low/Textures/colormap.ubulk" 2277
"C:/Users/dunnt/Documents/GitHub/UniGameProject1/OrbIt/Content/MainFolder/WorldBuilding/Models/GLB_format/block-grass-overhang-low/Textures/colormap.uasset" 2278
"C:/Users/dunnt/Documents/GitHub/UniGameProject1/OrbIt/Content/MainFolder/WorldBuilding/Models/GLB_format/block-grass-overhang-low/Textures/colormap.uexp" 2279
"C:/Users/dunnt/Documents/GitHub/UniGameProject1/OrbIt/Content/MainFolder/WorldBuilding/Models/GLB_format/block-grass-overhang-low/Materials/colormap.uasset" 2280
"C:/Users/dunnt/Documents/GitHub/UniGameProject1/OrbIt/Content/MainFolder/WorldBuilding/Models/GLB_format/block-grass-overhang-low/Materials/colormap.uexp" 2281
"C:/Users/dunnt/Documents/GitHub/UniGameProject1/OrbIt/Content/MainFolder/WorldBuilding/Models/GLB_format/block-grass-overhang-low/StaticMeshes/block-grass-overhang-low.ubulk" 2282
"C:/Users/dunnt/Documents/GitHub/UniGameProject1/OrbIt/Content/MainFolder/WorldBuilding/Models/GLB_format/block-grass-overhang-low/StaticMeshes/block-grass-overhang-low.uasset" 2283
"C:/Users/dunnt/Documents/GitHub/UniGameProject1/OrbIt/Content/MainFolder/WorldBuilding/Models/GLB_format/block-grass-overhang-low/StaticMeshes/block-grass-overhang-low.uexp" 2284
"C:/Users/dunnt/Documents/GitHub/UniGameProject1/OrbIt/Content/MainFolder/WorldBuilding/Models/GLB_format/block-grass-overhang-long/Textures/colormap.ubulk" 2285
"C:/Users/dunnt/Documents/GitHub/UniGameProject1/OrbIt/Content/MainFolder/WorldBuilding/Models/GLB_format/block-grass-overhang-long/Textures/colormap.uasset" 2286
"C:/Users/dunnt/Documents/GitHub/UniGameProject1/OrbIt/Content/MainFolder/WorldBuilding/Models/GLB_format/block-grass-overhang-long/Textures/colormap.uexp" 2287
"C:/Users/dunnt/Documents/GitHub/UniGameProject1/OrbIt/Content/MainFolder/WorldBuilding/Models/GLB_format/block-grass-overhang-long/Materials/colormap.uasset" 2288
"C:/Users/dunnt/Documents/GitHub/UniGameProject1/OrbIt/Content/MainFolder/WorldBuilding/Models/GLB_format/block-grass-overhang-long/Materials/colormap.uexp" 2289
"C:/Users/dunnt/Documents/GitHub/UniGameProject1/OrbIt/Content/MainFolder/WorldBuilding/Models/GLB_format/block-grass-overhang-long/StaticMeshes/block-grass-overhang-long.ubulk" 2290
"C:/Users/dunnt/Documents/GitHub/UniGameProject1/OrbIt/Content/MainFolder/WorldBuilding/Models/GLB_format/block-grass-overhang-long/StaticMeshes/block-grass-overhang-long.uasset" 2291
"C:/Users/dunnt/Documents/GitHub/UniGameProject1/OrbIt/Content/MainFolder/WorldBuilding/Models/GLB_format/block-grass-overhang-long/StaticMeshes/block-grass-overhang-long.uexp" 2292
"C:/Users/dunnt/Documents/GitHub/UniGameProject1/OrbIt/Content/MainFolder/WorldBuilding/Models/GLB_format/block-grass-overhang-large-tall/Textures/colormap.ubulk" 2293
"C:/Users/dunnt/Documents/GitHub/UniGameProject1/OrbIt/Content/MainFolder/WorldBuilding/Models/GLB_format/block-grass-overhang-large-tall/Textures/colormap.uasset" 2294
"C:/Users/dunnt/Documents/GitHub/UniGameProject1/OrbIt/Content/MainFolder/WorldBuilding/Models/GLB_format/block-grass-overhang-large-tall/Textures/colormap.uexp" 2295
"C:/Users/dunnt/Documents/GitHub/UniGameProject1/OrbIt/Content/MainFolder/WorldBuilding/Models/GLB_format/block-grass-overhang-large-tall/Materials/colormap.uasset" 2296
"C:/Users/dunnt/Documents/GitHub/UniGameProject1/OrbIt/Content/MainFolder/WorldBuilding/Models/GLB_format/block-grass-overhang-large-tall/Materials/colormap.uexp" 2297
"C:/Users/dunnt/Documents/GitHub/UniGameProject1/OrbIt/Content/MainFolder/WorldBuilding/Models/GLB_format/block-grass-overhang-large-tall/StaticMeshes/block-grass-overhang-large-tall.ubulk" 2298
"C:/Users/dunnt/Documents/GitHub/UniGameProject1/OrbIt/Content/MainFolder/WorldBuilding/Models/GLB_format/block-grass-overhang-large-tall/StaticMeshes/block-grass-overhang-large-tall.uasset" 2299
"C:/Users/dunnt/Documents/GitHub/UniGameProject1/OrbIt/Content/MainFolder/WorldBuilding/Models/GLB_format/block-grass-overhang-large-tall/StaticMeshes/block-grass-overhang-large-tall.uexp" 2300
"C:/Users/dunnt/Documents/GitHub/UniGameProject1/OrbIt/Content/MainFolder/WorldBuilding/Models/GLB_format/block-grass-overhang-large-slope-steep-narrow/Textures/colormap.ubulk" 2301
"C:/Users/dunnt/Documents/GitHub/UniGameProject1/OrbIt/Content/MainFolder/WorldBuilding/Models/GLB_format/block-grass-overhang-large-slope-steep-narrow/Textures/colormap.uasset" 2302
"C:/Users/dunnt/Documents/GitHub/UniGameProject1/OrbIt/Content/MainFolder/WorldBuilding/Models/GLB_format/block-grass-overhang-large-slope-steep-narrow/Textures/colormap.uexp" 2303
"C:/Users/dunnt/Documents/GitHub/UniGameProject1/OrbIt/Content/MainFolder/WorldBuilding/Models/GLB_format/block-grass-overhang-large-slope-steep-narrow/Materials/colormap.uasset" 2304
"C:/Users/dunnt/Documents/GitHub/UniGameProject1/OrbIt/Content/MainFolder/WorldBuilding/Models/GLB_format/block-grass-overhang-large-slope-steep-narrow/Materials/colormap.uexp" 2305
"C:/Users/dunnt/Documents/GitHub/UniGameProject1/OrbIt/Content/MainFolder/WorldBuilding/Models/GLB_format/block-grass-overhang-large-slope-steep-narrow/StaticMeshes/block-grass-overhang-large-slope-steep-narrow.ubulk" 2306
"C:/Users/dunnt/Documents/GitHub/UniGameProject1/OrbIt/Content/MainFolder/WorldBuilding/Models/GLB_format/block-grass-overhang-large-slope-steep-narrow/StaticMeshes/block-grass-overhang-large-slope-steep-narrow.uasset" 2307
"C:/Users/dunnt/Documents/GitHub/UniGameProject1/OrbIt/Content/MainFolder/WorldBuilding/Models/GLB_format/block-grass-overhang-large-slope-steep-narrow/StaticMeshes/block-grass-overhang-large-slope-steep-narrow.uexp" 2308
"C:/Users/dunnt/Documents/GitHub/UniGameProject1/OrbIt/Content/MainFolder/WorldBuilding/Models/GLB_format/block-grass-overhang-large-slope-steep/Textures/colormap.ubulk" 2309
"C:/Users/dunnt/Documents/GitHub/UniGameProject1/OrbIt/Content/MainFolder/WorldBuilding/Models/GLB_format/block-grass-overhang-large-slope-steep/Textures/colormap.uasset" 2310
"C:/Users/dunnt/Documents/GitHub/UniGameProject1/OrbIt/Content/MainFolder/WorldBuilding/Models/GLB_format/block-grass-overhang-large-slope-steep/Textures/colormap.uexp" 2311
"C:/Users/dunnt/Documents/GitHub/UniGameProject1/OrbIt/Content/MainFolder/WorldBuilding/Models/GLB_format/block-grass-overhang-large-slope-steep/Materials/colormap.uasset" 2312
"C:/Users/dunnt/Documents/GitHub/UniGameProject1/OrbIt/Content/MainFolder/WorldBuilding/Models/GLB_format/block-grass-overhang-large-slope-steep/Materials/colormap.uexp" 2313
"C:/Users/dunnt/Documents/GitHub/UniGameProject1/OrbIt/Content/MainFolder/WorldBuilding/Models/GLB_format/block-grass-overhang-large-slope-steep/StaticMeshes/block-grass-overhang-large-slope-steep.ubulk" 2314
"C:/Users/dunnt/Documents/GitHub/UniGameProject1/OrbIt/Content/MainFolder/WorldBuilding/Models/GLB_format/block-grass-overhang-large-slope-steep/StaticMeshes/block-grass-overhang-large-slope-steep.uasset" 2315
"C:/Users/dunnt/Documents/GitHub/UniGameProject1/OrbIt/Content/MainFolder/WorldBuilding/Models/GLB_format/block-grass-overhang-large-slope-steep/StaticMeshes/block-grass-overhang-large-slope-steep.uexp" 2316
"C:/Users/dunnt/Documents/GitHub/UniGameProject1/OrbIt/Content/MainFolder/WorldBuilding/Models/GLB_format/block-grass-overhang-large-slope-narrow/Textures/colormap.ubulk" 2317
"C:/Users/dunnt/Documents/GitHub/UniGameProject1/OrbIt/Content/MainFolder/WorldBuilding/Models/GLB_format/block-grass-overhang-large-slope-narrow/Textures/colormap.uasset" 2318
"C:/Users/dunnt/Documents/GitHub/UniGameProject1/OrbIt/Content/MainFolder/WorldBuilding/Models/GLB_format/block-grass-overhang-large-slope-narrow/Textures/colormap.uexp" 2319
"C:/Users/dunnt/Documents/GitHub/UniGameProject1/OrbIt/Content/MainFolder/WorldBuilding/Models/GLB_format/block-grass-overhang-large-slope-narrow/Materials/colormap.uasset" 2320
"C:/Users/dunnt/Documents/GitHub/UniGameProject1/OrbIt/Content/MainFolder/WorldBuilding/Models/GLB_format/block-grass-overhang-large-slope-narrow/Materials/colormap.uexp" 2321
"C:/Users/dunnt/Documents/GitHub/UniGameProject1/OrbIt/Content/MainFolder/WorldBuilding/Models/GLB_format/block-grass-overhang-large-slope-narrow/StaticMeshes/block-grass-overhang-large-slope-narrow.ubulk" 2322
"C:/Users/dunnt/Documents/GitHub/UniGameProject1/OrbIt/Content/MainFolder/WorldBuilding/Models/GLB_format/block-grass-overhang-large-slope-narrow/StaticMeshes/block-grass-overhang-large-slope-narrow.uasset" 2323
"C:/Users/dunnt/Documents/GitHub/UniGameProject1/OrbIt/Content/MainFolder/WorldBuilding/Models/GLB_format/block-grass-overhang-large-slope-narrow/StaticMeshes/block-grass-overhang-large-slope-narrow.uexp" 2324
"C:/Users/dunnt/Documents/GitHub/UniGameProject1/OrbIt/Content/MainFolder/WorldBuilding/Models/GLB_format/block-grass-overhang-large-slope/Textures/colormap.ubulk" 2325
"C:/Users/dunnt/Documents/GitHub/UniGameProject1/OrbIt/Content/MainFolder/WorldBuilding/Models/GLB_format/block-grass-overhang-large-slope/Textures/colormap.uasset" 2326
"C:/Users/dunnt/Documents/GitHub/UniGameProject1/OrbIt/Content/MainFolder/WorldBuilding/Models/GLB_format/block-grass-overhang-large-slope/Textures/colormap.uexp" 2327
"C:/Users/dunnt/Documents/GitHub/UniGameProject1/OrbIt/Content/MainFolder/WorldBuilding/Models/GLB_format/block-grass-overhang-large-slope/Materials/colormap.uasset" 2328
"C:/Users/dunnt/Documents/GitHub/UniGameProject1/OrbIt/Content/MainFolder/WorldBuilding/Models/GLB_format/block-grass-overhang-large-slope/Materials/colormap.uexp" 2329
"C:/Users/dunnt/Documents/GitHub/UniGameProject1/OrbIt/Content/MainFolder/WorldBuilding/Models/GLB_format/block-grass-overhang-large-slope/StaticMeshes/block-grass-overhang-large-slope.ubulk" 2330
"C:/Users/dunnt/Documents/GitHub/UniGameProject1/OrbIt/Content/MainFolder/WorldBuilding/Models/GLB_format/block-grass-overhang-large-slope/StaticMeshes/block-grass-overhang-large-slope.uasset" 2331
"C:/Users/dunnt/Documents/GitHub/UniGameProject1/OrbIt/Content/MainFolder/WorldBuilding/Models/GLB_format/block-grass-overhang-large-slope/StaticMeshes/block-grass-overhang-large-slope.uexp" 2332
"C:/Users/dunnt/Documents/GitHub/UniGameProject1/OrbIt/Content/MainFolder/WorldBuilding/Models/GLB_format/block-grass-overhang-large/Textures/colormap.ubulk" 2333
"C:/Users/dunnt/Documents/GitHub/UniGameProject1/OrbIt/Content/MainFolder/WorldBuilding/Models/GLB_format/block-grass-overhang-large/Textures/colormap.uasset" 2334
"C:/Users/dunnt/Documents/GitHub/UniGameProject1/OrbIt/Content/MainFolder/WorldBuilding/Models/GLB_format/block-grass-overhang-large/Textures/colormap.uexp" 2335
"C:/Users/dunnt/Documents/GitHub/UniGameProject1/OrbIt/Content/MainFolder/WorldBuilding/Models/GLB_format/block-grass-overhang-large/Materials/colormap.uasset" 2336
"C:/Users/dunnt/Documents/GitHub/UniGameProject1/OrbIt/Content/MainFolder/WorldBuilding/Models/GLB_format/block-grass-overhang-large/Materials/colormap.uexp" 2337
"C:/Users/dunnt/Documents/GitHub/UniGameProject1/OrbIt/Content/MainFolder/WorldBuilding/Models/GLB_format/block-grass-overhang-large/StaticMeshes/block-grass-overhang-large.ubulk" 2338
"C:/Users/dunnt/Documents/GitHub/UniGameProject1/OrbIt/Content/MainFolder/WorldBuilding/Models/GLB_format/block-grass-overhang-large/StaticMeshes/block-grass-overhang-large.uasset" 2339
"C:/Users/dunnt/Documents/GitHub/UniGameProject1/OrbIt/Content/MainFolder/WorldBuilding/Models/GLB_format/block-grass-overhang-large/StaticMeshes/block-grass-overhang-large.uexp" 2340
"C:/Users/dunnt/Documents/GitHub/UniGameProject1/OrbIt/Content/MainFolder/WorldBuilding/Models/GLB_format/block-grass-overhang-hexagon/Textures/colormap.ubulk" 2341
"C:/Users/dunnt/Documents/GitHub/UniGameProject1/OrbIt/Content/MainFolder/WorldBuilding/Models/GLB_format/block-grass-overhang-hexagon/Textures/colormap.uasset" 2342
"C:/Users/dunnt/Documents/GitHub/UniGameProject1/OrbIt/Content/MainFolder/WorldBuilding/Models/GLB_format/block-grass-overhang-hexagon/Textures/colormap.uexp" 2343
"C:/Users/dunnt/Documents/GitHub/UniGameProject1/OrbIt/Content/MainFolder/WorldBuilding/Models/GLB_format/block-grass-overhang-hexagon/Materials/colormap.uasset" 2344
"C:/Users/dunnt/Documents/GitHub/UniGameProject1/OrbIt/Content/MainFolder/WorldBuilding/Models/GLB_format/block-grass-overhang-hexagon/Materials/colormap.uexp" 2345
"C:/Users/dunnt/Documents/GitHub/UniGameProject1/OrbIt/Content/MainFolder/WorldBuilding/Models/GLB_format/block-grass-overhang-hexagon/StaticMeshes/block-grass-overhang-hexagon.ubulk" 2346
"C:/Users/dunnt/Documents/GitHub/UniGameProject1/OrbIt/Content/MainFolder/WorldBuilding/Models/GLB_format/block-grass-overhang-hexagon/StaticMeshes/block-grass-overhang-hexagon.uasset" 2347
"C:/Users/dunnt/Documents/GitHub/UniGameProject1/OrbIt/Content/MainFolder/WorldBuilding/Models/GLB_format/block-grass-overhang-hexagon/StaticMeshes/block-grass-overhang-hexagon.uexp" 2348
"C:/Users/dunnt/Documents/GitHub/UniGameProject1/OrbIt/Content/MainFolder/WorldBuilding/Models/GLB_format/block-grass-overhang-edge/Textures/colormap.ubulk" 2349
"C:/Users/dunnt/Documents/GitHub/UniGameProject1/OrbIt/Content/MainFolder/WorldBuilding/Models/GLB_format/block-grass-overhang-edge/Textures/colormap.uasset" 2350
"C:/Users/dunnt/Documents/GitHub/UniGameProject1/OrbIt/Content/MainFolder/WorldBuilding/Models/GLB_format/block-grass-overhang-edge/Textures/colormap.uexp" 2351
"C:/Users/dunnt/Documents/GitHub/UniGameProject1/OrbIt/Content/MainFolder/WorldBuilding/Models/GLB_format/block-grass-overhang-edge/Materials/colormap.uasset" 2352
"C:/Users/dunnt/Documents/GitHub/UniGameProject1/OrbIt/Content/MainFolder/WorldBuilding/Models/GLB_format/block-grass-overhang-edge/Materials/colormap.uexp" 2353
"C:/Users/dunnt/Documents/GitHub/UniGameProject1/OrbIt/Content/MainFolder/WorldBuilding/Models/GLB_format/block-grass-overhang-edge/StaticMeshes/block-grass-overhang-edge.ubulk" 2354
"C:/Users/dunnt/Documents/GitHub/UniGameProject1/OrbIt/Content/MainFolder/WorldBuilding/Models/GLB_format/block-grass-overhang-edge/StaticMeshes/block-grass-overhang-edge.uasset" 2355
"C:/Users/dunnt/Documents/GitHub/UniGameProject1/OrbIt/Content/MainFolder/WorldBuilding/Models/GLB_format/block-grass-overhang-edge/StaticMeshes/block-grass-overhang-edge.uexp" 2356
"C:/Users/dunnt/Documents/GitHub/UniGameProject1/OrbIt/Content/MainFolder/WorldBuilding/Models/GLB_format/block-grass-overhang-corner/Textures/colormap.ubulk" 2357
"C:/Users/dunnt/Documents/GitHub/UniGameProject1/OrbIt/Content/MainFolder/WorldBuilding/Models/GLB_format/block-grass-overhang-corner/Textures/colormap.uasset" 2358
"C:/Users/dunnt/Documents/GitHub/UniGameProject1/OrbIt/Content/MainFolder/WorldBuilding/Models/GLB_format/block-grass-overhang-corner/Textures/colormap.uexp" 2359
"C:/Users/dunnt/Documents/GitHub/UniGameProject1/OrbIt/Content/MainFolder/WorldBuilding/Models/GLB_format/block-grass-overhang-corner/Materials/colormap.uasset" 2360
"C:/Users/dunnt/Documents/GitHub/UniGameProject1/OrbIt/Content/MainFolder/WorldBuilding/Models/GLB_format/block-grass-overhang-corner/Materials/colormap.uexp" 2361
"C:/Users/dunnt/Documents/GitHub/UniGameProject1/OrbIt/Content/MainFolder/WorldBuilding/Models/GLB_format/block-grass-overhang-corner/StaticMeshes/block-grass-overhang-corner.ubulk" 2362
"C:/Users/dunnt/Documents/GitHub/UniGameProject1/OrbIt/Content/MainFolder/WorldBuilding/Models/GLB_format/block-grass-overhang-corner/StaticMeshes/block-grass-overhang-corner.uasset" 2363
"C:/Users/dunnt/Documents/GitHub/UniGameProject1/OrbIt/Content/MainFolder/WorldBuilding/Models/GLB_format/block-grass-overhang-corner/StaticMeshes/block-grass-overhang-corner.uexp" 2364
"C:/Users/dunnt/Documents/GitHub/UniGameProject1/OrbIt/Content/MainFolder/WorldBuilding/Models/GLB_format/block-grass-narrow/Textures/colormap.ubulk" 2365
"C:/Users/dunnt/Documents/GitHub/UniGameProject1/OrbIt/Content/MainFolder/WorldBuilding/Models/GLB_format/block-grass-narrow/Textures/colormap.uasset" 2366
"C:/Users/dunnt/Documents/GitHub/UniGameProject1/OrbIt/Content/MainFolder/WorldBuilding/Models/GLB_format/block-grass-narrow/Textures/colormap.uexp" 2367
"C:/Users/dunnt/Documents/GitHub/UniGameProject1/OrbIt/Content/MainFolder/WorldBuilding/Models/GLB_format/block-grass-narrow/Materials/colormap.uasset" 2368
"C:/Users/dunnt/Documents/GitHub/UniGameProject1/OrbIt/Content/MainFolder/WorldBuilding/Models/GLB_format/block-grass-narrow/Materials/colormap.uexp" 2369
"C:/Users/dunnt/Documents/GitHub/UniGameProject1/OrbIt/Content/MainFolder/WorldBuilding/Models/GLB_format/block-grass-narrow/StaticMeshes/block-grass-narrow.ubulk" 2370
"C:/Users/dunnt/Documents/GitHub/UniGameProject1/OrbIt/Content/MainFolder/WorldBuilding/Models/GLB_format/block-grass-narrow/StaticMeshes/block-grass-narrow.uasset" 2371
"C:/Users/dunnt/Documents/GitHub/UniGameProject1/OrbIt/Content/MainFolder/WorldBuilding/Models/GLB_format/block-grass-narrow/StaticMeshes/block-grass-narrow.uexp" 2372
"C:/Users/dunnt/Documents/GitHub/UniGameProject1/OrbIt/Content/MainFolder/WorldBuilding/Models/GLB_format/block-grass-low-narrow/Textures/colormap.ubulk" 2373
"C:/Users/dunnt/Documents/GitHub/UniGameProject1/OrbIt/Content/MainFolder/WorldBuilding/Models/GLB_format/block-grass-low-narrow/Textures/colormap.uasset" 2374
"C:/Users/dunnt/Documents/GitHub/UniGameProject1/OrbIt/Content/MainFolder/WorldBuilding/Models/GLB_format/block-grass-low-narrow/Textures/colormap.uexp" 2375
"C:/Users/dunnt/Documents/GitHub/UniGameProject1/OrbIt/Content/MainFolder/WorldBuilding/Models/GLB_format/block-grass-low-narrow/Materials/colormap.uasset" 2376
"C:/Users/dunnt/Documents/GitHub/UniGameProject1/OrbIt/Content/MainFolder/WorldBuilding/Models/GLB_format/block-grass-low-narrow/Materials/colormap.uexp" 2377
"C:/Users/dunnt/Documents/GitHub/UniGameProject1/OrbIt/Content/MainFolder/WorldBuilding/Models/GLB_format/block-grass-low-narrow/StaticMeshes/block-grass-low-narrow.ubulk" 2378
"C:/Users/dunnt/Documents/GitHub/UniGameProject1/OrbIt/Content/MainFolder/WorldBuilding/Models/GLB_format/block-grass-low-narrow/StaticMeshes/block-grass-low-narrow.uasset" 2379
"C:/Users/dunnt/Documents/GitHub/UniGameProject1/OrbIt/Content/MainFolder/WorldBuilding/Models/GLB_format/block-grass-low-narrow/StaticMeshes/block-grass-low-narrow.uexp" 2380
"C:/Users/dunnt/Documents/GitHub/UniGameProject1/OrbIt/Content/MainFolder/WorldBuilding/Models/GLB_format/block-grass-low-long/Textures/colormap.ubulk" 2381
"C:/Users/dunnt/Documents/GitHub/UniGameProject1/OrbIt/Content/MainFolder/WorldBuilding/Models/GLB_format/block-grass-low-long/Textures/colormap.uasset" 2382
"C:/Users/dunnt/Documents/GitHub/UniGameProject1/OrbIt/Content/MainFolder/WorldBuilding/Models/GLB_format/block-grass-low-long/Textures/colormap.uexp" 2383
"C:/Users/dunnt/Documents/GitHub/UniGameProject1/OrbIt/Content/MainFolder/WorldBuilding/Models/GLB_format/block-grass-low-long/Materials/colormap.uasset" 2384
"C:/Users/dunnt/Documents/GitHub/UniGameProject1/OrbIt/Content/MainFolder/WorldBuilding/Models/GLB_format/block-grass-low-long/Materials/colormap.uexp" 2385
"C:/Users/dunnt/Documents/GitHub/UniGameProject1/OrbIt/Content/MainFolder/WorldBuilding/Models/GLB_format/block-grass-low-long/StaticMeshes/block-grass-low-long.ubulk" 2386
"C:/Users/dunnt/Documents/GitHub/UniGameProject1/OrbIt/Content/MainFolder/WorldBuilding/Models/GLB_format/block-grass-low-long/StaticMeshes/block-grass-low-long.uasset" 2387
"C:/Users/dunnt/Documents/GitHub/UniGameProject1/OrbIt/Content/MainFolder/WorldBuilding/Models/GLB_format/block-grass-low-long/StaticMeshes/block-grass-low-long.uexp" 2388
"C:/Users/dunnt/Documents/GitHub/UniGameProject1/OrbIt/Content/MainFolder/WorldBuilding/Models/GLB_format/block-grass-low-large/Textures/colormap.ubulk" 2389
"C:/Users/dunnt/Documents/GitHub/UniGameProject1/OrbIt/Content/MainFolder/WorldBuilding/Models/GLB_format/block-grass-low-large/Textures/colormap.uasset" 2390
"C:/Users/dunnt/Documents/GitHub/UniGameProject1/OrbIt/Content/MainFolder/WorldBuilding/Models/GLB_format/block-grass-low-large/Textures/colormap.uexp" 2391
"C:/Users/dunnt/Documents/GitHub/UniGameProject1/OrbIt/Content/MainFolder/WorldBuilding/Models/GLB_format/block-grass-low-large/Materials/colormap.uasset" 2392
"C:/Users/dunnt/Documents/GitHub/UniGameProject1/OrbIt/Content/MainFolder/WorldBuilding/Models/GLB_format/block-grass-low-large/Materials/colormap.uexp" 2393
"C:/Users/dunnt/Documents/GitHub/UniGameProject1/OrbIt/Content/MainFolder/WorldBuilding/Models/GLB_format/block-grass-low-large/StaticMeshes/block-grass-low-large.ubulk" 2394
"C:/Users/dunnt/Documents/GitHub/UniGameProject1/OrbIt/Content/MainFolder/WorldBuilding/Models/GLB_format/block-grass-low-large/StaticMeshes/block-grass-low-large.uasset" 2395
"C:/Users/dunnt/Documents/GitHub/UniGameProject1/OrbIt/Content/MainFolder/WorldBuilding/Models/GLB_format/block-grass-low-large/StaticMeshes/block-grass-low-large.uexp" 2396
"C:/Users/dunnt/Documents/GitHub/UniGameProject1/OrbIt/Content/MainFolder/WorldBuilding/Models/GLB_format/block-grass-low-hexagon/Textures/colormap.ubulk" 2397
"C:/Users/dunnt/Documents/GitHub/UniGameProject1/OrbIt/Content/MainFolder/WorldBuilding/Models/GLB_format/block-grass-low-hexagon/Textures/colormap.uasset" 2398
"C:/Users/dunnt/Documents/GitHub/UniGameProject1/OrbIt/Content/MainFolder/WorldBuilding/Models/GLB_format/block-grass-low-hexagon/Textures/colormap.uexp" 2399
"C:/Users/dunnt/Documents/GitHub/UniGameProject1/OrbIt/Content/MainFolder/WorldBuilding/Models/GLB_format/block-grass-low-hexagon/Materials/colormap.uasset" 2400
"C:/Users/dunnt/Documents/GitHub/UniGameProject1/OrbIt/Content/MainFolder/WorldBuilding/Models/GLB_format/block-grass-low-hexagon/Materials/colormap.uexp" 2401
"C:/Users/dunnt/Documents/GitHub/UniGameProject1/OrbIt/Content/MainFolder/WorldBuilding/Models/GLB_format/block-grass-low-hexagon/StaticMeshes/block-grass-low-hexagon.ubulk" 2402
"C:/Users/dunnt/Documents/GitHub/UniGameProject1/OrbIt/Content/MainFolder/WorldBuilding/Models/GLB_format/block-grass-low-hexagon/StaticMeshes/block-grass-low-hexagon.uasset" 2403
"C:/Users/dunnt/Documents/GitHub/UniGameProject1/OrbIt/Content/MainFolder/WorldBuilding/Models/GLB_format/block-grass-low-hexagon/StaticMeshes/block-grass-low-hexagon.uexp" 2404
"C:/Users/dunnt/Documents/GitHub/UniGameProject1/OrbIt/Content/MainFolder/WorldBuilding/Models/GLB_format/block-grass-low/Textures/colormap.ubulk" 2405
"C:/Users/dunnt/Documents/GitHub/UniGameProject1/OrbIt/Content/MainFolder/WorldBuilding/Models/GLB_format/block-grass-low/Textures/colormap.uasset" 2406
"C:/Users/dunnt/Documents/GitHub/UniGameProject1/OrbIt/Content/MainFolder/WorldBuilding/Models/GLB_format/block-grass-low/Textures/colormap.uexp" 2407
"C:/Users/dunnt/Documents/GitHub/UniGameProject1/OrbIt/Content/MainFolder/WorldBuilding/Models/GLB_format/block-grass-low/Materials/colormap.uasset" 2408
"C:/Users/dunnt/Documents/GitHub/UniGameProject1/OrbIt/Content/MainFolder/WorldBuilding/Models/GLB_format/block-grass-low/Materials/colormap.uexp" 2409
"C:/Users/dunnt/Documents/GitHub/UniGameProject1/OrbIt/Content/MainFolder/WorldBuilding/Models/GLB_format/block-grass-low/StaticMeshes/block-grass-low.ubulk" 2410
"C:/Users/dunnt/Documents/GitHub/UniGameProject1/OrbIt/Content/MainFolder/WorldBuilding/Models/GLB_format/block-grass-low/StaticMeshes/block-grass-low.uasset" 2411
"C:/Users/dunnt/Documents/GitHub/UniGameProject1/OrbIt/Content/MainFolder/WorldBuilding/Models/GLB_format/block-grass-low/StaticMeshes/block-grass-low.uexp" 2412
"C:/Users/dunnt/Documents/GitHub/UniGameProject1/OrbIt/Content/MainFolder/WorldBuilding/Models/GLB_format/block-grass-long/Textures/colormap.ubulk" 2413
"C:/Users/dunnt/Documents/GitHub/UniGameProject1/OrbIt/Content/MainFolder/WorldBuilding/Models/GLB_format/block-grass-long/Textures/colormap.uasset" 2414
"C:/Users/dunnt/Documents/GitHub/UniGameProject1/OrbIt/Content/MainFolder/WorldBuilding/Models/GLB_format/block-grass-long/Textures/colormap.uexp" 2415
"C:/Users/dunnt/Documents/GitHub/UniGameProject1/OrbIt/Content/MainFolder/WorldBuilding/Models/GLB_format/block-grass-long/Materials/colormap.uasset" 2416
"C:/Users/dunnt/Documents/GitHub/UniGameProject1/OrbIt/Content/MainFolder/WorldBuilding/Models/GLB_format/block-grass-long/Materials/colormap.uexp" 2417
"C:/Users/dunnt/Documents/GitHub/UniGameProject1/OrbIt/Content/MainFolder/WorldBuilding/Models/GLB_format/block-grass-long/StaticMeshes/block-grass-long.ubulk" 2418
"C:/Users/dunnt/Documents/GitHub/UniGameProject1/OrbIt/Content/MainFolder/WorldBuilding/Models/GLB_format/block-grass-long/StaticMeshes/block-grass-long.uasset" 2419
"C:/Users/dunnt/Documents/GitHub/UniGameProject1/OrbIt/Content/MainFolder/WorldBuilding/Models/GLB_format/block-grass-long/StaticMeshes/block-grass-long.uexp" 2420
"C:/Users/dunnt/Documents/GitHub/UniGameProject1/OrbIt/Content/MainFolder/WorldBuilding/Models/GLB_format/block-grass-large-tall/Textures/colormap.ubulk" 2421
"C:/Users/dunnt/Documents/GitHub/UniGameProject1/OrbIt/Content/MainFolder/WorldBuilding/Models/GLB_format/block-grass-large-tall/Textures/colormap.uasset" 2422
"C:/Users/dunnt/Documents/GitHub/UniGameProject1/OrbIt/Content/MainFolder/WorldBuilding/Models/GLB_format/block-grass-large-tall/Textures/colormap.uexp" 2423
"C:/Users/dunnt/Documents/GitHub/UniGameProject1/OrbIt/Content/MainFolder/WorldBuilding/Models/GLB_format/block-grass-large-tall/Materials/colormap.uasset" 2424
"C:/Users/dunnt/Documents/GitHub/UniGameProject1/OrbIt/Content/MainFolder/WorldBuilding/Models/GLB_format/block-grass-large-tall/Materials/colormap.uexp" 2425
"C:/Users/dunnt/Documents/GitHub/UniGameProject1/OrbIt/Content/MainFolder/WorldBuilding/Models/GLB_format/block-grass-large-tall/StaticMeshes/block-grass-large-tall.ubulk" 2426
"C:/Users/dunnt/Documents/GitHub/UniGameProject1/OrbIt/Content/MainFolder/WorldBuilding/Models/GLB_format/block-grass-large-tall/StaticMeshes/block-grass-large-tall.uasset" 2427
"C:/Users/dunnt/Documents/GitHub/UniGameProject1/OrbIt/Content/MainFolder/WorldBuilding/Models/GLB_format/block-grass-large-tall/StaticMeshes/block-grass-large-tall.uexp" 2428
"C:/Users/dunnt/Documents/GitHub/UniGameProject1/OrbIt/Content/MainFolder/WorldBuilding/Models/GLB_format/block-grass-large-slope-steep-narrow/Textures/colormap.ubulk" 2429
"C:/Users/dunnt/Documents/GitHub/UniGameProject1/OrbIt/Content/MainFolder/WorldBuilding/Models/GLB_format/block-grass-large-slope-steep-narrow/Textures/colormap.uasset" 2430
"C:/Users/dunnt/Documents/GitHub/UniGameProject1/OrbIt/Content/MainFolder/WorldBuilding/Models/GLB_format/block-grass-large-slope-steep-narrow/Textures/colormap.uexp" 2431
"C:/Users/dunnt/Documents/GitHub/UniGameProject1/OrbIt/Content/MainFolder/WorldBuilding/Models/GLB_format/block-grass-large-slope-steep-narrow/Materials/colormap.uasset" 2432
"C:/Users/dunnt/Documents/GitHub/UniGameProject1/OrbIt/Content/MainFolder/WorldBuilding/Models/GLB_format/block-grass-large-slope-steep-narrow/Materials/colormap.uexp" 2433
"C:/Users/dunnt/Documents/GitHub/UniGameProject1/OrbIt/Content/MainFolder/WorldBuilding/Models/GLB_format/block-grass-large-slope-steep-narrow/StaticMeshes/block-grass-large-slope-steep-narrow.ubulk" 2434
"C:/Users/dunnt/Documents/GitHub/UniGameProject1/OrbIt/Content/MainFolder/WorldBuilding/Models/GLB_format/block-grass-large-slope-steep-narrow/StaticMeshes/block-grass-large-slope-steep-narrow.uasset" 2435
"C:/Users/dunnt/Documents/GitHub/UniGameProject1/OrbIt/Content/MainFolder/WorldBuilding/Models/GLB_format/block-grass-large-slope-steep-narrow/StaticMeshes/block-grass-large-slope-steep-narrow.uexp" 2436
"C:/Users/dunnt/Documents/GitHub/UniGameProject1/OrbIt/Content/MainFolder/WorldBuilding/Models/GLB_format/block-grass-large-slope-steep/Textures/colormap.ubulk" 2437
"C:/Users/dunnt/Documents/GitHub/UniGameProject1/OrbIt/Content/MainFolder/WorldBuilding/Models/GLB_format/block-grass-large-slope-steep/Textures/colormap.uasset" 2438
"C:/Users/dunnt/Documents/GitHub/UniGameProject1/OrbIt/Content/MainFolder/WorldBuilding/Models/GLB_format/block-grass-large-slope-steep/Textures/colormap.uexp" 2439
"C:/Users/dunnt/Documents/GitHub/UniGameProject1/OrbIt/Content/MainFolder/WorldBuilding/Models/GLB_format/block-grass-large-slope-steep/Materials/colormap.uasset" 2440
"C:/Users/dunnt/Documents/GitHub/UniGameProject1/OrbIt/Content/MainFolder/WorldBuilding/Models/GLB_format/block-grass-large-slope-steep/Materials/colormap.uexp" 2441
"C:/Users/dunnt/Documents/GitHub/UniGameProject1/OrbIt/Content/MainFolder/WorldBuilding/Models/GLB_format/block-grass-large-slope-steep/StaticMeshes/block-grass-large-slope-steep.ubulk" 2442
"C:/Users/dunnt/Documents/GitHub/UniGameProject1/OrbIt/Content/MainFolder/WorldBuilding/Models/GLB_format/block-grass-large-slope-steep/StaticMeshes/block-grass-large-slope-steep.uasset" 2443
"C:/Users/dunnt/Documents/GitHub/UniGameProject1/OrbIt/Content/MainFolder/WorldBuilding/Models/GLB_format/block-grass-large-slope-steep/StaticMeshes/block-grass-large-slope-steep.uexp" 2444
"C:/Users/dunnt/Documents/GitHub/UniGameProject1/OrbIt/Content/MainFolder/WorldBuilding/Models/GLB_format/block-grass-large-slope-narrow/Textures/colormap.ubulk" 2445
"C:/Users/dunnt/Documents/GitHub/UniGameProject1/OrbIt/Content/MainFolder/WorldBuilding/Models/GLB_format/block-grass-large-slope-narrow/Textures/colormap.uasset" 2446
"C:/Users/dunnt/Documents/GitHub/UniGameProject1/OrbIt/Content/MainFolder/WorldBuilding/Models/GLB_format/block-grass-large-slope-narrow/Textures/colormap.uexp" 2447
"C:/Users/dunnt/Documents/GitHub/UniGameProject1/OrbIt/Content/MainFolder/WorldBuilding/Models/GLB_format/block-grass-large-slope-narrow/Materials/colormap.uasset" 2448
"C:/Users/dunnt/Documents/GitHub/UniGameProject1/OrbIt/Content/MainFolder/WorldBuilding/Models/GLB_format/block-grass-large-slope-narrow/Materials/colormap.uexp" 2449
"C:/Users/dunnt/Documents/GitHub/UniGameProject1/OrbIt/Content/MainFolder/WorldBuilding/Models/GLB_format/block-grass-large-slope-narrow/StaticMeshes/block-grass-large-slope-narrow.ubulk" 2450
"C:/Users/dunnt/Documents/GitHub/UniGameProject1/OrbIt/Content/MainFolder/WorldBuilding/Models/GLB_format/block-grass-large-slope-narrow/StaticMeshes/block-grass-large-slope-narrow.uasset" 2451
"C:/Users/dunnt/Documents/GitHub/UniGameProject1/OrbIt/Content/MainFolder/WorldBuilding/Models/GLB_format/block-grass-large-slope-narrow/StaticMeshes/block-grass-large-slope-narrow.uexp" 2452
"C:/Users/dunnt/Documents/GitHub/UniGameProject1/OrbIt/Content/MainFolder/WorldBuilding/Models/GLB_format/block-grass-large-slope/Textures/colormap.ubulk" 2453
"C:/Users/dunnt/Documents/GitHub/UniGameProject1/OrbIt/Content/MainFolder/WorldBuilding/Models/GLB_format/block-grass-large-slope/Textures/colormap.uasset" 2454
"C:/Users/dunnt/Documents/GitHub/UniGameProject1/OrbIt/Content/MainFolder/WorldBuilding/Models/GLB_format/block-grass-large-slope/Textures/colormap.uexp" 2455
"C:/Users/dunnt/Documents/GitHub/UniGameProject1/OrbIt/Content/MainFolder/WorldBuilding/Models/GLB_format/block-grass-large-slope/Materials/colormap.uasset" 2456
"C:/Users/dunnt/Documents/GitHub/UniGameProject1/OrbIt/Content/MainFolder/WorldBuilding/Models/GLB_format/block-grass-large-slope/Materials/colormap.uexp" 2457
"C:/Users/dunnt/Documents/GitHub/UniGameProject1/OrbIt/Content/MainFolder/WorldBuilding/Models/GLB_format/block-grass-large-slope/StaticMeshes/block-grass-large-slope.ubulk" 2458
"C:/Users/dunnt/Documents/GitHub/UniGameProject1/OrbIt/Content/MainFolder/WorldBuilding/Models/GLB_format/block-grass-large-slope/StaticMeshes/block-grass-large-slope.uasset" 2459
"C:/Users/dunnt/Documents/GitHub/UniGameProject1/OrbIt/Content/MainFolder/WorldBuilding/Models/GLB_format/block-grass-large-slope/StaticMeshes/block-grass-large-slope.uexp" 2460
"C:/Users/dunnt/Documents/GitHub/UniGameProject1/OrbIt/Content/MainFolder/WorldBuilding/Models/GLB_format/block-grass-large/Textures/colormap.ubulk" 2461
"C:/Users/dunnt/Documents/GitHub/UniGameProject1/OrbIt/Content/MainFolder/WorldBuilding/Models/GLB_format/block-grass-large/Textures/colormap.uasset" 2462
"C:/Users/dunnt/Documents/GitHub/UniGameProject1/OrbIt/Content/MainFolder/WorldBuilding/Models/GLB_format/block-grass-large/Textures/colormap.uexp" 2463
"C:/Users/dunnt/Documents/GitHub/UniGameProject1/OrbIt/Content/MainFolder/WorldBuilding/Models/GLB_format/block-grass-large/Materials/colormap.uasset" 2464
"C:/Users/dunnt/Documents/GitHub/UniGameProject1/OrbIt/Content/MainFolder/WorldBuilding/Models/GLB_format/block-grass-large/Materials/colormap.uexp" 2465
"C:/Users/dunnt/Documents/GitHub/UniGameProject1/OrbIt/Content/MainFolder/WorldBuilding/Models/GLB_format/block-grass-large/StaticMeshes/block-grass-large.ubulk" 2466
"C:/Users/dunnt/Documents/GitHub/UniGameProject1/OrbIt/Content/MainFolder/WorldBuilding/Models/GLB_format/block-grass-large/StaticMeshes/block-grass-large.uasset" 2467
"C:/Users/dunnt/Documents/GitHub/UniGameProject1/OrbIt/Content/MainFolder/WorldBuilding/Models/GLB_format/block-grass-large/StaticMeshes/block-grass-large.uexp" 2468
"C:/Users/dunnt/Documents/GitHub/UniGameProject1/OrbIt/Content/MainFolder/WorldBuilding/Models/GLB_format/block-grass-hexagon/Textures/colormap.ubulk" 2469
"C:/Users/dunnt/Documents/GitHub/UniGameProject1/OrbIt/Content/MainFolder/WorldBuilding/Models/GLB_format/block-grass-hexagon/Textures/colormap.uasset" 2470
"C:/Users/dunnt/Documents/GitHub/UniGameProject1/OrbIt/Content/MainFolder/WorldBuilding/Models/GLB_format/block-grass-hexagon/Textures/colormap.uexp" 2471
"C:/Users/dunnt/Documents/GitHub/UniGameProject1/OrbIt/Content/MainFolder/WorldBuilding/Models/GLB_format/block-grass-hexagon/Materials/colormap.uasset" 2472
"C:/Users/dunnt/Documents/GitHub/UniGameProject1/OrbIt/Content/MainFolder/WorldBuilding/Models/GLB_format/block-grass-hexagon/Materials/colormap.uexp" 2473
"C:/Users/dunnt/Documents/GitHub/UniGameProject1/OrbIt/Content/MainFolder/WorldBuilding/Models/GLB_format/block-grass-hexagon/StaticMeshes/block-grass-hexagon.ubulk" 2474
"C:/Users/dunnt/Documents/GitHub/UniGameProject1/OrbIt/Content/MainFolder/WorldBuilding/Models/GLB_format/block-grass-hexagon/StaticMeshes/block-grass-hexagon.uasset" 2475
"C:/Users/dunnt/Documents/GitHub/UniGameProject1/OrbIt/Content/MainFolder/WorldBuilding/Models/GLB_format/block-grass-hexagon/StaticMeshes/block-grass-hexagon.uexp" 2476
"C:/Users/dunnt/Documents/GitHub/UniGameProject1/OrbIt/Content/MainFolder/WorldBuilding/Models/GLB_format/block-grass-edge/Textures/colormap.ubulk" 2477
"C:/Users/dunnt/Documents/GitHub/UniGameProject1/OrbIt/Content/MainFolder/WorldBuilding/Models/GLB_format/block-grass-edge/Textures/colormap.uasset" 2478
"C:/Users/dunnt/Documents/GitHub/UniGameProject1/OrbIt/Content/MainFolder/WorldBuilding/Models/GLB_format/block-grass-edge/Textures/colormap.uexp" 2479
"C:/Users/dunnt/Documents/GitHub/UniGameProject1/OrbIt/Content/MainFolder/WorldBuilding/Models/GLB_format/block-grass-edge/Materials/colormap.uasset" 2480
"C:/Users/dunnt/Documents/GitHub/UniGameProject1/OrbIt/Content/MainFolder/WorldBuilding/Models/GLB_format/block-grass-edge/Materials/colormap.uexp" 2481
"C:/Users/dunnt/Documents/GitHub/UniGameProject1/OrbIt/Content/MainFolder/WorldBuilding/Models/GLB_format/block-grass-edge/StaticMeshes/block-grass-edge.ubulk" 2482
"C:/Users/dunnt/Documents/GitHub/UniGameProject1/OrbIt/Content/MainFolder/WorldBuilding/Models/GLB_format/block-grass-edge/StaticMeshes/block-grass-edge.uasset" 2483
"C:/Users/dunnt/Documents/GitHub/UniGameProject1/OrbIt/Content/MainFolder/WorldBuilding/Models/GLB_format/block-grass-edge/StaticMeshes/block-grass-edge.uexp" 2484
"C:/Users/dunnt/Documents/GitHub/UniGameProject1/OrbIt/Content/MainFolder/WorldBuilding/Models/GLB_format/block-grass-curve-low/Textures/colormap.ubulk" 2485
"C:/Users/dunnt/Documents/GitHub/UniGameProject1/OrbIt/Content/MainFolder/WorldBuilding/Models/GLB_format/block-grass-curve-low/Textures/colormap.uasset" 2486
"C:/Users/dunnt/Documents/GitHub/UniGameProject1/OrbIt/Content/MainFolder/WorldBuilding/Models/GLB_format/block-grass-curve-low/Textures/colormap.uexp" 2487
"C:/Users/dunnt/Documents/GitHub/UniGameProject1/OrbIt/Content/MainFolder/WorldBuilding/Models/GLB_format/block-grass-curve-low/Materials/colormap.uasset" 2488
"C:/Users/dunnt/Documents/GitHub/UniGameProject1/OrbIt/Content/MainFolder/WorldBuilding/Models/GLB_format/block-grass-curve-low/Materials/colormap.uexp" 2489
"C:/Users/dunnt/Documents/GitHub/UniGameProject1/OrbIt/Content/MainFolder/WorldBuilding/Models/GLB_format/block-grass-curve-low/StaticMeshes/block-grass-curve-low.ubulk" 2490
"C:/Users/dunnt/Documents/GitHub/UniGameProject1/OrbIt/Content/MainFolder/WorldBuilding/Models/GLB_format/block-grass-curve-low/StaticMeshes/block-grass-curve-low.uasset" 2491
"C:/Users/dunnt/Documents/GitHub/UniGameProject1/OrbIt/Content/MainFolder/WorldBuilding/Models/GLB_format/block-grass-curve-low/StaticMeshes/block-grass-curve-low.uexp" 2492
"C:/Users/dunnt/Documents/GitHub/UniGameProject1/OrbIt/Content/MainFolder/WorldBuilding/Models/GLB_format/block-grass-curve-half/Textures/colormap.ubulk" 2493
"C:/Users/dunnt/Documents/GitHub/UniGameProject1/OrbIt/Content/MainFolder/WorldBuilding/Models/GLB_format/block-grass-curve-half/Textures/colormap.uasset" 2494
"C:/Users/dunnt/Documents/GitHub/UniGameProject1/OrbIt/Content/MainFolder/WorldBuilding/Models/GLB_format/block-grass-curve-half/Textures/colormap.uexp" 2495
"C:/Users/dunnt/Documents/GitHub/UniGameProject1/OrbIt/Content/MainFolder/WorldBuilding/Models/GLB_format/block-grass-curve-half/Materials/colormap.uasset" 2496
"C:/Users/dunnt/Documents/GitHub/UniGameProject1/OrbIt/Content/MainFolder/WorldBuilding/Models/GLB_format/block-grass-curve-half/Materials/colormap.uexp" 2497
"C:/Users/dunnt/Documents/GitHub/UniGameProject1/OrbIt/Content/MainFolder/WorldBuilding/Models/GLB_format/block-grass-curve-half/StaticMeshes/block-grass-curve-half.ubulk" 2498
"C:/Users/dunnt/Documents/GitHub/UniGameProject1/OrbIt/Content/MainFolder/WorldBuilding/Models/GLB_format/block-grass-curve-half/StaticMeshes/block-grass-curve-half.uasset" 2499
"C:/Users/dunnt/Documents/GitHub/UniGameProject1/OrbIt/Content/MainFolder/WorldBuilding/Models/GLB_format/block-grass-curve-half/StaticMeshes/block-grass-curve-half.uexp" 2500
"C:/Users/dunnt/Documents/GitHub/UniGameProject1/OrbIt/Content/MainFolder/WorldBuilding/Models/GLB_format/block-grass-curve/Textures/colormap.ubulk" 2501
"C:/Users/dunnt/Documents/GitHub/UniGameProject1/OrbIt/Content/MainFolder/WorldBuilding/Models/GLB_format/block-grass-curve/Textures/colormap.uasset" 2502
"C:/Users/dunnt/Documents/GitHub/UniGameProject1/OrbIt/Content/MainFolder/WorldBuilding/Models/GLB_format/block-grass-curve/Textures/colormap.uexp" 2503
"C:/Users/dunnt/Documents/GitHub/UniGameProject1/OrbIt/Content/MainFolder/WorldBuilding/Models/GLB_format/block-grass-curve/Materials/colormap.uasset" 2504
"C:/Users/dunnt/Documents/GitHub/UniGameProject1/OrbIt/Content/MainFolder/WorldBuilding/Models/GLB_format/block-grass-curve/Materials/colormap.uexp" 2505
"C:/Users/dunnt/Documents/GitHub/UniGameProject1/OrbIt/Content/MainFolder/WorldBuilding/Models/GLB_format/block-grass-curve/StaticMeshes/block-grass-curve.ubulk" 2506
"C:/Users/dunnt/Documents/GitHub/UniGameProject1/OrbIt/Content/MainFolder/WorldBuilding/Models/GLB_format/block-grass-curve/StaticMeshes/block-grass-curve.uasset" 2507
"C:/Users/dunnt/Documents/GitHub/UniGameProject1/OrbIt/Content/MainFolder/WorldBuilding/Models/GLB_format/block-grass-curve/StaticMeshes/block-grass-curve.uexp" 2508
"C:/Users/dunnt/Documents/GitHub/UniGameProject1/OrbIt/Content/MainFolder/WorldBuilding/Models/GLB_format/block-grass-corner-overhang-low/Textures/colormap.ubulk" 2509
"C:/Users/dunnt/Documents/GitHub/UniGameProject1/OrbIt/Content/MainFolder/WorldBuilding/Models/GLB_format/block-grass-corner-overhang-low/Textures/colormap.uasset" 2510
"C:/Users/dunnt/Documents/GitHub/UniGameProject1/OrbIt/Content/MainFolder/WorldBuilding/Models/GLB_format/block-grass-corner-overhang-low/Textures/colormap.uexp" 2511
"C:/Users/dunnt/Documents/GitHub/UniGameProject1/OrbIt/Content/MainFolder/WorldBuilding/Models/GLB_format/block-grass-corner-overhang-low/Materials/colormap.uasset" 2512
"C:/Users/dunnt/Documents/GitHub/UniGameProject1/OrbIt/Content/MainFolder/WorldBuilding/Models/GLB_format/block-grass-corner-overhang-low/Materials/colormap.uexp" 2513
"C:/Users/dunnt/Documents/GitHub/UniGameProject1/OrbIt/Content/MainFolder/WorldBuilding/Models/GLB_format/block-grass-corner-overhang-low/StaticMeshes/block-grass-corner-overhang-low.ubulk" 2514
"C:/Users/dunnt/Documents/GitHub/UniGameProject1/OrbIt/Content/MainFolder/WorldBuilding/Models/GLB_format/block-grass-corner-overhang-low/StaticMeshes/block-grass-corner-overhang-low.uasset" 2515
"C:/Users/dunnt/Documents/GitHub/UniGameProject1/OrbIt/Content/MainFolder/WorldBuilding/Models/GLB_format/block-grass-corner-overhang-low/StaticMeshes/block-grass-corner-overhang-low.uexp" 2516
"C:/Users/dunnt/Documents/GitHub/UniGameProject1/OrbIt/Content/MainFolder/WorldBuilding/Models/GLB_format/block-grass-corner-overhang/Textures/colormap.ubulk" 2517
"C:/Users/dunnt/Documents/GitHub/UniGameProject1/OrbIt/Content/MainFolder/WorldBuilding/Models/GLB_format/block-grass-corner-overhang/Textures/colormap.uasset" 2518
"C:/Users/dunnt/Documents/GitHub/UniGameProject1/OrbIt/Content/MainFolder/WorldBuilding/Models/GLB_format/block-grass-corner-overhang/Textures/colormap.uexp" 2519
"C:/Users/dunnt/Documents/GitHub/UniGameProject1/OrbIt/Content/MainFolder/WorldBuilding/Models/GLB_format/block-grass-corner-overhang/Materials/colormap.uasset" 2520
"C:/Users/dunnt/Documents/GitHub/UniGameProject1/OrbIt/Content/MainFolder/WorldBuilding/Models/GLB_format/block-grass-corner-overhang/Materials/colormap.uexp" 2521
"C:/Users/dunnt/Documents/GitHub/UniGameProject1/OrbIt/Content/MainFolder/WorldBuilding/Models/GLB_format/block-grass-corner-overhang/StaticMeshes/block-grass-corner-overhang.ubulk" 2522
"C:/Users/dunnt/Documents/GitHub/UniGameProject1/OrbIt/Content/MainFolder/WorldBuilding/Models/GLB_format/block-grass-corner-overhang/StaticMeshes/block-grass-corner-overhang.uasset" 2523
"C:/Users/dunnt/Documents/GitHub/UniGameProject1/OrbIt/Content/MainFolder/WorldBuilding/Models/GLB_format/block-grass-corner-overhang/StaticMeshes/block-grass-corner-overhang.uexp" 2524
"C:/Users/dunnt/Documents/GitHub/UniGameProject1/OrbIt/Content/MainFolder/WorldBuilding/Models/GLB_format/block-grass-corner-low/Textures/colormap.ubulk" 2525
"C:/Users/dunnt/Documents/GitHub/UniGameProject1/OrbIt/Content/MainFolder/WorldBuilding/Models/GLB_format/block-grass-corner-low/Textures/colormap.uasset" 2526
"C:/Users/dunnt/Documents/GitHub/UniGameProject1/OrbIt/Content/MainFolder/WorldBuilding/Models/GLB_format/block-grass-corner-low/Textures/colormap.uexp" 2527
"C:/Users/dunnt/Documents/GitHub/UniGameProject1/OrbIt/Content/MainFolder/WorldBuilding/Models/GLB_format/block-grass-corner-low/Materials/colormap.uasset" 2528
"C:/Users/dunnt/Documents/GitHub/UniGameProject1/OrbIt/Content/MainFolder/WorldBuilding/Models/GLB_format/block-grass-corner-low/Materials/colormap.uexp" 2529
"C:/Users/dunnt/Documents/GitHub/UniGameProject1/OrbIt/Content/MainFolder/WorldBuilding/Models/GLB_format/block-grass-corner-low/StaticMeshes/block-grass-corner-low.ubulk" 2530
"C:/Users/dunnt/Documents/GitHub/UniGameProject1/OrbIt/Content/MainFolder/WorldBuilding/Models/GLB_format/block-grass-corner-low/StaticMeshes/block-grass-corner-low.uasset" 2531
"C:/Users/dunnt/Documents/GitHub/UniGameProject1/OrbIt/Content/MainFolder/WorldBuilding/Models/GLB_format/block-grass-corner-low/StaticMeshes/block-grass-corner-low.uexp" 2532
"C:/Users/dunnt/Documents/GitHub/UniGameProject1/OrbIt/Content/MainFolder/WorldBuilding/Models/GLB_format/block-grass-corner/Textures/colormap.ubulk" 2533
"C:/Users/dunnt/Documents/GitHub/UniGameProject1/OrbIt/Content/MainFolder/WorldBuilding/Models/GLB_format/block-grass-corner/Textures/colormap.uasset" 2534
"C:/Users/dunnt/Documents/GitHub/UniGameProject1/OrbIt/Content/MainFolder/WorldBuilding/Models/GLB_format/block-grass-corner/Textures/colormap.uexp" 2535
"C:/Users/dunnt/Documents/GitHub/UniGameProject1/OrbIt/Content/MainFolder/WorldBuilding/Models/GLB_format/block-grass-corner/Materials/colormap.uasset" 2536
"C:/Users/dunnt/Documents/GitHub/UniGameProject1/OrbIt/Content/MainFolder/WorldBuilding/Models/GLB_format/block-grass-corner/Materials/colormap.uexp" 2537
"C:/Users/dunnt/Documents/GitHub/UniGameProject1/OrbIt/Content/MainFolder/WorldBuilding/Models/GLB_format/block-grass-corner/StaticMeshes/block-grass-corner.ubulk" 2538
"C:/Users/dunnt/Documents/GitHub/UniGameProject1/OrbIt/Content/MainFolder/WorldBuilding/Models/GLB_format/block-grass-corner/StaticMeshes/block-grass-corner.uasset" 2539
"C:/Users/dunnt/Documents/GitHub/UniGameProject1/OrbIt/Content/MainFolder/WorldBuilding/Models/GLB_format/block-grass-corner/StaticMeshes/block-grass-corner.uexp" 2540
"C:/Users/dunnt/Documents/GitHub/UniGameProject1/OrbIt/Content/MainFolder/WorldBuilding/Models/GLB_format/block-grass/Textures/colormap.ubulk" 2541
"C:/Users/dunnt/Documents/GitHub/UniGameProject1/OrbIt/Content/MainFolder/WorldBuilding/Models/GLB_format/block-grass/Textures/colormap.uasset" 2542
"C:/Users/dunnt/Documents/GitHub/UniGameProject1/OrbIt/Content/MainFolder/WorldBuilding/Models/GLB_format/block-grass/Textures/colormap.uexp" 2543
"C:/Users/dunnt/Documents/GitHub/UniGameProject1/OrbIt/Content/MainFolder/WorldBuilding/Models/GLB_format/block-grass/Materials/colormap.uasset" 2544
"C:/Users/dunnt/Documents/GitHub/UniGameProject1/OrbIt/Content/MainFolder/WorldBuilding/Models/GLB_format/block-grass/Materials/colormap.uexp" 2545
"C:/Users/dunnt/Documents/GitHub/UniGameProject1/OrbIt/Content/MainFolder/WorldBuilding/Models/GLB_format/block-grass/StaticMeshes/block-grass.ubulk" 2546
"C:/Users/dunnt/Documents/GitHub/UniGameProject1/OrbIt/Content/MainFolder/WorldBuilding/Models/GLB_format/block-grass/StaticMeshes/block-grass.uasset" 2547
"C:/Users/dunnt/Documents/GitHub/UniGameProject1/OrbIt/Content/MainFolder/WorldBuilding/Models/GLB_format/block-grass/StaticMeshes/block-grass.uexp" 2548
"C:/Users/dunnt/Documents/GitHub/UniGameProject1/OrbIt/Content/MainFolder/WorldBuilding/Models/GLB_format/barrel/Textures/colormap.ubulk" 2549
"C:/Users/dunnt/Documents/GitHub/UniGameProject1/OrbIt/Content/MainFolder/WorldBuilding/Models/GLB_format/barrel/Textures/colormap.uasset" 2550
"C:/Users/dunnt/Documents/GitHub/UniGameProject1/OrbIt/Content/MainFolder/WorldBuilding/Models/GLB_format/barrel/Textures/colormap.uexp" 2551
"C:/Users/dunnt/Documents/GitHub/UniGameProject1/OrbIt/Content/MainFolder/WorldBuilding/Models/GLB_format/barrel/Materials/colormap.uasset" 2552
"C:/Users/dunnt/Documents/GitHub/UniGameProject1/OrbIt/Content/MainFolder/WorldBuilding/Models/GLB_format/barrel/Materials/colormap.uexp" 2553
"C:/Users/dunnt/Documents/GitHub/UniGameProject1/OrbIt/Content/MainFolder/WorldBuilding/Models/GLB_format/barrel/StaticMeshes/barrel.ubulk" 2554
"C:/Users/dunnt/Documents/GitHub/UniGameProject1/OrbIt/Content/MainFolder/WorldBuilding/Models/GLB_format/barrel/StaticMeshes/barrel.uasset" 2555
"C:/Users/dunnt/Documents/GitHub/UniGameProject1/OrbIt/Content/MainFolder/WorldBuilding/Models/GLB_format/barrel/StaticMeshes/barrel.uexp" 2556
"C:/Users/dunnt/Documents/GitHub/UniGameProject1/OrbIt/Content/MainFolder/WorldBuilding/Models/GLB_format/arrows/Textures/colormap.ubulk" 2557
"C:/Users/dunnt/Documents/GitHub/UniGameProject1/OrbIt/Content/MainFolder/WorldBuilding/Models/GLB_format/arrows/Textures/colormap.uasset" 2558
"C:/Users/dunnt/Documents/GitHub/UniGameProject1/OrbIt/Content/MainFolder/WorldBuilding/Models/GLB_format/arrows/Textures/colormap.uexp" 2559
"C:/Users/dunnt/Documents/GitHub/UniGameProject1/OrbIt/Content/MainFolder/WorldBuilding/Models/GLB_format/arrows/Materials/colormap.uasset" 2560
"C:/Users/dunnt/Documents/GitHub/UniGameProject1/OrbIt/Content/MainFolder/WorldBuilding/Models/GLB_format/arrows/Materials/colormap.uexp" 2561
"C:/Users/dunnt/Documents/GitHub/UniGameProject1/OrbIt/Content/MainFolder/WorldBuilding/Models/GLB_format/arrows/StaticMeshes/arrows.ubulk" 2562
"C:/Users/dunnt/Documents/GitHub/UniGameProject1/OrbIt/Content/MainFolder/WorldBuilding/Models/GLB_format/arrows/StaticMeshes/arrows.uasset" 2563
"C:/Users/dunnt/Documents/GitHub/UniGameProject1/OrbIt/Content/MainFolder/WorldBuilding/Models/GLB_format/arrows/StaticMeshes/arrows.uexp" 2564
"C:/Users/dunnt/Documents/GitHub/UniGameProject1/OrbIt/Content/MainFolder/WorldBuilding/Models/GLB_format/arrow/Textures/colormap.ubulk" 2565
"C:/Users/dunnt/Documents/GitHub/UniGameProject1/OrbIt/Content/MainFolder/WorldBuilding/Models/GLB_format/arrow/Textures/colormap.uasset" 2566
"C:/Users/dunnt/Documents/GitHub/UniGameProject1/OrbIt/Content/MainFolder/WorldBuilding/Models/GLB_format/arrow/Textures/colormap.uexp" 2567
"C:/Users/dunnt/Documents/GitHub/UniGameProject1/OrbIt/Content/MainFolder/WorldBuilding/Models/GLB_format/arrow/Materials/colormap.uasset" 2568
"C:/Users/dunnt/Documents/GitHub/UniGameProject1/OrbIt/Content/MainFolder/WorldBuilding/Models/GLB_format/arrow/Materials/colormap.uexp" 2569
"C:/Users/dunnt/Documents/GitHub/UniGameProject1/OrbIt/Content/MainFolder/WorldBuilding/Models/GLB_format/arrow/StaticMeshes/arrow.ubulk" 2570
"C:/Users/dunnt/Documents/GitHub/UniGameProject1/OrbIt/Content/MainFolder/WorldBuilding/Models/GLB_format/arrow/StaticMeshes/arrow.uasset" 2571
"C:/Users/dunnt/Documents/GitHub/UniGameProject1/OrbIt/Content/MainFolder/WorldBuilding/Models/GLB_format/arrow/StaticMeshes/arrow.uexp" 2572
"C:/Users/dunnt/Documents/GitHub/UniGameProject1/OrbIt/Content/MainFolder/WorldBuilding/Models/GLB_format/tree-snow/Textures/colormap.ubulk" 2573
"C:/Users/dunnt/Documents/GitHub/UniGameProject1/OrbIt/Content/MainFolder/WorldBuilding/Models/GLB_format/tree-snow/Textures/colormap.uasset" 2574
"C:/Users/dunnt/Documents/GitHub/UniGameProject1/OrbIt/Content/MainFolder/WorldBuilding/Models/GLB_format/tree-snow/Textures/colormap.uexp" 2575
"C:/Users/dunnt/Documents/GitHub/UniGameProject1/OrbIt/Content/MainFolder/WorldBuilding/Models/GLB_format/tree-snow/Materials/colormap.uasset" 2576
"C:/Users/dunnt/Documents/GitHub/UniGameProject1/OrbIt/Content/MainFolder/WorldBuilding/Models/GLB_format/tree-snow/Materials/colormap.uexp" 2577
"C:/Users/dunnt/Documents/GitHub/UniGameProject1/OrbIt/Content/MainFolder/WorldBuilding/Models/GLB_format/tree-snow/StaticMeshes/tree-snow.ubulk" 2578
"C:/Users/dunnt/Documents/GitHub/UniGameProject1/OrbIt/Content/MainFolder/WorldBuilding/Models/GLB_format/tree-snow/StaticMeshes/tree-snow.uasset" 2579
"C:/Users/dunnt/Documents/GitHub/UniGameProject1/OrbIt/Content/MainFolder/WorldBuilding/Models/GLB_format/tree-snow/StaticMeshes/tree-snow.uexp" 2580
"C:/Users/dunnt/Documents/GitHub/UniGameProject1/OrbIt/Content/MainFolder/WorldBuilding/Models/GLB_format/tree-pine-snow-small/Textures/colormap.ubulk" 2581
"C:/Users/dunnt/Documents/GitHub/UniGameProject1/OrbIt/Content/MainFolder/WorldBuilding/Models/GLB_format/tree-pine-snow-small/Textures/colormap.uasset" 2582
"C:/Users/dunnt/Documents/GitHub/UniGameProject1/OrbIt/Content/MainFolder/WorldBuilding/Models/GLB_format/tree-pine-snow-small/Textures/colormap.uexp" 2583
"C:/Users/dunnt/Documents/GitHub/UniGameProject1/OrbIt/Content/MainFolder/WorldBuilding/Models/GLB_format/tree-pine-snow-small/Materials/colormap.uasset" 2584
"C:/Users/dunnt/Documents/GitHub/UniGameProject1/OrbIt/Content/MainFolder/WorldBuilding/Models/GLB_format/tree-pine-snow-small/Materials/colormap.uexp" 2585
"C:/Users/dunnt/Documents/GitHub/UniGameProject1/OrbIt/Content/MainFolder/WorldBuilding/Models/GLB_format/tree-pine-snow-small/StaticMeshes/tree-pine-snow-small.ubulk" 2586
"C:/Users/dunnt/Documents/GitHub/UniGameProject1/OrbIt/Content/MainFolder/WorldBuilding/Models/GLB_format/tree-pine-snow-small/StaticMeshes/tree-pine-snow-small.uasset" 2587
"C:/Users/dunnt/Documents/GitHub/UniGameProject1/OrbIt/Content/MainFolder/WorldBuilding/Models/GLB_format/tree-pine-snow-small/StaticMeshes/tree-pine-snow-small.uexp" 2588
"C:/Users/dunnt/Documents/GitHub/UniGameProject1/OrbIt/Content/MainFolder/WorldBuilding/Models/GLB_format/tree-pine-snow/Textures/colormap.ubulk" 2589
"C:/Users/dunnt/Documents/GitHub/UniGameProject1/OrbIt/Content/MainFolder/WorldBuilding/Models/GLB_format/tree-pine-snow/Textures/colormap.uasset" 2590
"C:/Users/dunnt/Documents/GitHub/UniGameProject1/OrbIt/Content/MainFolder/WorldBuilding/Models/GLB_format/tree-pine-snow/Textures/colormap.uexp" 2591
"C:/Users/dunnt/Documents/GitHub/UniGameProject1/OrbIt/Content/MainFolder/WorldBuilding/Models/GLB_format/tree-pine-snow/Materials/colormap.uasset" 2592
"C:/Users/dunnt/Documents/GitHub/UniGameProject1/OrbIt/Content/MainFolder/WorldBuilding/Models/GLB_format/tree-pine-snow/Materials/colormap.uexp" 2593
"C:/Users/dunnt/Documents/GitHub/UniGameProject1/OrbIt/Content/MainFolder/WorldBuilding/Models/GLB_format/tree-pine-snow/StaticMeshes/tree-pine-snow.ubulk" 2594
"C:/Users/dunnt/Documents/GitHub/UniGameProject1/OrbIt/Content/MainFolder/WorldBuilding/Models/GLB_format/tree-pine-snow/StaticMeshes/tree-pine-snow.uasset" 2595
"C:/Users/dunnt/Documents/GitHub/UniGameProject1/OrbIt/Content/MainFolder/WorldBuilding/Models/GLB_format/tree-pine-snow/StaticMeshes/tree-pine-snow.uexp" 2596
"C:/Users/dunnt/Documents/GitHub/UniGameProject1/OrbIt/Content/MainFolder/WorldBuilding/Models/GLB_format/tree-pine-small/Textures/colormap.ubulk" 2597
"C:/Users/dunnt/Documents/GitHub/UniGameProject1/OrbIt/Content/MainFolder/WorldBuilding/Models/GLB_format/tree-pine-small/Textures/colormap.uasset" 2598
"C:/Users/dunnt/Documents/GitHub/UniGameProject1/OrbIt/Content/MainFolder/WorldBuilding/Models/GLB_format/tree-pine-small/Textures/colormap.uexp" 2599
"C:/Users/dunnt/Documents/GitHub/UniGameProject1/OrbIt/Content/MainFolder/WorldBuilding/Models/GLB_format/tree-pine-small/Materials/colormap.uasset" 2600
"C:/Users/dunnt/Documents/GitHub/UniGameProject1/OrbIt/Content/MainFolder/WorldBuilding/Models/GLB_format/tree-pine-small/Materials/colormap.uexp" 2601
"C:/Users/dunnt/Documents/GitHub/UniGameProject1/OrbIt/Content/MainFolder/WorldBuilding/Models/GLB_format/tree-pine-small/StaticMeshes/tree-pine-small.ubulk" 2602
"C:/Users/dunnt/Documents/GitHub/UniGameProject1/OrbIt/Content/MainFolder/WorldBuilding/Models/GLB_format/tree-pine-small/StaticMeshes/tree-pine-small.uasset" 2603
"C:/Users/dunnt/Documents/GitHub/UniGameProject1/OrbIt/Content/MainFolder/WorldBuilding/Models/GLB_format/tree-pine-small/StaticMeshes/tree-pine-small.uexp" 2604
"C:/Users/dunnt/Documents/GitHub/UniGameProject1/OrbIt/Content/MainFolder/WorldBuilding/Models/GLB_format/tree-pine/Textures/colormap.ubulk" 2605
"C:/Users/dunnt/Documents/GitHub/UniGameProject1/OrbIt/Content/MainFolder/WorldBuilding/Models/GLB_format/tree-pine/Textures/colormap.uasset" 2606
"C:/Users/dunnt/Documents/GitHub/UniGameProject1/OrbIt/Content/MainFolder/WorldBuilding/Models/GLB_format/tree-pine/Textures/colormap.uexp" 2607
"C:/Users/dunnt/Documents/GitHub/UniGameProject1/OrbIt/Content/MainFolder/WorldBuilding/Models/GLB_format/tree-pine/Materials/colormap.uasset" 2608
"C:/Users/dunnt/Documents/GitHub/UniGameProject1/OrbIt/Content/MainFolder/WorldBuilding/Models/GLB_format/tree-pine/Materials/colormap.uexp" 2609
"C:/Users/dunnt/Documents/GitHub/UniGameProject1/OrbIt/Content/MainFolder/WorldBuilding/Models/GLB_format/tree-pine/StaticMeshes/tree-pine.ubulk" 2610
"C:/Users/dunnt/Documents/GitHub/UniGameProject1/OrbIt/Content/MainFolder/WorldBuilding/Models/GLB_format/tree-pine/StaticMeshes/tree-pine.uasset" 2611
"C:/Users/dunnt/Documents/GitHub/UniGameProject1/OrbIt/Content/MainFolder/WorldBuilding/Models/GLB_format/tree-pine/StaticMeshes/tree-pine.uexp" 2612
"C:/Users/dunnt/Documents/GitHub/UniGameProject1/OrbIt/Content/MainFolder/WorldBuilding/Models/GLB_format/tree/Textures/colormap.ubulk" 2613
"C:/Users/dunnt/Documents/GitHub/UniGameProject1/OrbIt/Content/MainFolder/WorldBuilding/Models/GLB_format/tree/Textures/colormap.uasset" 2614
"C:/Users/dunnt/Documents/GitHub/UniGameProject1/OrbIt/Content/MainFolder/WorldBuilding/Models/GLB_format/tree/Textures/colormap.uexp" 2615
"C:/Users/dunnt/Documents/GitHub/UniGameProject1/OrbIt/Content/MainFolder/WorldBuilding/Models/GLB_format/tree/Materials/colormap.uasset" 2616
"C:/Users/dunnt/Documents/GitHub/UniGameProject1/OrbIt/Content/MainFolder/WorldBuilding/Models/GLB_format/tree/Materials/colormap.uexp" 2617
"C:/Users/dunnt/Documents/GitHub/UniGameProject1/OrbIt/Content/MainFolder/WorldBuilding/Models/GLB_format/tree/StaticMeshes/tree.ubulk" 2618
"C:/Users/dunnt/Documents/GitHub/UniGameProject1/OrbIt/Content/MainFolder/WorldBuilding/Models/GLB_format/tree/StaticMeshes/tree.uasset" 2619
"C:/Users/dunnt/Documents/GitHub/UniGameProject1/OrbIt/Content/MainFolder/WorldBuilding/Models/GLB_format/tree/StaticMeshes/tree.uexp" 2620
"C:/Users/dunnt/Documents/GitHub/UniGameProject1/OrbIt/Content/MainFolder/WorldBuilding/Models/GLB_format/trap-spikes-large/SkeletalMeshes/trap-spikes-large_Skeleton.uasset" 2621
"C:/Users/dunnt/Documents/GitHub/UniGameProject1/OrbIt/Content/MainFolder/WorldBuilding/Models/GLB_format/trap-spikes-large/SkeletalMeshes/trap-spikes-large_Skeleton.uexp" 2622
"C:/Users/dunnt/Documents/GitHub/UniGameProject1/OrbIt/Content/MainFolder/WorldBuilding/Models/GLB_format/trap-spikes-large/SkeletalMeshes/show.uasset" 2623
"C:/Users/dunnt/Documents/GitHub/UniGameProject1/OrbIt/Content/MainFolder/WorldBuilding/Models/GLB_format/trap-spikes-large/SkeletalMeshes/show.uexp" 2624
"C:/Users/dunnt/Documents/GitHub/UniGameProject1/OrbIt/Content/MainFolder/WorldBuilding/Models/GLB_format/trap-spikes-large/SkeletalMeshes/show-hide.uasset" 2625
"C:/Users/dunnt/Documents/GitHub/UniGameProject1/OrbIt/Content/MainFolder/WorldBuilding/Models/GLB_format/trap-spikes-large/SkeletalMeshes/show-hide.uexp" 2626
"C:/Users/dunnt/Documents/GitHub/UniGameProject1/OrbIt/Content/MainFolder/WorldBuilding/Models/GLB_format/trap-spikes-large/SkeletalMeshes/hide.uasset" 2627
"C:/Users/dunnt/Documents/GitHub/UniGameProject1/OrbIt/Content/MainFolder/WorldBuilding/Models/GLB_format/trap-spikes-large/SkeletalMeshes/hide.uexp" 2628
"C:/Users/dunnt/Documents/GitHub/UniGameProject1/OrbIt/Content/MainFolder/WorldBuilding/Models/GLB_format/trap-spikes/SkeletalMeshes/trap-spikes_Skeleton.uasset" 2629
"C:/Users/dunnt/Documents/GitHub/UniGameProject1/OrbIt/Content/MainFolder/WorldBuilding/Models/GLB_format/trap-spikes/SkeletalMeshes/trap-spikes_Skeleton.uexp" 2630
"C:/Users/dunnt/Documents/GitHub/UniGameProject1/OrbIt/Content/MainFolder/WorldBuilding/Models/GLB_format/trap-spikes/SkeletalMeshes/show.uasset" 2631
"C:/Users/dunnt/Documents/GitHub/UniGameProject1/OrbIt/Content/MainFolder/WorldBuilding/Models/GLB_format/trap-spikes/SkeletalMeshes/show.uexp" 2632
"C:/Users/dunnt/Documents/GitHub/UniGameProject1/OrbIt/Content/MainFolder/WorldBuilding/Models/GLB_format/trap-spikes/SkeletalMeshes/show-hide.uasset" 2633
"C:/Users/dunnt/Documents/GitHub/UniGameProject1/OrbIt/Content/MainFolder/WorldBuilding/Models/GLB_format/trap-spikes/SkeletalMeshes/show-hide.uexp" 2634
"C:/Users/dunnt/Documents/GitHub/UniGameProject1/OrbIt/Content/MainFolder/WorldBuilding/Models/GLB_format/trap-spikes/SkeletalMeshes/hide.uasset" 2635
"C:/Users/dunnt/Documents/GitHub/UniGameProject1/OrbIt/Content/MainFolder/WorldBuilding/Models/GLB_format/trap-spikes/SkeletalMeshes/hide.uexp" 2636
"C:/Users/dunnt/Documents/GitHub/UniGameProject1/OrbIt/Content/MainFolder/WorldBuilding/Models/GLB_format/stones/Textures/colormap.ubulk" 2637
"C:/Users/dunnt/Documents/GitHub/UniGameProject1/OrbIt/Content/MainFolder/WorldBuilding/Models/GLB_format/stones/Textures/colormap.uasset" 2638
"C:/Users/dunnt/Documents/GitHub/UniGameProject1/OrbIt/Content/MainFolder/WorldBuilding/Models/GLB_format/stones/Textures/colormap.uexp" 2639
"C:/Users/dunnt/Documents/GitHub/UniGameProject1/OrbIt/Content/MainFolder/WorldBuilding/Models/GLB_format/stones/Materials/colormap.uasset" 2640
"C:/Users/dunnt/Documents/GitHub/UniGameProject1/OrbIt/Content/MainFolder/WorldBuilding/Models/GLB_format/stones/Materials/colormap.uexp" 2641
"C:/Users/dunnt/Documents/GitHub/UniGameProject1/OrbIt/Content/MainFolder/WorldBuilding/Models/GLB_format/stones/StaticMeshes/stones.ubulk" 2642
"C:/Users/dunnt/Documents/GitHub/UniGameProject1/OrbIt/Content/MainFolder/WorldBuilding/Models/GLB_format/stones/StaticMeshes/stones.uasset" 2643
"C:/Users/dunnt/Documents/GitHub/UniGameProject1/OrbIt/Content/MainFolder/WorldBuilding/Models/GLB_format/stones/StaticMeshes/stones.uexp" 2644
"C:/Users/dunnt/Documents/GitHub/UniGameProject1/OrbIt/Content/MainFolder/WorldBuilding/Models/GLB_format/star/Textures/colormap.ubulk" 2645
"C:/Users/dunnt/Documents/GitHub/UniGameProject1/OrbIt/Content/MainFolder/WorldBuilding/Models/GLB_format/star/Textures/colormap.uasset" 2646
"C:/Users/dunnt/Documents/GitHub/UniGameProject1/OrbIt/Content/MainFolder/WorldBuilding/Models/GLB_format/star/Textures/colormap.uexp" 2647
"C:/Users/dunnt/Documents/GitHub/UniGameProject1/OrbIt/Content/MainFolder/WorldBuilding/Models/GLB_format/star/Materials/colormap.uasset" 2648
"C:/Users/dunnt/Documents/GitHub/UniGameProject1/OrbIt/Content/MainFolder/WorldBuilding/Models/GLB_format/star/Materials/colormap.uexp" 2649
"C:/Users/dunnt/Documents/GitHub/UniGameProject1/OrbIt/Content/MainFolder/WorldBuilding/Models/GLB_format/star/StaticMeshes/star.ubulk" 2650
"C:/Users/dunnt/Documents/GitHub/UniGameProject1/OrbIt/Content/MainFolder/WorldBuilding/Models/GLB_format/star/StaticMeshes/star.uasset" 2651
"C:/Users/dunnt/Documents/GitHub/UniGameProject1/OrbIt/Content/MainFolder/WorldBuilding/Models/GLB_format/star/StaticMeshes/star.uexp" 2652
"C:/Users/dunnt/Documents/GitHub/UniGameProject1/OrbIt/Content/MainFolder/WorldBuilding/Models/GLB_format/spring/Textures/colormap.ubulk" 2653
"C:/Users/dunnt/Documents/GitHub/UniGameProject1/OrbIt/Content/MainFolder/WorldBuilding/Models/GLB_format/spring/Textures/colormap.uasset" 2654
"C:/Users/dunnt/Documents/GitHub/UniGameProject1/OrbIt/Content/MainFolder/WorldBuilding/Models/GLB_format/spring/Textures/colormap.uexp" 2655
"C:/Users/dunnt/Documents/GitHub/UniGameProject1/OrbIt/Content/MainFolder/WorldBuilding/Models/GLB_format/spring/Materials/colormap.uasset" 2656
"C:/Users/dunnt/Documents/GitHub/UniGameProject1/OrbIt/Content/MainFolder/WorldBuilding/Models/GLB_format/spring/Materials/colormap.uexp" 2657
"C:/Users/dunnt/Documents/GitHub/UniGameProject1/OrbIt/Content/MainFolder/WorldBuilding/Models/GLB_format/spring/StaticMeshes/spring_cc672e5e20335fae5404e0f466a0acf5.ubulk" 2658
"C:/Users/dunnt/Documents/GitHub/UniGameProject1/OrbIt/Content/MainFolder/WorldBuilding/Models/GLB_format/spring/StaticMeshes/spring_cc672e5e20335fae5404e0f466a0acf5.uasset" 2659
"C:/Users/dunnt/Documents/GitHub/UniGameProject1/OrbIt/Content/MainFolder/WorldBuilding/Models/GLB_format/spring/StaticMeshes/spring_cc672e5e20335fae5404e0f466a0acf5.uexp" 2660
"C:/Users/dunnt/Documents/GitHub/UniGameProject1/OrbIt/Content/MainFolder/WorldBuilding/Models/GLB_format/spring/StaticMeshes/spring.ubulk" 2661
"C:/Users/dunnt/Documents/GitHub/UniGameProject1/OrbIt/Content/MainFolder/WorldBuilding/Models/GLB_format/spring/StaticMeshes/spring.uasset" 2662
"C:/Users/dunnt/Documents/GitHub/UniGameProject1/OrbIt/Content/MainFolder/WorldBuilding/Models/GLB_format/spring/StaticMeshes/spring.uexp" 2663
"C:/Users/dunnt/Documents/GitHub/UniGameProject1/OrbIt/Content/MainFolder/WorldBuilding/Models/GLB_format/spring/StaticMeshes/platform.ubulk" 2664
"C:/Users/dunnt/Documents/GitHub/UniGameProject1/OrbIt/Content/MainFolder/WorldBuilding/Models/GLB_format/spring/StaticMeshes/platform.uasset" 2665
"C:/Users/dunnt/Documents/GitHub/UniGameProject1/OrbIt/Content/MainFolder/WorldBuilding/Models/GLB_format/spring/StaticMeshes/platform.uexp" 2666
"C:/Users/dunnt/Documents/GitHub/UniGameProject1/OrbIt/Content/MainFolder/WorldBuilding/Models/GLB_format/spike-block-wide/Textures/colormap.ubulk" 2667
"C:/Users/dunnt/Documents/GitHub/UniGameProject1/OrbIt/Content/MainFolder/WorldBuilding/Models/GLB_format/spike-block-wide/Textures/colormap.uasset" 2668
"C:/Users/dunnt/Documents/GitHub/UniGameProject1/OrbIt/Content/MainFolder/WorldBuilding/Models/GLB_format/spike-block-wide/Textures/colormap.uexp" 2669
"C:/Users/dunnt/Documents/GitHub/UniGameProject1/OrbIt/Content/MainFolder/WorldBuilding/Models/GLB_format/spike-block-wide/Materials/colormap.uasset" 2670
"C:/Users/dunnt/Documents/GitHub/UniGameProject1/OrbIt/Content/MainFolder/WorldBuilding/Models/GLB_format/spike-block-wide/Materials/colormap.uexp" 2671
"C:/Users/dunnt/Documents/GitHub/UniGameProject1/OrbIt/Content/MainFolder/WorldBuilding/Models/GLB_format/spike-block-wide/StaticMeshes/spike-block-wide.ubulk" 2672
"C:/Users/dunnt/Documents/GitHub/UniGameProject1/OrbIt/Content/MainFolder/WorldBuilding/Models/GLB_format/spike-block-wide/StaticMeshes/spike-block-wide.uasset" 2673
"C:/Users/dunnt/Documents/GitHub/UniGameProject1/OrbIt/Content/MainFolder/WorldBuilding/Models/GLB_format/spike-block-wide/StaticMeshes/spike-block-wide.uexp" 2674
"C:/Users/dunnt/Documents/GitHub/UniGameProject1/OrbIt/Content/MainFolder/WorldBuilding/Models/GLB_format/spike-block/Textures/colormap.ubulk" 2675
"C:/Users/dunnt/Documents/GitHub/UniGameProject1/OrbIt/Content/MainFolder/WorldBuilding/Models/GLB_format/spike-block/Textures/colormap.uasset" 2676
"C:/Users/dunnt/Documents/GitHub/UniGameProject1/OrbIt/Content/MainFolder/WorldBuilding/Models/GLB_format/spike-block/Textures/colormap.uexp" 2677
"C:/Users/dunnt/Documents/GitHub/UniGameProject1/OrbIt/Content/MainFolder/WorldBuilding/Models/GLB_format/spike-block/Materials/colormap.uasset" 2678
"C:/Users/dunnt/Documents/GitHub/UniGameProject1/OrbIt/Content/MainFolder/WorldBuilding/Models/GLB_format/spike-block/Materials/colormap.uexp" 2679
"C:/Users/dunnt/Documents/GitHub/UniGameProject1/OrbIt/Content/MainFolder/WorldBuilding/Models/GLB_format/spike-block/StaticMeshes/spike-block.ubulk" 2680
"C:/Users/dunnt/Documents/GitHub/UniGameProject1/OrbIt/Content/MainFolder/WorldBuilding/Models/GLB_format/spike-block/StaticMeshes/spike-block.uasset" 2681
"C:/Users/dunnt/Documents/GitHub/UniGameProject1/OrbIt/Content/MainFolder/WorldBuilding/Models/GLB_format/spike-block/StaticMeshes/spike-block.uexp" 2682
"C:/Users/dunnt/Documents/GitHub/UniGameProject1/OrbIt/Content/MainFolder/WorldBuilding/Models/GLB_format/sign/Textures/colormap.ubulk" 2683
"C:/Users/dunnt/Documents/GitHub/UniGameProject1/OrbIt/Content/MainFolder/WorldBuilding/Models/GLB_format/sign/Textures/colormap.uasset" 2684
"C:/Users/dunnt/Documents/GitHub/UniGameProject1/OrbIt/Content/MainFolder/WorldBuilding/Models/GLB_format/sign/Textures/colormap.uexp" 2685
"C:/Users/dunnt/Documents/GitHub/UniGameProject1/OrbIt/Content/MainFolder/WorldBuilding/Models/GLB_format/sign/Materials/colormap.uasset" 2686
"C:/Users/dunnt/Documents/GitHub/UniGameProject1/OrbIt/Content/MainFolder/WorldBuilding/Models/GLB_format/sign/Materials/colormap.uexp" 2687
"C:/Users/dunnt/Documents/GitHub/UniGameProject1/OrbIt/Content/MainFolder/WorldBuilding/Models/GLB_format/sign/StaticMeshes/sign.ubulk" 2688
"C:/Users/dunnt/Documents/GitHub/UniGameProject1/OrbIt/Content/MainFolder/WorldBuilding/Models/GLB_format/sign/StaticMeshes/sign.uasset" 2689
"C:/Users/dunnt/Documents/GitHub/UniGameProject1/OrbIt/Content/MainFolder/WorldBuilding/Models/GLB_format/sign/StaticMeshes/sign.uexp" 2690
"C:/Users/dunnt/Documents/GitHub/UniGameProject1/OrbIt/Content/MainFolder/WorldBuilding/Models/GLB_format/saw/Textures/colormap.ubulk" 2691
"C:/Users/dunnt/Documents/GitHub/UniGameProject1/OrbIt/Content/MainFolder/WorldBuilding/Models/GLB_format/saw/Textures/colormap.uasset" 2692
"C:/Users/dunnt/Documents/GitHub/UniGameProject1/OrbIt/Content/MainFolder/WorldBuilding/Models/GLB_format/saw/Textures/colormap.uexp" 2693
"C:/Users/dunnt/Documents/GitHub/UniGameProject1/OrbIt/Content/MainFolder/WorldBuilding/Models/GLB_format/saw/Materials/colormap.uasset" 2694
"C:/Users/dunnt/Documents/GitHub/UniGameProject1/OrbIt/Content/MainFolder/WorldBuilding/Models/GLB_format/saw/Materials/colormap.uexp" 2695
"C:/Users/dunnt/Documents/GitHub/UniGameProject1/OrbIt/Content/MainFolder/WorldBuilding/Models/GLB_format/saw/StaticMeshes/saw.ubulk" 2696
"C:/Users/dunnt/Documents/GitHub/UniGameProject1/OrbIt/Content/MainFolder/WorldBuilding/Models/GLB_format/saw/StaticMeshes/saw.uasset" 2697
"C:/Users/dunnt/Documents/GitHub/UniGameProject1/OrbIt/Content/MainFolder/WorldBuilding/Models/GLB_format/saw/StaticMeshes/saw.uexp" 2698
"C:/Users/dunnt/Documents/GitHub/UniGameProject1/OrbIt/Content/MainFolder/WorldBuilding/Models/GLB_format/rocks/Textures/colormap.ubulk" 2699
"C:/Users/dunnt/Documents/GitHub/UniGameProject1/OrbIt/Content/MainFolder/WorldBuilding/Models/GLB_format/rocks/Textures/colormap.uasset" 2700
"C:/Users/dunnt/Documents/GitHub/UniGameProject1/OrbIt/Content/MainFolder/WorldBuilding/Models/GLB_format/rocks/Textures/colormap.uexp" 2701
"C:/Users/dunnt/Documents/GitHub/UniGameProject1/OrbIt/Content/MainFolder/WorldBuilding/Models/GLB_format/rocks/Materials/colormap.uasset" 2702
"C:/Users/dunnt/Documents/GitHub/UniGameProject1/OrbIt/Content/MainFolder/WorldBuilding/Models/GLB_format/rocks/Materials/colormap.uexp" 2703
"C:/Users/dunnt/Documents/GitHub/UniGameProject1/OrbIt/Content/MainFolder/WorldBuilding/Models/GLB_format/rocks/StaticMeshes/rocks.ubulk" 2704
"C:/Users/dunnt/Documents/GitHub/UniGameProject1/OrbIt/Content/MainFolder/WorldBuilding/Models/GLB_format/rocks/StaticMeshes/rocks.uasset" 2705
"C:/Users/dunnt/Documents/GitHub/UniGameProject1/OrbIt/Content/MainFolder/WorldBuilding/Models/GLB_format/rocks/StaticMeshes/rocks.uexp" 2706
"C:/Users/dunnt/Documents/GitHub/UniGameProject1/OrbIt/Content/MainFolder/WorldBuilding/Models/GLB_format/poles/Textures/colormap.ubulk" 2707
"C:/Users/dunnt/Documents/GitHub/UniGameProject1/OrbIt/Content/MainFolder/WorldBuilding/Models/GLB_format/poles/Textures/colormap.uasset" 2708
"C:/Users/dunnt/Documents/GitHub/UniGameProject1/OrbIt/Content/MainFolder/WorldBuilding/Models/GLB_format/poles/Textures/colormap.uexp" 2709
"C:/Users/dunnt/Documents/GitHub/UniGameProject1/OrbIt/Content/MainFolder/WorldBuilding/Models/GLB_format/poles/Materials/colormap.uasset" 2710
"C:/Users/dunnt/Documents/GitHub/UniGameProject1/OrbIt/Content/MainFolder/WorldBuilding/Models/GLB_format/poles/Materials/colormap.uexp" 2711
"C:/Users/dunnt/Documents/GitHub/UniGameProject1/OrbIt/Content/MainFolder/WorldBuilding/Models/GLB_format/poles/StaticMeshes/poles.ubulk" 2712
"C:/Users/dunnt/Documents/GitHub/UniGameProject1/OrbIt/Content/MainFolder/WorldBuilding/Models/GLB_format/poles/StaticMeshes/poles.uasset" 2713
"C:/Users/dunnt/Documents/GitHub/UniGameProject1/OrbIt/Content/MainFolder/WorldBuilding/Models/GLB_format/poles/StaticMeshes/poles.uexp" 2714
"C:/Users/dunnt/Documents/GitHub/UniGameProject1/OrbIt/Content/MainFolder/WorldBuilding/Models/GLB_format/platform-ramp/Textures/colormap.ubulk" 2715
"C:/Users/dunnt/Documents/GitHub/UniGameProject1/OrbIt/Content/MainFolder/WorldBuilding/Models/GLB_format/platform-ramp/Textures/colormap.uasset" 2716
"C:/Users/dunnt/Documents/GitHub/UniGameProject1/OrbIt/Content/MainFolder/WorldBuilding/Models/GLB_format/platform-ramp/Textures/colormap.uexp" 2717
"C:/Users/dunnt/Documents/GitHub/UniGameProject1/OrbIt/Content/MainFolder/WorldBuilding/Models/GLB_format/platform-ramp/Materials/colormap.uasset" 2718
"C:/Users/dunnt/Documents/GitHub/UniGameProject1/OrbIt/Content/MainFolder/WorldBuilding/Models/GLB_format/platform-ramp/Materials/colormap.uexp" 2719
"C:/Users/dunnt/Documents/GitHub/UniGameProject1/OrbIt/Content/MainFolder/WorldBuilding/Models/GLB_format/platform-ramp/StaticMeshes/platform-ramp.ubulk" 2720
"C:/Users/dunnt/Documents/GitHub/UniGameProject1/OrbIt/Content/MainFolder/WorldBuilding/Models/GLB_format/platform-ramp/StaticMeshes/platform-ramp.uasset" 2721
"C:/Users/dunnt/Documents/GitHub/UniGameProject1/OrbIt/Content/MainFolder/WorldBuilding/Models/GLB_format/platform-ramp/StaticMeshes/platform-ramp.uexp" 2722
"C:/Users/dunnt/Documents/GitHub/UniGameProject1/OrbIt/Content/MainFolder/WorldBuilding/Models/GLB_format/platform-overhang/Textures/colormap.ubulk" 2723
"C:/Users/dunnt/Documents/GitHub/UniGameProject1/OrbIt/Content/MainFolder/WorldBuilding/Models/GLB_format/platform-overhang/Textures/colormap.uasset" 2724
"C:/Users/dunnt/Documents/GitHub/UniGameProject1/OrbIt/Content/MainFolder/WorldBuilding/Models/GLB_format/platform-overhang/Textures/colormap.uexp" 2725
"C:/Users/dunnt/Documents/GitHub/UniGameProject1/OrbIt/Content/MainFolder/WorldBuilding/Models/GLB_format/platform-overhang/Materials/colormap.uasset" 2726
"C:/Users/dunnt/Documents/GitHub/UniGameProject1/OrbIt/Content/MainFolder/WorldBuilding/Models/GLB_format/platform-overhang/Materials/colormap.uexp" 2727
"C:/Users/dunnt/Documents/GitHub/UniGameProject1/OrbIt/Content/MainFolder/WorldBuilding/Models/GLB_format/platform-overhang/StaticMeshes/platform-overhang.ubulk" 2728
"C:/Users/dunnt/Documents/GitHub/UniGameProject1/OrbIt/Content/MainFolder/WorldBuilding/Models/GLB_format/platform-overhang/StaticMeshes/platform-overhang.uasset" 2729
"C:/Users/dunnt/Documents/GitHub/UniGameProject1/OrbIt/Content/MainFolder/WorldBuilding/Models/GLB_format/platform-overhang/StaticMeshes/platform-overhang.uexp" 2730
"C:/Users/dunnt/Documents/GitHub/UniGameProject1/OrbIt/Content/MainFolder/WorldBuilding/Models/GLB_format/platform-fortified/Textures/colormap.ubulk" 2731
"C:/Users/dunnt/Documents/GitHub/UniGameProject1/OrbIt/Content/MainFolder/WorldBuilding/Models/GLB_format/platform-fortified/Textures/colormap.uasset" 2732
"C:/Users/dunnt/Documents/GitHub/UniGameProject1/OrbIt/Content/MainFolder/WorldBuilding/Models/GLB_format/platform-fortified/Textures/colormap.uexp" 2733
"C:/Users/dunnt/Documents/GitHub/UniGameProject1/OrbIt/Content/MainFolder/WorldBuilding/Models/GLB_format/platform-fortified/Materials/colormap.uasset" 2734
"C:/Users/dunnt/Documents/GitHub/UniGameProject1/OrbIt/Content/MainFolder/WorldBuilding/Models/GLB_format/platform-fortified/Materials/colormap.uexp" 2735
"C:/Users/dunnt/Documents/GitHub/UniGameProject1/OrbIt/Content/MainFolder/WorldBuilding/Models/GLB_format/platform-fortified/StaticMeshes/platform-fortified.ubulk" 2736
"C:/Users/dunnt/Documents/GitHub/UniGameProject1/OrbIt/Content/MainFolder/WorldBuilding/Models/GLB_format/platform-fortified/StaticMeshes/platform-fortified.uasset" 2737
"C:/Users/dunnt/Documents/GitHub/UniGameProject1/OrbIt/Content/MainFolder/WorldBuilding/Models/GLB_format/platform-fortified/StaticMeshes/platform-fortified.uexp" 2738
"C:/Users/dunnt/Documents/GitHub/UniGameProject1/OrbIt/Content/MainFolder/WorldBuilding/Models/GLB_format/platform/Textures/colormap.ubulk" 2739
"C:/Users/dunnt/Documents/GitHub/UniGameProject1/OrbIt/Content/MainFolder/WorldBuilding/Models/GLB_format/platform/Textures/colormap.uasset" 2740
"C:/Users/dunnt/Documents/GitHub/UniGameProject1/OrbIt/Content/MainFolder/WorldBuilding/Models/GLB_format/platform/Textures/colormap.uexp" 2741
"C:/Users/dunnt/Documents/GitHub/UniGameProject1/OrbIt/Content/MainFolder/WorldBuilding/Models/GLB_format/platform/Materials/colormap.uasset" 2742
"C:/Users/dunnt/Documents/GitHub/UniGameProject1/OrbIt/Content/MainFolder/WorldBuilding/Models/GLB_format/platform/Materials/colormap.uexp" 2743
"C:/Users/dunnt/Documents/GitHub/UniGameProject1/OrbIt/Content/MainFolder/WorldBuilding/Models/GLB_format/platform/StaticMeshes/platform.ubulk" 2744
"C:/Users/dunnt/Documents/GitHub/UniGameProject1/OrbIt/Content/MainFolder/WorldBuilding/Models/GLB_format/platform/StaticMeshes/platform.uasset" 2745
"C:/Users/dunnt/Documents/GitHub/UniGameProject1/OrbIt/Content/MainFolder/WorldBuilding/Models/GLB_format/platform/StaticMeshes/platform.uexp" 2746
"C:/Users/dunnt/Documents/GitHub/UniGameProject1/OrbIt/Content/MainFolder/WorldBuilding/Models/GLB_format/plant/Textures/colormap.ubulk" 2747
"C:/Users/dunnt/Documents/GitHub/UniGameProject1/OrbIt/Content/MainFolder/WorldBuilding/Models/GLB_format/plant/Textures/colormap.uasset" 2748
"C:/Users/dunnt/Documents/GitHub/UniGameProject1/OrbIt/Content/MainFolder/WorldBuilding/Models/GLB_format/plant/Textures/colormap.uexp" 2749
"C:/Users/dunnt/Documents/GitHub/UniGameProject1/OrbIt/Content/MainFolder/WorldBuilding/Models/GLB_format/plant/Materials/colormap.uasset" 2750
"C:/Users/dunnt/Documents/GitHub/UniGameProject1/OrbIt/Content/MainFolder/WorldBuilding/Models/GLB_format/plant/Materials/colormap.uexp" 2751
"C:/Users/dunnt/Documents/GitHub/UniGameProject1/OrbIt/Content/MainFolder/WorldBuilding/Models/GLB_format/plant/StaticMeshes/plant.ubulk" 2752
"C:/Users/dunnt/Documents/GitHub/UniGameProject1/OrbIt/Content/MainFolder/WorldBuilding/Models/GLB_format/plant/StaticMeshes/plant.uasset" 2753
"C:/Users/dunnt/Documents/GitHub/UniGameProject1/OrbIt/Content/MainFolder/WorldBuilding/Models/GLB_format/plant/StaticMeshes/plant.uexp" 2754
"C:/Users/dunnt/Documents/GitHub/UniGameProject1/OrbIt/Content/MainFolder/WorldBuilding/Models/GLB_format/pipe/Textures/colormap.ubulk" 2755
"C:/Users/dunnt/Documents/GitHub/UniGameProject1/OrbIt/Content/MainFolder/WorldBuilding/Models/GLB_format/pipe/Textures/colormap.uasset" 2756
"C:/Users/dunnt/Documents/GitHub/UniGameProject1/OrbIt/Content/MainFolder/WorldBuilding/Models/GLB_format/pipe/Textures/colormap.uexp" 2757
"C:/Users/dunnt/Documents/GitHub/UniGameProject1/OrbIt/Content/MainFolder/WorldBuilding/Models/GLB_format/pipe/Materials/colormap.uasset" 2758
"C:/Users/dunnt/Documents/GitHub/UniGameProject1/OrbIt/Content/MainFolder/WorldBuilding/Models/GLB_format/pipe/Materials/colormap.uexp" 2759
"C:/Users/dunnt/Documents/GitHub/UniGameProject1/OrbIt/Content/MainFolder/WorldBuilding/Models/GLB_format/pipe/StaticMeshes/pipe.ubulk" 2760
"C:/Users/dunnt/Documents/GitHub/UniGameProject1/OrbIt/Content/MainFolder/WorldBuilding/Models/GLB_format/pipe/StaticMeshes/pipe.uasset" 2761
"C:/Users/dunnt/Documents/GitHub/UniGameProject1/OrbIt/Content/MainFolder/WorldBuilding/Models/GLB_format/pipe/StaticMeshes/pipe.uexp" 2762
"C:/Users/dunnt/Documents/GitHub/UniGameProject1/OrbIt/Content/MainFolder/WorldBuilding/Models/GLB_format/mushrooms/Textures/colormap.ubulk" 2763
"C:/Users/dunnt/Documents/GitHub/UniGameProject1/OrbIt/Content/MainFolder/WorldBuilding/Models/GLB_format/mushrooms/Textures/colormap.uasset" 2764
"C:/Users/dunnt/Documents/GitHub/UniGameProject1/OrbIt/Content/MainFolder/WorldBuilding/Models/GLB_format/mushrooms/Textures/colormap.uexp" 2765
"C:/Users/dunnt/Documents/GitHub/UniGameProject1/OrbIt/Content/MainFolder/WorldBuilding/Models/GLB_format/mushrooms/Materials/colormap.uasset" 2766
"C:/Users/dunnt/Documents/GitHub/UniGameProject1/OrbIt/Content/MainFolder/WorldBuilding/Models/GLB_format/mushrooms/Materials/colormap.uexp" 2767
"C:/Users/dunnt/Documents/GitHub/UniGameProject1/OrbIt/Content/MainFolder/WorldBuilding/Models/GLB_format/mushrooms/StaticMeshes/mushrooms.ubulk" 2768
"C:/Users/dunnt/Documents/GitHub/UniGameProject1/OrbIt/Content/MainFolder/WorldBuilding/Models/GLB_format/mushrooms/StaticMeshes/mushrooms.uasset" 2769
"C:/Users/dunnt/Documents/GitHub/UniGameProject1/OrbIt/Content/MainFolder/WorldBuilding/Models/GLB_format/mushrooms/StaticMeshes/mushrooms.uexp" 2770
"C:/Users/dunnt/Documents/GitHub/UniGameProject1/OrbIt/Content/MainFolder/WorldBuilding/Models/GLB_format/lock/Textures/colormap.ubulk" 2771
"C:/Users/dunnt/Documents/GitHub/UniGameProject1/OrbIt/Content/MainFolder/WorldBuilding/Models/GLB_format/lock/Textures/colormap.uasset" 2772
"C:/Users/dunnt/Documents/GitHub/UniGameProject1/OrbIt/Content/MainFolder/WorldBuilding/Models/GLB_format/lock/Textures/colormap.uexp" 2773
"C:/Users/dunnt/Documents/GitHub/UniGameProject1/OrbIt/Content/MainFolder/WorldBuilding/Models/GLB_format/lock/Materials/colormap.uasset" 2774
"C:/Users/dunnt/Documents/GitHub/UniGameProject1/OrbIt/Content/MainFolder/WorldBuilding/Models/GLB_format/lock/Materials/colormap.uexp" 2775
"C:/Users/dunnt/Documents/GitHub/UniGameProject1/OrbIt/Content/MainFolder/WorldBuilding/Models/GLB_format/lock/StaticMeshes/lock.ubulk" 2776
"C:/Users/dunnt/Documents/GitHub/UniGameProject1/OrbIt/Content/MainFolder/WorldBuilding/Models/GLB_format/lock/StaticMeshes/lock.uasset" 2777
"C:/Users/dunnt/Documents/GitHub/UniGameProject1/OrbIt/Content/MainFolder/WorldBuilding/Models/GLB_format/lock/StaticMeshes/lock.uexp" 2778
"C:/Users/dunnt/Documents/GitHub/UniGameProject1/OrbIt/Content/MainFolder/WorldBuilding/Models/GLB_format/lever/SkeletalMeshes/lever_Skeleton.uasset" 2779
"C:/Users/dunnt/Documents/GitHub/UniGameProject1/OrbIt/Content/MainFolder/WorldBuilding/Models/GLB_format/lever/SkeletalMeshes/lever_Skeleton.uexp" 2780
"C:/Users/dunnt/Documents/GitHub/UniGameProject1/OrbIt/Content/MainFolder/WorldBuilding/Models/GLB_format/lever/SkeletalMeshes/toggle.uasset" 2781
"C:/Users/dunnt/Documents/GitHub/UniGameProject1/OrbIt/Content/MainFolder/WorldBuilding/Models/GLB_format/lever/SkeletalMeshes/toggle.uexp" 2782
"C:/Users/dunnt/Documents/GitHub/UniGameProject1/OrbIt/Content/MainFolder/WorldBuilding/Models/GLB_format/lever/SkeletalMeshes/toggle-on.uasset" 2783
"C:/Users/dunnt/Documents/GitHub/UniGameProject1/OrbIt/Content/MainFolder/WorldBuilding/Models/GLB_format/lever/SkeletalMeshes/toggle-on.uexp" 2784
"C:/Users/dunnt/Documents/GitHub/UniGameProject1/OrbIt/Content/MainFolder/WorldBuilding/Models/GLB_format/lever/SkeletalMeshes/toggle-off.uasset" 2785
"C:/Users/dunnt/Documents/GitHub/UniGameProject1/OrbIt/Content/MainFolder/WorldBuilding/Models/GLB_format/lever/SkeletalMeshes/toggle-off.uexp" 2786
"C:/Users/dunnt/Documents/GitHub/UniGameProject1/OrbIt/Content/MainFolder/WorldBuilding/Models/GLB_format/ladder-long/Textures/colormap.ubulk" 2787
"C:/Users/dunnt/Documents/GitHub/UniGameProject1/OrbIt/Content/MainFolder/WorldBuilding/Models/GLB_format/ladder-long/Textures/colormap.uasset" 2788
"C:/Users/dunnt/Documents/GitHub/UniGameProject1/OrbIt/Content/MainFolder/WorldBuilding/Models/GLB_format/ladder-long/Textures/colormap.uexp" 2789
"C:/Users/dunnt/Documents/GitHub/UniGameProject1/OrbIt/Content/MainFolder/WorldBuilding/Models/GLB_format/ladder-long/Materials/colormap.uasset" 2790
"C:/Users/dunnt/Documents/GitHub/UniGameProject1/OrbIt/Content/MainFolder/WorldBuilding/Models/GLB_format/ladder-long/Materials/colormap.uexp" 2791
"C:/Users/dunnt/Documents/GitHub/UniGameProject1/OrbIt/Content/MainFolder/WorldBuilding/Models/GLB_format/ladder-long/StaticMeshes/ladder-long.ubulk" 2792
"C:/Users/dunnt/Documents/GitHub/UniGameProject1/OrbIt/Content/MainFolder/WorldBuilding/Models/GLB_format/ladder-long/StaticMeshes/ladder-long.uasset" 2793
"C:/Users/dunnt/Documents/GitHub/UniGameProject1/OrbIt/Content/MainFolder/WorldBuilding/Models/GLB_format/ladder-long/StaticMeshes/ladder-long.uexp" 2794
"C:/Users/dunnt/Documents/GitHub/UniGameProject1/OrbIt/Content/MainFolder/WorldBuilding/Models/GLB_format/ladder-broken/Textures/colormap.ubulk" 2795
"C:/Users/dunnt/Documents/GitHub/UniGameProject1/OrbIt/Content/MainFolder/WorldBuilding/Models/GLB_format/ladder-broken/Textures/colormap.uasset" 2796
"C:/Users/dunnt/Documents/GitHub/UniGameProject1/OrbIt/Content/MainFolder/WorldBuilding/Models/GLB_format/ladder-broken/Textures/colormap.uexp" 2797
"C:/Users/dunnt/Documents/GitHub/UniGameProject1/OrbIt/Content/MainFolder/WorldBuilding/Models/GLB_format/ladder-broken/Materials/colormap.uasset" 2798
"C:/Users/dunnt/Documents/GitHub/UniGameProject1/OrbIt/Content/MainFolder/WorldBuilding/Models/GLB_format/ladder-broken/Materials/colormap.uexp" 2799
"C:/Users/dunnt/Documents/GitHub/UniGameProject1/OrbIt/Content/MainFolder/WorldBuilding/Models/GLB_format/ladder-broken/StaticMeshes/ladder-broken.ubulk" 2800
"C:/Users/dunnt/Documents/GitHub/UniGameProject1/OrbIt/Content/MainFolder/WorldBuilding/Models/GLB_format/ladder-broken/StaticMeshes/ladder-broken.uasset" 2801
"C:/Users/dunnt/Documents/GitHub/UniGameProject1/OrbIt/Content/MainFolder/WorldBuilding/Models/GLB_format/ladder-broken/StaticMeshes/ladder-broken.uexp" 2802
"C:/Users/dunnt/Documents/GitHub/UniGameProject1/OrbIt/Content/MainFolder/WorldBuilding/Models/GLB_format/ladder/Textures/colormap.ubulk" 2803
"C:/Users/dunnt/Documents/GitHub/UniGameProject1/OrbIt/Content/MainFolder/WorldBuilding/Models/GLB_format/ladder/Textures/colormap.uasset" 2804
"C:/Users/dunnt/Documents/GitHub/UniGameProject1/OrbIt/Content/MainFolder/WorldBuilding/Models/GLB_format/ladder/Textures/colormap.uexp" 2805
"C:/Users/dunnt/Documents/GitHub/UniGameProject1/OrbIt/Content/MainFolder/WorldBuilding/Models/GLB_format/ladder/Materials/colormap.uasset" 2806
"C:/Users/dunnt/Documents/GitHub/UniGameProject1/OrbIt/Content/MainFolder/WorldBuilding/Models/GLB_format/ladder/Materials/colormap.uexp" 2807
"C:/Users/dunnt/Documents/GitHub/UniGameProject1/OrbIt/Content/MainFolder/WorldBuilding/Models/GLB_format/ladder/StaticMeshes/ladder.ubulk" 2808
"C:/Users/dunnt/Documents/GitHub/UniGameProject1/OrbIt/Content/MainFolder/WorldBuilding/Models/GLB_format/ladder/StaticMeshes/ladder.uasset" 2809
"C:/Users/dunnt/Documents/GitHub/UniGameProject1/OrbIt/Content/MainFolder/WorldBuilding/Models/GLB_format/ladder/StaticMeshes/ladder.uexp" 2810
"C:/Users/dunnt/Documents/GitHub/UniGameProject1/OrbIt/Content/MainFolder/WorldBuilding/Models/GLB_format/key/Textures/colormap.ubulk" 2811
"C:/Users/dunnt/Documents/GitHub/UniGameProject1/OrbIt/Content/MainFolder/WorldBuilding/Models/GLB_format/key/Textures/colormap.uasset" 2812
"C:/Users/dunnt/Documents/GitHub/UniGameProject1/OrbIt/Content/MainFolder/WorldBuilding/Models/GLB_format/key/Textures/colormap.uexp" 2813
"C:/Users/dunnt/Documents/GitHub/UniGameProject1/OrbIt/Content/MainFolder/WorldBuilding/Models/GLB_format/key/Materials/colormap.uasset" 2814
"C:/Users/dunnt/Documents/GitHub/UniGameProject1/OrbIt/Content/MainFolder/WorldBuilding/Models/GLB_format/key/Materials/colormap.uexp" 2815
"C:/Users/dunnt/Documents/GitHub/UniGameProject1/OrbIt/Content/MainFolder/WorldBuilding/Models/GLB_format/key/StaticMeshes/key.ubulk" 2816
"C:/Users/dunnt/Documents/GitHub/UniGameProject1/OrbIt/Content/MainFolder/WorldBuilding/Models/GLB_format/key/StaticMeshes/key.uasset" 2817
"C:/Users/dunnt/Documents/GitHub/UniGameProject1/OrbIt/Content/MainFolder/WorldBuilding/Models/GLB_format/key/StaticMeshes/key.uexp" 2818
"C:/Users/dunnt/Documents/GitHub/UniGameProject1/OrbIt/Content/MainFolder/WorldBuilding/Models/GLB_format/jewel/Textures/colormap.ubulk" 2819
"C:/Users/dunnt/Documents/GitHub/UniGameProject1/OrbIt/Content/MainFolder/WorldBuilding/Models/GLB_format/jewel/Textures/colormap.uasset" 2820
"C:/Users/dunnt/Documents/GitHub/UniGameProject1/OrbIt/Content/MainFolder/WorldBuilding/Models/GLB_format/jewel/Textures/colormap.uexp" 2821
"C:/Users/dunnt/Documents/GitHub/UniGameProject1/OrbIt/Content/MainFolder/WorldBuilding/Models/GLB_format/jewel/Materials/colormap.uasset" 2822
"C:/Users/dunnt/Documents/GitHub/UniGameProject1/OrbIt/Content/MainFolder/WorldBuilding/Models/GLB_format/jewel/Materials/colormap.uexp" 2823
"C:/Users/dunnt/Documents/GitHub/UniGameProject1/OrbIt/Content/MainFolder/WorldBuilding/Models/GLB_format/jewel/StaticMeshes/jewel.ubulk" 2824
"C:/Users/dunnt/Documents/GitHub/UniGameProject1/OrbIt/Content/MainFolder/WorldBuilding/Models/GLB_format/jewel/StaticMeshes/jewel.uasset" 2825
"C:/Users/dunnt/Documents/GitHub/UniGameProject1/OrbIt/Content/MainFolder/WorldBuilding/Models/GLB_format/jewel/StaticMeshes/jewel.uexp" 2826
"C:/Users/dunnt/Documents/GitHub/UniGameProject1/OrbIt/Content/MainFolder/WorldBuilding/Models/GLB_format/hedge-corner/Textures/colormap.ubulk" 2827
"C:/Users/dunnt/Documents/GitHub/UniGameProject1/OrbIt/Content/MainFolder/WorldBuilding/Models/GLB_format/hedge-corner/Textures/colormap.uasset" 2828
"C:/Users/dunnt/Documents/GitHub/UniGameProject1/OrbIt/Content/MainFolder/WorldBuilding/Models/GLB_format/hedge-corner/Textures/colormap.uexp" 2829
"C:/Users/dunnt/Documents/GitHub/UniGameProject1/OrbIt/Content/MainFolder/WorldBuilding/Models/GLB_format/hedge-corner/Materials/colormap.uasset" 2830
"C:/Users/dunnt/Documents/GitHub/UniGameProject1/OrbIt/Content/MainFolder/WorldBuilding/Models/GLB_format/hedge-corner/Materials/colormap.uexp" 2831
"C:/Users/dunnt/Documents/GitHub/UniGameProject1/OrbIt/Content/MainFolder/WorldBuilding/Models/GLB_format/hedge-corner/StaticMeshes/hedge-corner.ubulk" 2832
"C:/Users/dunnt/Documents/GitHub/UniGameProject1/OrbIt/Content/MainFolder/WorldBuilding/Models/GLB_format/hedge-corner/StaticMeshes/hedge-corner.uasset" 2833
"C:/Users/dunnt/Documents/GitHub/UniGameProject1/OrbIt/Content/MainFolder/WorldBuilding/Models/GLB_format/hedge-corner/StaticMeshes/hedge-corner.uexp" 2834
"C:/Users/dunnt/Documents/GitHub/UniGameProject1/OrbIt/Content/MainFolder/WorldBuilding/Models/GLB_format/hedge/Textures/colormap.ubulk" 2835
"C:/Users/dunnt/Documents/GitHub/UniGameProject1/OrbIt/Content/MainFolder/WorldBuilding/Models/GLB_format/hedge/Textures/colormap.uasset" 2836
"C:/Users/dunnt/Documents/GitHub/UniGameProject1/OrbIt/Content/MainFolder/WorldBuilding/Models/GLB_format/hedge/Textures/colormap.uexp" 2837
"C:/Users/dunnt/Documents/GitHub/UniGameProject1/OrbIt/Content/MainFolder/WorldBuilding/Models/GLB_format/hedge/Materials/colormap.uasset" 2838
"C:/Users/dunnt/Documents/GitHub/UniGameProject1/OrbIt/Content/MainFolder/WorldBuilding/Models/GLB_format/hedge/Materials/colormap.uexp" 2839
"C:/Users/dunnt/Documents/GitHub/UniGameProject1/OrbIt/Content/MainFolder/WorldBuilding/Models/GLB_format/hedge/StaticMeshes/hedge.ubulk" 2840
"C:/Users/dunnt/Documents/GitHub/UniGameProject1/OrbIt/Content/MainFolder/WorldBuilding/Models/GLB_format/hedge/StaticMeshes/hedge.uasset" 2841
"C:/Users/dunnt/Documents/GitHub/UniGameProject1/OrbIt/Content/MainFolder/WorldBuilding/Models/GLB_format/hedge/StaticMeshes/hedge.uexp" 2842
"C:/Users/dunnt/Documents/GitHub/UniGameProject1/OrbIt/Content/MainFolder/WorldBuilding/Models/GLB_format/heart/Textures/colormap.ubulk" 2843
"C:/Users/dunnt/Documents/GitHub/UniGameProject1/OrbIt/Content/MainFolder/WorldBuilding/Models/GLB_format/heart/Textures/colormap.uasset" 2844
"C:/Users/dunnt/Documents/GitHub/UniGameProject1/OrbIt/Content/MainFolder/WorldBuilding/Models/GLB_format/heart/Textures/colormap.uexp" 2845
"C:/Users/dunnt/Documents/GitHub/UniGameProject1/OrbIt/Content/MainFolder/WorldBuilding/Models/GLB_format/heart/Materials/colormap.uasset" 2846
"C:/Users/dunnt/Documents/GitHub/UniGameProject1/OrbIt/Content/MainFolder/WorldBuilding/Models/GLB_format/heart/Materials/colormap.uexp" 2847
"C:/Users/dunnt/Documents/GitHub/UniGameProject1/OrbIt/Content/MainFolder/WorldBuilding/Models/GLB_format/heart/StaticMeshes/heart.ubulk" 2848
"C:/Users/dunnt/Documents/GitHub/UniGameProject1/OrbIt/Content/MainFolder/WorldBuilding/Models/GLB_format/heart/StaticMeshes/heart.uasset" 2849
"C:/Users/dunnt/Documents/GitHub/UniGameProject1/OrbIt/Content/MainFolder/WorldBuilding/Models/GLB_format/heart/StaticMeshes/heart.uexp" 2850
"C:/Users/dunnt/Documents/GitHub/UniGameProject1/OrbIt/Content/MainFolder/WorldBuilding/Models/GLB_format/grass/Textures/colormap.ubulk" 2851
"C:/Users/dunnt/Documents/GitHub/UniGameProject1/OrbIt/Content/MainFolder/WorldBuilding/Models/GLB_format/grass/Textures/colormap.uasset" 2852
"C:/Users/dunnt/Documents/GitHub/UniGameProject1/OrbIt/Content/MainFolder/WorldBuilding/Models/GLB_format/grass/Textures/colormap.uexp" 2853
"C:/Users/dunnt/Documents/GitHub/UniGameProject1/OrbIt/Content/MainFolder/WorldBuilding/Models/GLB_format/grass/Materials/colormap.uasset" 2854
"C:/Users/dunnt/Documents/GitHub/UniGameProject1/OrbIt/Content/MainFolder/WorldBuilding/Models/GLB_format/grass/Materials/colormap.uexp" 2855
"C:/Users/dunnt/Documents/GitHub/UniGameProject1/OrbIt/Content/MainFolder/WorldBuilding/Models/GLB_format/grass/StaticMeshes/grass.ubulk" 2856
"C:/Users/dunnt/Documents/GitHub/UniGameProject1/OrbIt/Content/MainFolder/WorldBuilding/Models/GLB_format/grass/StaticMeshes/grass.uasset" 2857
"C:/Users/dunnt/Documents/GitHub/UniGameProject1/OrbIt/Content/MainFolder/WorldBuilding/Models/GLB_format/grass/StaticMeshes/grass.uexp" 2858
"C:/Users/dunnt/Documents/GitHub/UniGameProject1/OrbIt/Content/MainFolder/WorldBuilding/Models/GLB_format/flowers-tall/Textures/colormap.ubulk" 2859
"C:/Users/dunnt/Documents/GitHub/UniGameProject1/OrbIt/Content/MainFolder/WorldBuilding/Models/GLB_format/flowers-tall/Textures/colormap.uasset" 2860
"C:/Users/dunnt/Documents/GitHub/UniGameProject1/OrbIt/Content/MainFolder/WorldBuilding/Models/GLB_format/flowers-tall/Textures/colormap.uexp" 2861
"C:/Users/dunnt/Documents/GitHub/UniGameProject1/OrbIt/Content/MainFolder/WorldBuilding/Models/GLB_format/flowers-tall/Materials/colormap.uasset" 2862
"C:/Users/dunnt/Documents/GitHub/UniGameProject1/OrbIt/Content/MainFolder/WorldBuilding/Models/GLB_format/flowers-tall/Materials/colormap.uexp" 2863
"C:/Users/dunnt/Documents/GitHub/UniGameProject1/OrbIt/Content/MainFolder/WorldBuilding/Models/GLB_format/flowers-tall/StaticMeshes/flowers-tall.ubulk" 2864
"C:/Users/dunnt/Documents/GitHub/UniGameProject1/OrbIt/Content/MainFolder/WorldBuilding/Models/GLB_format/flowers-tall/StaticMeshes/flowers-tall.uasset" 2865
"C:/Users/dunnt/Documents/GitHub/UniGameProject1/OrbIt/Content/MainFolder/WorldBuilding/Models/GLB_format/flowers-tall/StaticMeshes/flowers-tall.uexp" 2866
"C:/Users/dunnt/Documents/GitHub/UniGameProject1/OrbIt/Content/MainFolder/WorldBuilding/Models/GLB_format/flowers/Textures/colormap.ubulk" 2867
"C:/Users/dunnt/Documents/GitHub/UniGameProject1/OrbIt/Content/MainFolder/WorldBuilding/Models/GLB_format/flowers/Textures/colormap.uasset" 2868
"C:/Users/dunnt/Documents/GitHub/UniGameProject1/OrbIt/Content/MainFolder/WorldBuilding/Models/GLB_format/flowers/Textures/colormap.uexp" 2869
"C:/Users/dunnt/Documents/GitHub/UniGameProject1/OrbIt/Content/MainFolder/WorldBuilding/Models/GLB_format/flowers/Materials/colormap.uasset" 2870
"C:/Users/dunnt/Documents/GitHub/UniGameProject1/OrbIt/Content/MainFolder/WorldBuilding/Models/GLB_format/flowers/Materials/colormap.uexp" 2871
"C:/Users/dunnt/Documents/GitHub/UniGameProject1/OrbIt/Content/MainFolder/WorldBuilding/Models/GLB_format/flowers/StaticMeshes/flowers.ubulk" 2872
"C:/Users/dunnt/Documents/GitHub/UniGameProject1/OrbIt/Content/MainFolder/WorldBuilding/Models/GLB_format/flowers/StaticMeshes/flowers.uasset" 2873
"C:/Users/dunnt/Documents/GitHub/UniGameProject1/OrbIt/Content/MainFolder/WorldBuilding/Models/GLB_format/flowers/StaticMeshes/flowers.uexp" 2874
"C:/Users/dunnt/Documents/GitHub/UniGameProject1/OrbIt/Content/MainFolder/WorldBuilding/Models/GLB_format/flag/Textures/colormap.ubulk" 2875
"C:/Users/dunnt/Documents/GitHub/UniGameProject1/OrbIt/Content/MainFolder/WorldBuilding/Models/GLB_format/flag/Textures/colormap.uasset" 2876
"C:/Users/dunnt/Documents/GitHub/UniGameProject1/OrbIt/Content/MainFolder/WorldBuilding/Models/GLB_format/flag/Textures/colormap.uexp" 2877
"C:/Users/dunnt/Documents/GitHub/UniGameProject1/OrbIt/Content/MainFolder/WorldBuilding/Models/GLB_format/flag/Materials/colormap.uasset" 2878
"C:/Users/dunnt/Documents/GitHub/UniGameProject1/OrbIt/Content/MainFolder/WorldBuilding/Models/GLB_format/flag/Materials/colormap.uexp" 2879
"C:/Users/dunnt/Documents/GitHub/UniGameProject1/OrbIt/Content/MainFolder/WorldBuilding/Models/GLB_format/flag/StaticMeshes/flag.ubulk" 2880
"C:/Users/dunnt/Documents/GitHub/UniGameProject1/OrbIt/Content/MainFolder/WorldBuilding/Models/GLB_format/flag/StaticMeshes/flag.uasset" 2881
"C:/Users/dunnt/Documents/GitHub/UniGameProject1/OrbIt/Content/MainFolder/WorldBuilding/Models/GLB_format/flag/StaticMeshes/flag.uexp" 2882
"C:/Users/dunnt/Documents/GitHub/UniGameProject1/OrbIt/Content/MainFolder/WorldBuilding/Models/GLB_format/fence-straight/Textures/colormap.ubulk" 2883
"C:/Users/dunnt/Documents/GitHub/UniGameProject1/OrbIt/Content/MainFolder/WorldBuilding/Models/GLB_format/fence-straight/Textures/colormap.uasset" 2884
"C:/Users/dunnt/Documents/GitHub/UniGameProject1/OrbIt/Content/MainFolder/WorldBuilding/Models/GLB_format/fence-straight/Textures/colormap.uexp" 2885
"C:/Users/dunnt/Documents/GitHub/UniGameProject1/OrbIt/Content/MainFolder/WorldBuilding/Models/GLB_format/fence-straight/Materials/colormap.uasset" 2886
"C:/Users/dunnt/Documents/GitHub/UniGameProject1/OrbIt/Content/MainFolder/WorldBuilding/Models/GLB_format/fence-straight/Materials/colormap.uexp" 2887
"C:/Users/dunnt/Documents/GitHub/UniGameProject1/OrbIt/Content/MainFolder/WorldBuilding/Models/GLB_format/fence-straight/StaticMeshes/fence-straight.ubulk" 2888
"C:/Users/dunnt/Documents/GitHub/UniGameProject1/OrbIt/Content/MainFolder/WorldBuilding/Models/GLB_format/fence-straight/StaticMeshes/fence-straight.uasset" 2889
"C:/Users/dunnt/Documents/GitHub/UniGameProject1/OrbIt/Content/MainFolder/WorldBuilding/Models/GLB_format/fence-straight/StaticMeshes/fence-straight.uexp" 2890
"C:/Users/dunnt/Documents/GitHub/UniGameProject1/OrbIt/Content/MainFolder/WorldBuilding/Models/GLB_format/fence-rope/Textures/colormap.ubulk" 2891
"C:/Users/dunnt/Documents/GitHub/UniGameProject1/OrbIt/Content/MainFolder/WorldBuilding/Models/GLB_format/fence-rope/Textures/colormap.uasset" 2892
"C:/Users/dunnt/Documents/GitHub/UniGameProject1/OrbIt/Content/MainFolder/WorldBuilding/Models/GLB_format/fence-rope/Textures/colormap.uexp" 2893
"C:/Users/dunnt/Documents/GitHub/UniGameProject1/OrbIt/Content/MainFolder/WorldBuilding/Models/GLB_format/fence-rope/Materials/colormap.uasset" 2894
"C:/Users/dunnt/Documents/GitHub/UniGameProject1/OrbIt/Content/MainFolder/WorldBuilding/Models/GLB_format/fence-rope/Materials/colormap.uexp" 2895
"C:/Users/dunnt/Documents/GitHub/UniGameProject1/OrbIt/Content/MainFolder/WorldBuilding/Models/GLB_format/fence-rope/StaticMeshes/fence-rope.ubulk" 2896
"C:/Users/dunnt/Documents/GitHub/UniGameProject1/OrbIt/Content/MainFolder/WorldBuilding/Models/GLB_format/fence-rope/StaticMeshes/fence-rope.uasset" 2897
"C:/Users/dunnt/Documents/GitHub/UniGameProject1/OrbIt/Content/MainFolder/WorldBuilding/Models/GLB_format/fence-rope/StaticMeshes/fence-rope.uexp" 2898
"C:/Users/dunnt/Documents/GitHub/UniGameProject1/OrbIt/Content/MainFolder/WorldBuilding/Models/GLB_format/fence-low-straight/Textures/colormap.ubulk" 2899
"C:/Users/dunnt/Documents/GitHub/UniGameProject1/OrbIt/Content/MainFolder/WorldBuilding/Models/GLB_format/fence-low-straight/Textures/colormap.uasset" 2900
"C:/Users/dunnt/Documents/GitHub/UniGameProject1/OrbIt/Content/MainFolder/WorldBuilding/Models/GLB_format/fence-low-straight/Textures/colormap.uexp" 2901
"C:/Users/dunnt/Documents/GitHub/UniGameProject1/OrbIt/Content/MainFolder/WorldBuilding/Models/GLB_format/fence-low-straight/Materials/colormap.uasset" 2902
"C:/Users/dunnt/Documents/GitHub/UniGameProject1/OrbIt/Content/MainFolder/WorldBuilding/Models/GLB_format/fence-low-straight/Materials/colormap.uexp" 2903
"C:/Users/dunnt/Documents/GitHub/UniGameProject1/OrbIt/Content/MainFolder/WorldBuilding/Models/GLB_format/fence-low-straight/StaticMeshes/fence-low-straight.ubulk" 2904
"C:/Users/dunnt/Documents/GitHub/UniGameProject1/OrbIt/Content/MainFolder/WorldBuilding/Models/GLB_format/fence-low-straight/StaticMeshes/fence-low-straight.uasset" 2905
"C:/Users/dunnt/Documents/GitHub/UniGameProject1/OrbIt/Content/MainFolder/WorldBuilding/Models/GLB_format/fence-low-straight/StaticMeshes/fence-low-straight.uexp" 2906
"C:/Users/dunnt/Documents/GitHub/UniGameProject1/OrbIt/Content/MainFolder/WorldBuilding/Models/GLB_format/fence-low-corner-curved/Textures/colormap.ubulk" 2907
"C:/Users/dunnt/Documents/GitHub/UniGameProject1/OrbIt/Content/MainFolder/WorldBuilding/Models/GLB_format/fence-low-corner-curved/Textures/colormap.uasset" 2908
"C:/Users/dunnt/Documents/GitHub/UniGameProject1/OrbIt/Content/MainFolder/WorldBuilding/Models/GLB_format/fence-low-corner-curved/Textures/colormap.uexp" 2909
"C:/Users/dunnt/Documents/GitHub/UniGameProject1/OrbIt/Content/MainFolder/WorldBuilding/Models/GLB_format/fence-low-corner-curved/Materials/colormap.uasset" 2910
"C:/Users/dunnt/Documents/GitHub/UniGameProject1/OrbIt/Content/MainFolder/WorldBuilding/Models/GLB_format/fence-low-corner-curved/Materials/colormap.uexp" 2911
"C:/Users/dunnt/Documents/GitHub/UniGameProject1/OrbIt/Content/MainFolder/WorldBuilding/Models/GLB_format/fence-low-corner-curved/StaticMeshes/fence-low-corner-curved.ubulk" 2912
"C:/Users/dunnt/Documents/GitHub/UniGameProject1/OrbIt/Content/MainFolder/WorldBuilding/Models/GLB_format/fence-low-corner-curved/StaticMeshes/fence-low-corner-curved.uasset" 2913
"C:/Users/dunnt/Documents/GitHub/UniGameProject1/OrbIt/Content/MainFolder/WorldBuilding/Models/GLB_format/fence-low-corner-curved/StaticMeshes/fence-low-corner-curved.uexp" 2914
"C:/Users/dunnt/Documents/GitHub/UniGameProject1/OrbIt/Content/MainFolder/WorldBuilding/Models/GLB_format/fence-low-corner/Textures/colormap.ubulk" 2915
"C:/Users/dunnt/Documents/GitHub/UniGameProject1/OrbIt/Content/MainFolder/WorldBuilding/Models/GLB_format/fence-low-corner/Textures/colormap.uasset" 2916
"C:/Users/dunnt/Documents/GitHub/UniGameProject1/OrbIt/Content/MainFolder/WorldBuilding/Models/GLB_format/fence-low-corner/Textures/colormap.uexp" 2917
"C:/Users/dunnt/Documents/GitHub/UniGameProject1/OrbIt/Content/MainFolder/WorldBuilding/Models/GLB_format/fence-low-corner/Materials/colormap.uasset" 2918
"C:/Users/dunnt/Documents/GitHub/UniGameProject1/OrbIt/Content/MainFolder/WorldBuilding/Models/GLB_format/fence-low-corner/Materials/colormap.uexp" 2919
"C:/Users/dunnt/Documents/GitHub/UniGameProject1/OrbIt/Content/MainFolder/WorldBuilding/Models/GLB_format/fence-low-corner/StaticMeshes/fence-low-corner.ubulk" 2920
"C:/Users/dunnt/Documents/GitHub/UniGameProject1/OrbIt/Content/MainFolder/WorldBuilding/Models/GLB_format/fence-low-corner/StaticMeshes/fence-low-corner.uasset" 2921
"C:/Users/dunnt/Documents/GitHub/UniGameProject1/OrbIt/Content/MainFolder/WorldBuilding/Models/GLB_format/fence-low-corner/StaticMeshes/fence-low-corner.uexp" 2922
"C:/Users/dunnt/Documents/GitHub/UniGameProject1/OrbIt/Content/MainFolder/WorldBuilding/Models/GLB_format/fence-low-broken/Textures/colormap.ubulk" 2923
"C:/Users/dunnt/Documents/GitHub/UniGameProject1/OrbIt/Content/MainFolder/WorldBuilding/Models/GLB_format/fence-low-broken/Textures/colormap.uasset" 2924
"C:/Users/dunnt/Documents/GitHub/UniGameProject1/OrbIt/Content/MainFolder/WorldBuilding/Models/GLB_format/fence-low-broken/Textures/colormap.uexp" 2925
"C:/Users/dunnt/Documents/GitHub/UniGameProject1/OrbIt/Content/MainFolder/WorldBuilding/Models/GLB_format/fence-low-broken/Materials/colormap.uasset" 2926
"C:/Users/dunnt/Documents/GitHub/UniGameProject1/OrbIt/Content/MainFolder/WorldBuilding/Models/GLB_format/fence-low-broken/Materials/colormap.uexp" 2927
"C:/Users/dunnt/Documents/GitHub/UniGameProject1/OrbIt/Content/MainFolder/WorldBuilding/Models/GLB_format/fence-low-broken/StaticMeshes/fence-low-broken.ubulk" 2928
"C:/Users/dunnt/Documents/GitHub/UniGameProject1/OrbIt/Content/MainFolder/WorldBuilding/Models/GLB_format/fence-low-broken/StaticMeshes/fence-low-broken.uasset" 2929
"C:/Users/dunnt/Documents/GitHub/UniGameProject1/OrbIt/Content/MainFolder/WorldBuilding/Models/GLB_format/fence-low-broken/StaticMeshes/fence-low-broken.uexp" 2930
"C:/Users/dunnt/Documents/GitHub/UniGameProject1/OrbIt/Content/MainFolder/WorldBuilding/Models/GLB_format/fence-corner-curved/Textures/colormap.ubulk" 2931
"C:/Users/dunnt/Documents/GitHub/UniGameProject1/OrbIt/Content/MainFolder/WorldBuilding/Models/GLB_format/fence-corner-curved/Textures/colormap.uasset" 2932
"C:/Users/dunnt/Documents/GitHub/UniGameProject1/OrbIt/Content/MainFolder/WorldBuilding/Models/GLB_format/fence-corner-curved/Textures/colormap.uexp" 2933
"C:/Users/dunnt/Documents/GitHub/UniGameProject1/OrbIt/Content/MainFolder/WorldBuilding/Models/GLB_format/fence-corner-curved/Materials/colormap.uasset" 2934
"C:/Users/dunnt/Documents/GitHub/UniGameProject1/OrbIt/Content/MainFolder/WorldBuilding/Models/GLB_format/fence-corner-curved/Materials/colormap.uexp" 2935
"C:/Users/dunnt/Documents/GitHub/UniGameProject1/OrbIt/Content/MainFolder/WorldBuilding/Models/GLB_format/fence-corner-curved/StaticMeshes/fence-corner-curved.ubulk" 2936
"C:/Users/dunnt/Documents/GitHub/UniGameProject1/OrbIt/Content/MainFolder/WorldBuilding/Models/GLB_format/fence-corner-curved/StaticMeshes/fence-corner-curved.uasset" 2937
"C:/Users/dunnt/Documents/GitHub/UniGameProject1/OrbIt/Content/MainFolder/WorldBuilding/Models/GLB_format/fence-corner-curved/StaticMeshes/fence-corner-curved.uexp" 2938
"C:/Users/dunnt/Documents/GitHub/UniGameProject1/OrbIt/Content/MainFolder/WorldBuilding/Models/GLB_format/fence-corner/Textures/colormap.ubulk" 2939
"C:/Users/dunnt/Documents/GitHub/UniGameProject1/OrbIt/Content/MainFolder/WorldBuilding/Models/GLB_format/fence-corner/Textures/colormap.uasset" 2940
"C:/Users/dunnt/Documents/GitHub/UniGameProject1/OrbIt/Content/MainFolder/WorldBuilding/Models/GLB_format/fence-corner/Textures/colormap.uexp" 2941
"C:/Users/dunnt/Documents/GitHub/UniGameProject1/OrbIt/Content/MainFolder/WorldBuilding/Models/GLB_format/fence-corner/Materials/colormap.uasset" 2942
"C:/Users/dunnt/Documents/GitHub/UniGameProject1/OrbIt/Content/MainFolder/WorldBuilding/Models/GLB_format/fence-corner/Materials/colormap.uexp" 2943
"C:/Users/dunnt/Documents/GitHub/UniGameProject1/OrbIt/Content/MainFolder/WorldBuilding/Models/GLB_format/fence-corner/StaticMeshes/fence-corner.ubulk" 2944
"C:/Users/dunnt/Documents/GitHub/UniGameProject1/OrbIt/Content/MainFolder/WorldBuilding/Models/GLB_format/fence-corner/StaticMeshes/fence-corner.uasset" 2945
"C:/Users/dunnt/Documents/GitHub/UniGameProject1/OrbIt/Content/MainFolder/WorldBuilding/Models/GLB_format/fence-corner/StaticMeshes/fence-corner.uexp" 2946
"C:/Users/dunnt/Documents/GitHub/UniGameProject1/OrbIt/Content/MainFolder/WorldBuilding/Models/GLB_format/fence-broken/Textures/colormap.ubulk" 2947
"C:/Users/dunnt/Documents/GitHub/UniGameProject1/OrbIt/Content/MainFolder/WorldBuilding/Models/GLB_format/fence-broken/Textures/colormap.uasset" 2948
"C:/Users/dunnt/Documents/GitHub/UniGameProject1/OrbIt/Content/MainFolder/WorldBuilding/Models/GLB_format/fence-broken/Textures/colormap.uexp" 2949
"C:/Users/dunnt/Documents/GitHub/UniGameProject1/OrbIt/Content/MainFolder/WorldBuilding/Models/GLB_format/fence-broken/Materials/colormap.uasset" 2950
"C:/Users/dunnt/Documents/GitHub/UniGameProject1/OrbIt/Content/MainFolder/WorldBuilding/Models/GLB_format/fence-broken/Materials/colormap.uexp" 2951
"C:/Users/dunnt/Documents/GitHub/UniGameProject1/OrbIt/Content/MainFolder/WorldBuilding/Models/GLB_format/fence-broken/StaticMeshes/fence-broken.ubulk" 2952
"C:/Users/dunnt/Documents/GitHub/UniGameProject1/OrbIt/Content/MainFolder/WorldBuilding/Models/GLB_format/fence-broken/StaticMeshes/fence-broken.uasset" 2953
"C:/Users/dunnt/Documents/GitHub/UniGameProject1/OrbIt/Content/MainFolder/WorldBuilding/Models/GLB_format/fence-broken/StaticMeshes/fence-broken.uexp" 2954
"C:/Users/dunnt/Documents/GitHub/UniGameProject1/OrbIt/Content/MainFolder/WorldBuilding/Models/GLB_format/door-rotate-large/SkeletalMeshes/door-rotate-large_Skeleton.uasset" 2955
"C:/Users/dunnt/Documents/GitHub/UniGameProject1/OrbIt/Content/MainFolder/WorldBuilding/Models/GLB_format/door-rotate-large/SkeletalMeshes/door-rotate-large_Skeleton.uexp" 2956
"C:/Users/dunnt/Documents/GitHub/UniGameProject1/OrbIt/Content/MainFolder/WorldBuilding/Models/GLB_format/door-rotate-large/SkeletalMeshes/open.uasset" 2957
"C:/Users/dunnt/Documents/GitHub/UniGameProject1/OrbIt/Content/MainFolder/WorldBuilding/Models/GLB_format/door-rotate-large/SkeletalMeshes/open.uexp" 2958
"C:/Users/dunnt/Documents/GitHub/UniGameProject1/OrbIt/Content/MainFolder/WorldBuilding/Models/GLB_format/door-rotate-large/SkeletalMeshes/open-and-close.uasset" 2959
"C:/Users/dunnt/Documents/GitHub/UniGameProject1/OrbIt/Content/MainFolder/WorldBuilding/Models/GLB_format/door-rotate-large/SkeletalMeshes/open-and-close.uexp" 2960
"C:/Users/dunnt/Documents/GitHub/UniGameProject1/OrbIt/Content/MainFolder/WorldBuilding/Models/GLB_format/door-rotate-large/SkeletalMeshes/close.uasset" 2961
"C:/Users/dunnt/Documents/GitHub/UniGameProject1/OrbIt/Content/MainFolder/WorldBuilding/Models/GLB_format/door-rotate-large/SkeletalMeshes/close.uexp" 2962
"C:/Users/dunnt/Documents/GitHub/UniGameProject1/OrbIt/Content/MainFolder/WorldBuilding/Models/GLB_format/door-rotate/SkeletalMeshes/door-rotate_Skeleton.uasset" 2963
"C:/Users/dunnt/Documents/GitHub/UniGameProject1/OrbIt/Content/MainFolder/WorldBuilding/Models/GLB_format/door-rotate/SkeletalMeshes/door-rotate_Skeleton.uexp" 2964
"C:/Users/dunnt/Documents/GitHub/UniGameProject1/OrbIt/Content/MainFolder/WorldBuilding/Models/GLB_format/door-rotate/SkeletalMeshes/open.uasset" 2965
"C:/Users/dunnt/Documents/GitHub/UniGameProject1/OrbIt/Content/MainFolder/WorldBuilding/Models/GLB_format/door-rotate/SkeletalMeshes/open.uexp" 2966
"C:/Users/dunnt/Documents/GitHub/UniGameProject1/OrbIt/Content/MainFolder/WorldBuilding/Models/GLB_format/door-rotate/SkeletalMeshes/open-and-close.uasset" 2967
"C:/Users/dunnt/Documents/GitHub/UniGameProject1/OrbIt/Content/MainFolder/WorldBuilding/Models/GLB_format/door-rotate/SkeletalMeshes/open-and-close.uexp" 2968
"C:/Users/dunnt/Documents/GitHub/UniGameProject1/OrbIt/Content/MainFolder/WorldBuilding/Models/GLB_format/door-rotate/SkeletalMeshes/close.uasset" 2969
"C:/Users/dunnt/Documents/GitHub/UniGameProject1/OrbIt/Content/MainFolder/WorldBuilding/Models/GLB_format/door-rotate/SkeletalMeshes/close.uexp" 2970
"C:/Users/dunnt/Documents/GitHub/UniGameProject1/OrbIt/Content/MainFolder/WorldBuilding/Models/GLB_format/door-open/Textures/colormap.ubulk" 2971
"C:/Users/dunnt/Documents/GitHub/UniGameProject1/OrbIt/Content/MainFolder/WorldBuilding/Models/GLB_format/door-open/Textures/colormap.uasset" 2972
"C:/Users/dunnt/Documents/GitHub/UniGameProject1/OrbIt/Content/MainFolder/WorldBuilding/Models/GLB_format/door-open/Textures/colormap.uexp" 2973
"C:/Users/dunnt/Documents/GitHub/UniGameProject1/OrbIt/Content/MainFolder/WorldBuilding/Models/GLB_format/door-open/Materials/colormap.uasset" 2974
"C:/Users/dunnt/Documents/GitHub/UniGameProject1/OrbIt/Content/MainFolder/WorldBuilding/Models/GLB_format/door-open/Materials/colormap.uexp" 2975
"C:/Users/dunnt/Documents/GitHub/UniGameProject1/OrbIt/Content/MainFolder/WorldBuilding/Models/GLB_format/door-open/StaticMeshes/door-open.ubulk" 2976
"C:/Users/dunnt/Documents/GitHub/UniGameProject1/OrbIt/Content/MainFolder/WorldBuilding/Models/GLB_format/door-open/StaticMeshes/door-open.uasset" 2977
"C:/Users/dunnt/Documents/GitHub/UniGameProject1/OrbIt/Content/MainFolder/WorldBuilding/Models/GLB_format/door-open/StaticMeshes/door-open.uexp" 2978
"C:/Users/dunnt/Documents/GitHub/UniGameProject1/OrbIt/Content/MainFolder/WorldBuilding/Models/GLB_format/door-large-open/Textures/colormap.ubulk" 2979
"C:/Users/dunnt/Documents/GitHub/UniGameProject1/OrbIt/Content/MainFolder/WorldBuilding/Models/GLB_format/door-large-open/Textures/colormap.uasset" 2980
"C:/Users/dunnt/Documents/GitHub/UniGameProject1/OrbIt/Content/MainFolder/WorldBuilding/Models/GLB_format/door-large-open/Textures/colormap.uexp" 2981
"C:/Users/dunnt/Documents/GitHub/UniGameProject1/OrbIt/Content/MainFolder/WorldBuilding/Models/GLB_format/door-large-open/Materials/colormap.uasset" 2982
"C:/Users/dunnt/Documents/GitHub/UniGameProject1/OrbIt/Content/MainFolder/WorldBuilding/Models/GLB_format/door-large-open/Materials/colormap.uexp" 2983
"C:/Users/dunnt/Documents/GitHub/UniGameProject1/OrbIt/Content/MainFolder/WorldBuilding/Models/GLB_format/door-large-open/StaticMeshes/door-large-open.ubulk" 2984
"C:/Users/dunnt/Documents/GitHub/UniGameProject1/OrbIt/Content/MainFolder/WorldBuilding/Models/GLB_format/door-large-open/StaticMeshes/door-large-open.uasset" 2985
"C:/Users/dunnt/Documents/GitHub/UniGameProject1/OrbIt/Content/MainFolder/WorldBuilding/Models/GLB_format/door-large-open/StaticMeshes/door-large-open.uexp" 2986
"C:/Users/dunnt/Documents/GitHub/UniGameProject1/OrbIt/Content/MainFolder/WorldBuilding/Models/GLB_format/crate-strong/Textures/colormap.ubulk" 2987
"C:/Users/dunnt/Documents/GitHub/UniGameProject1/OrbIt/Content/MainFolder/WorldBuilding/Models/GLB_format/crate-strong/Textures/colormap.uasset" 2988
"C:/Users/dunnt/Documents/GitHub/UniGameProject1/OrbIt/Content/MainFolder/WorldBuilding/Models/GLB_format/crate-strong/Textures/colormap.uexp" 2989
"C:/Users/dunnt/Documents/GitHub/UniGameProject1/OrbIt/Content/MainFolder/WorldBuilding/Models/GLB_format/crate-strong/Materials/colormap.uasset" 2990
"C:/Users/dunnt/Documents/GitHub/UniGameProject1/OrbIt/Content/MainFolder/WorldBuilding/Models/GLB_format/crate-strong/Materials/colormap.uexp" 2991
"C:/Users/dunnt/Documents/GitHub/UniGameProject1/OrbIt/Content/MainFolder/WorldBuilding/Models/GLB_format/crate-strong/StaticMeshes/crate-strong.ubulk" 2992
"C:/Users/dunnt/Documents/GitHub/UniGameProject1/OrbIt/Content/MainFolder/WorldBuilding/Models/GLB_format/crate-strong/StaticMeshes/crate-strong.uasset" 2993
"C:/Users/dunnt/Documents/GitHub/UniGameProject1/OrbIt/Content/MainFolder/WorldBuilding/Models/GLB_format/crate-strong/StaticMeshes/crate-strong.uexp" 2994
"C:/Users/dunnt/Documents/GitHub/UniGameProject1/OrbIt/Content/MainFolder/WorldBuilding/Models/GLB_format/crate-item-strong/Textures/colormap.ubulk" 2995
"C:/Users/dunnt/Documents/GitHub/UniGameProject1/OrbIt/Content/MainFolder/WorldBuilding/Models/GLB_format/crate-item-strong/Textures/colormap.uasset" 2996
"C:/Users/dunnt/Documents/GitHub/UniGameProject1/OrbIt/Content/MainFolder/WorldBuilding/Models/GLB_format/crate-item-strong/Textures/colormap.uexp" 2997
"C:/Users/dunnt/Documents/GitHub/UniGameProject1/OrbIt/Content/MainFolder/WorldBuilding/Models/GLB_format/crate-item-strong/Materials/colormap.uasset" 2998
"C:/Users/dunnt/Documents/GitHub/UniGameProject1/OrbIt/Content/MainFolder/WorldBuilding/Models/GLB_format/crate-item-strong/Materials/colormap.uexp" 2999
"C:/Users/dunnt/Documents/GitHub/UniGameProject1/OrbIt/Content/MainFolder/WorldBuilding/Models/GLB_format/crate-item-strong/StaticMeshes/crate-item-strong.ubulk" 3000
"C:/Users/dunnt/Documents/GitHub/UniGameProject1/OrbIt/Content/MainFolder/WorldBuilding/Models/GLB_format/crate-item-strong/StaticMeshes/crate-item-strong.uasset" 3001
"C:/Users/dunnt/Documents/GitHub/UniGameProject1/OrbIt/Content/MainFolder/WorldBuilding/Models/GLB_format/crate-item-strong/StaticMeshes/crate-item-strong.uexp" 3002
"C:/Users/dunnt/Documents/GitHub/UniGameProject1/OrbIt/Content/MainFolder/WorldBuilding/Models/GLB_format/crate-item/Textures/colormap.ubulk" 3003
"C:/Users/dunnt/Documents/GitHub/UniGameProject1/OrbIt/Content/MainFolder/WorldBuilding/Models/GLB_format/crate-item/Textures/colormap.uasset" 3004
"C:/Users/dunnt/Documents/GitHub/UniGameProject1/OrbIt/Content/MainFolder/WorldBuilding/Models/GLB_format/crate-item/Textures/colormap.uexp" 3005
"C:/Users/dunnt/Documents/GitHub/UniGameProject1/OrbIt/Content/MainFolder/WorldBuilding/Models/GLB_format/crate-item/Materials/colormap.uasset" 3006
"C:/Users/dunnt/Documents/GitHub/UniGameProject1/OrbIt/Content/MainFolder/WorldBuilding/Models/GLB_format/crate-item/Materials/colormap.uexp" 3007
"C:/Users/dunnt/Documents/GitHub/UniGameProject1/OrbIt/Content/MainFolder/WorldBuilding/Models/GLB_format/crate-item/StaticMeshes/crate-item.ubulk" 3008
"C:/Users/dunnt/Documents/GitHub/UniGameProject1/OrbIt/Content/MainFolder/WorldBuilding/Models/GLB_format/crate-item/StaticMeshes/crate-item.uasset" 3009
"C:/Users/dunnt/Documents/GitHub/UniGameProject1/OrbIt/Content/MainFolder/WorldBuilding/Models/GLB_format/crate-item/StaticMeshes/crate-item.uexp" 3010
"C:/Users/dunnt/Documents/GitHub/UniGameProject1/OrbIt/Content/MainFolder/WorldBuilding/Models/GLB_format/crate/Textures/colormap.ubulk" 3011
"C:/Users/dunnt/Documents/GitHub/UniGameProject1/OrbIt/Content/MainFolder/WorldBuilding/Models/GLB_format/crate/Textures/colormap.uasset" 3012
"C:/Users/dunnt/Documents/GitHub/UniGameProject1/OrbIt/Content/MainFolder/WorldBuilding/Models/GLB_format/crate/Textures/colormap.uexp" 3013
"C:/Users/dunnt/Documents/GitHub/UniGameProject1/OrbIt/Content/MainFolder/WorldBuilding/Models/GLB_format/crate/Materials/colormap.uasset" 3014
"C:/Users/dunnt/Documents/GitHub/UniGameProject1/OrbIt/Content/MainFolder/WorldBuilding/Models/GLB_format/crate/Materials/colormap.uexp" 3015
"C:/Users/dunnt/Documents/GitHub/UniGameProject1/OrbIt/Content/MainFolder/WorldBuilding/Models/GLB_format/crate/StaticMeshes/crate.ubulk" 3016
"C:/Users/dunnt/Documents/GitHub/UniGameProject1/OrbIt/Content/MainFolder/WorldBuilding/Models/GLB_format/crate/StaticMeshes/crate.uasset" 3017
"C:/Users/dunnt/Documents/GitHub/UniGameProject1/OrbIt/Content/MainFolder/WorldBuilding/Models/GLB_format/crate/StaticMeshes/crate.uexp" 3018
"C:/Users/dunnt/Documents/GitHub/UniGameProject1/OrbIt/Content/MainFolder/WorldBuilding/Models/GLB_format/conveyor-belt/Textures/colormap.ubulk" 3019
"C:/Users/dunnt/Documents/GitHub/UniGameProject1/OrbIt/Content/MainFolder/WorldBuilding/Models/GLB_format/conveyor-belt/Textures/colormap.uasset" 3020
"C:/Users/dunnt/Documents/GitHub/UniGameProject1/OrbIt/Content/MainFolder/WorldBuilding/Models/GLB_format/conveyor-belt/Textures/colormap.uexp" 3021
"C:/Users/dunnt/Documents/GitHub/UniGameProject1/OrbIt/Content/MainFolder/WorldBuilding/Models/GLB_format/conveyor-belt/Materials/colormap.uasset" 3022
"C:/Users/dunnt/Documents/GitHub/UniGameProject1/OrbIt/Content/MainFolder/WorldBuilding/Models/GLB_format/conveyor-belt/Materials/colormap.uexp" 3023
"C:/Users/dunnt/Documents/GitHub/UniGameProject1/OrbIt/Content/MainFolder/WorldBuilding/Models/GLB_format/conveyor-belt/StaticMeshes/conveyor-belt.ubulk" 3024
"C:/Users/dunnt/Documents/GitHub/UniGameProject1/OrbIt/Content/MainFolder/WorldBuilding/Models/GLB_format/conveyor-belt/StaticMeshes/conveyor-belt.uasset" 3025
"C:/Users/dunnt/Documents/GitHub/UniGameProject1/OrbIt/Content/MainFolder/WorldBuilding/Models/GLB_format/conveyor-belt/StaticMeshes/conveyor-belt.uexp" 3026
"C:/Users/dunnt/Documents/GitHub/UniGameProject1/OrbIt/Content/MainFolder/WorldBuilding/Models/GLB_format/conveyor-belt/StaticMeshes/arrow.ubulk" 3027
"C:/Users/dunnt/Documents/GitHub/UniGameProject1/OrbIt/Content/MainFolder/WorldBuilding/Models/GLB_format/conveyor-belt/StaticMeshes/arrow.uasset" 3028
"C:/Users/dunnt/Documents/GitHub/UniGameProject1/OrbIt/Content/MainFolder/WorldBuilding/Models/GLB_format/conveyor-belt/StaticMeshes/arrow.uexp" 3029
"C:/Users/dunnt/Documents/GitHub/UniGameProject1/OrbIt/Content/MainFolder/WorldBuilding/Models/GLB_format/coin-silver/Textures/colormap.ubulk" 3030
"C:/Users/dunnt/Documents/GitHub/UniGameProject1/OrbIt/Content/MainFolder/WorldBuilding/Models/GLB_format/coin-silver/Textures/colormap.uasset" 3031
"C:/Users/dunnt/Documents/GitHub/UniGameProject1/OrbIt/Content/MainFolder/WorldBuilding/Models/GLB_format/coin-silver/Textures/colormap.uexp" 3032
"C:/Users/dunnt/Documents/GitHub/UniGameProject1/OrbIt/Content/MainFolder/WorldBuilding/Models/GLB_format/coin-silver/Materials/colormap.uasset" 3033
"C:/Users/dunnt/Documents/GitHub/UniGameProject1/OrbIt/Content/MainFolder/WorldBuilding/Models/GLB_format/coin-silver/Materials/colormap.uexp" 3034
"C:/Users/dunnt/Documents/GitHub/UniGameProject1/OrbIt/Content/MainFolder/WorldBuilding/Models/GLB_format/coin-silver/StaticMeshes/coin-silver.ubulk" 3035
"C:/Users/dunnt/Documents/GitHub/UniGameProject1/OrbIt/Content/MainFolder/WorldBuilding/Models/GLB_format/coin-silver/StaticMeshes/coin-silver.uasset" 3036
"C:/Users/dunnt/Documents/GitHub/UniGameProject1/OrbIt/Content/MainFolder/WorldBuilding/Models/GLB_format/coin-silver/StaticMeshes/coin-silver.uexp" 3037
"C:/Users/dunnt/Documents/GitHub/UniGameProject1/OrbIt/Content/MainFolder/WorldBuilding/Models/GLB_format/coin-gold/Textures/colormap.ubulk" 3038
"C:/Users/dunnt/Documents/GitHub/UniGameProject1/OrbIt/Content/MainFolder/WorldBuilding/Models/GLB_format/coin-gold/Textures/colormap.uasset" 3039
"C:/Users/dunnt/Documents/GitHub/UniGameProject1/OrbIt/Content/MainFolder/WorldBuilding/Models/GLB_format/coin-gold/Textures/colormap.uexp" 3040
"C:/Users/dunnt/Documents/GitHub/UniGameProject1/OrbIt/Content/MainFolder/WorldBuilding/Models/GLB_format/coin-gold/Materials/colormap.uasset" 3041
"C:/Users/dunnt/Documents/GitHub/UniGameProject1/OrbIt/Content/MainFolder/WorldBuilding/Models/GLB_format/coin-gold/Materials/colormap.uexp" 3042
"C:/Users/dunnt/Documents/GitHub/UniGameProject1/OrbIt/Content/MainFolder/WorldBuilding/Models/GLB_format/coin-gold/StaticMeshes/coin-gold.ubulk" 3043
"C:/Users/dunnt/Documents/GitHub/UniGameProject1/OrbIt/Content/MainFolder/WorldBuilding/Models/GLB_format/coin-gold/StaticMeshes/coin-gold.uasset" 3044
"C:/Users/dunnt/Documents/GitHub/UniGameProject1/OrbIt/Content/MainFolder/WorldBuilding/Models/GLB_format/coin-gold/StaticMeshes/coin-gold.uexp" 3045
"C:/Users/dunnt/Documents/GitHub/UniGameProject1/OrbIt/Content/MainFolder/WorldBuilding/Models/GLB_format/coin-bronze/Textures/colormap.ubulk" 3046
"C:/Users/dunnt/Documents/GitHub/UniGameProject1/OrbIt/Content/MainFolder/WorldBuilding/Models/GLB_format/coin-bronze/Textures/colormap.uasset" 3047
"C:/Users/dunnt/Documents/GitHub/UniGameProject1/OrbIt/Content/MainFolder/WorldBuilding/Models/GLB_format/coin-bronze/Textures/colormap.uexp" 3048
"C:/Users/dunnt/Documents/GitHub/UniGameProject1/OrbIt/Content/MainFolder/WorldBuilding/Models/GLB_format/coin-bronze/Materials/colormap.uasset" 3049
"C:/Users/dunnt/Documents/GitHub/UniGameProject1/OrbIt/Content/MainFolder/WorldBuilding/Models/GLB_format/coin-bronze/Materials/colormap.uexp" 3050
"C:/Users/dunnt/Documents/GitHub/UniGameProject1/OrbIt/Content/MainFolder/WorldBuilding/Models/GLB_format/coin-bronze/StaticMeshes/coin-bronze.ubulk" 3051
"C:/Users/dunnt/Documents/GitHub/UniGameProject1/OrbIt/Content/MainFolder/WorldBuilding/Models/GLB_format/coin-bronze/StaticMeshes/coin-bronze.uasset" 3052
"C:/Users/dunnt/Documents/GitHub/UniGameProject1/OrbIt/Content/MainFolder/WorldBuilding/Models/GLB_format/coin-bronze/StaticMeshes/coin-bronze.uexp" 3053
"C:/Users/dunnt/Documents/GitHub/UniGameProject1/OrbIt/Content/MainFolder/WorldBuilding/Models/GLB_format/chest/SkeletalMeshes/chest_Skeleton.uasset" 3054
"C:/Users/dunnt/Documents/GitHub/UniGameProject1/OrbIt/Content/MainFolder/WorldBuilding/Models/GLB_format/chest/SkeletalMeshes/chest_Skeleton.uexp" 3055
"C:/Users/dunnt/Documents/GitHub/UniGameProject1/OrbIt/Content/MainFolder/WorldBuilding/Models/GLB_format/chest/SkeletalMeshes/open.uasset" 3056
"C:/Users/dunnt/Documents/GitHub/UniGameProject1/OrbIt/Content/MainFolder/WorldBuilding/Models/GLB_format/chest/SkeletalMeshes/open.uexp" 3057
"C:/Users/dunnt/Documents/GitHub/UniGameProject1/OrbIt/Content/MainFolder/WorldBuilding/Models/GLB_format/chest/SkeletalMeshes/open-close.uasset" 3058
"C:/Users/dunnt/Documents/GitHub/UniGameProject1/OrbIt/Content/MainFolder/WorldBuilding/Models/GLB_format/chest/SkeletalMeshes/open-close.uexp" 3059
"C:/Users/dunnt/Documents/GitHub/UniGameProject1/OrbIt/Content/MainFolder/WorldBuilding/Models/GLB_format/chest/SkeletalMeshes/close.uasset" 3060
"C:/Users/dunnt/Documents/GitHub/UniGameProject1/OrbIt/Content/MainFolder/WorldBuilding/Models/GLB_format/chest/SkeletalMeshes/close.uexp" 3061
"C:/Users/dunnt/Documents/GitHub/UniGameProject1/OrbIt/Content/MainFolder/WorldBuilding/Models/GLB_format/character-oozi/SkeletalMeshes/character-oozi_Skeleton.uasset" 3062
"C:/Users/dunnt/Documents/GitHub/UniGameProject1/OrbIt/Content/MainFolder/WorldBuilding/Models/GLB_format/character-oozi/SkeletalMeshes/character-oozi_Skeleton.uexp" 3063
"C:/Users/dunnt/Documents/GitHub/UniGameProject1/OrbIt/Content/MainFolder/WorldBuilding/Models/GLB_format/character-oozi/SkeletalMeshes/walk.uasset" 3064
"C:/Users/dunnt/Documents/GitHub/UniGameProject1/OrbIt/Content/MainFolder/WorldBuilding/Models/GLB_format/character-oozi/SkeletalMeshes/walk.uexp" 3065
"C:/Users/dunnt/Documents/GitHub/UniGameProject1/OrbIt/Content/MainFolder/WorldBuilding/Models/GLB_format/character-oozi/SkeletalMeshes/static.uasset" 3066
"C:/Users/dunnt/Documents/GitHub/UniGameProject1/OrbIt/Content/MainFolder/WorldBuilding/Models/GLB_format/character-oozi/SkeletalMeshes/static.uexp" 3067
"C:/Users/dunnt/Documents/GitHub/UniGameProject1/OrbIt/Content/MainFolder/WorldBuilding/Models/GLB_format/character-oozi/SkeletalMeshes/sprint.uasset" 3068
"C:/Users/dunnt/Documents/GitHub/UniGameProject1/OrbIt/Content/MainFolder/WorldBuilding/Models/GLB_format/character-oozi/SkeletalMeshes/sprint.uexp" 3069
"C:/Users/dunnt/Documents/GitHub/UniGameProject1/OrbIt/Content/MainFolder/WorldBuilding/Models/GLB_format/character-oozi/SkeletalMeshes/sit.uasset" 3070
"C:/Users/dunnt/Documents/GitHub/UniGameProject1/OrbIt/Content/MainFolder/WorldBuilding/Models/GLB_format/character-oozi/SkeletalMeshes/sit.uexp" 3071
"C:/Users/dunnt/Documents/GitHub/UniGameProject1/OrbIt/Content/MainFolder/WorldBuilding/Models/GLB_format/character-oozi/SkeletalMeshes/pick-up.uasset" 3072
"C:/Users/dunnt/Documents/GitHub/UniGameProject1/OrbIt/Content/MainFolder/WorldBuilding/Models/GLB_format/character-oozi/SkeletalMeshes/pick-up.uexp" 3073
"C:/Users/dunnt/Documents/GitHub/UniGameProject1/OrbIt/Content/MainFolder/WorldBuilding/Models/GLB_format/character-oozi/SkeletalMeshes/jump.uasset" 3074
"C:/Users/dunnt/Documents/GitHub/UniGameProject1/OrbIt/Content/MainFolder/WorldBuilding/Models/GLB_format/character-oozi/SkeletalMeshes/jump.uexp" 3075
"C:/Users/dunnt/Documents/GitHub/UniGameProject1/OrbIt/Content/MainFolder/WorldBuilding/Models/GLB_format/character-oozi/SkeletalMeshes/interact-right.uasset" 3076
"C:/Users/dunnt/Documents/GitHub/UniGameProject1/OrbIt/Content/MainFolder/WorldBuilding/Models/GLB_format/character-oozi/SkeletalMeshes/interact-right.uexp" 3077
"C:/Users/dunnt/Documents/GitHub/UniGameProject1/OrbIt/Content/MainFolder/WorldBuilding/Models/GLB_format/character-oozi/SkeletalMeshes/interact-left.uasset" 3078
"C:/Users/dunnt/Documents/GitHub/UniGameProject1/OrbIt/Content/MainFolder/WorldBuilding/Models/GLB_format/character-oozi/SkeletalMeshes/interact-left.uexp" 3079
"C:/Users/dunnt/Documents/GitHub/UniGameProject1/OrbIt/Content/MainFolder/WorldBuilding/Models/GLB_format/character-oozi/SkeletalMeshes/idle.uasset" 3080
"C:/Users/dunnt/Documents/GitHub/UniGameProject1/OrbIt/Content/MainFolder/WorldBuilding/Models/GLB_format/character-oozi/SkeletalMeshes/idle.uexp" 3081
"C:/Users/dunnt/Documents/GitHub/UniGameProject1/OrbIt/Content/MainFolder/WorldBuilding/Models/GLB_format/character-oozi/SkeletalMeshes/holding-right.uasset" 3082
"C:/Users/dunnt/Documents/GitHub/UniGameProject1/OrbIt/Content/MainFolder/WorldBuilding/Models/GLB_format/character-oozi/SkeletalMeshes/holding-right.uexp" 3083
"C:/Users/dunnt/Documents/GitHub/UniGameProject1/OrbIt/Content/MainFolder/WorldBuilding/Models/GLB_format/character-oozi/SkeletalMeshes/holding-right-shoot.uasset" 3084
"C:/Users/dunnt/Documents/GitHub/UniGameProject1/OrbIt/Content/MainFolder/WorldBuilding/Models/GLB_format/character-oozi/SkeletalMeshes/holding-right-shoot.uexp" 3085
"C:/Users/dunnt/Documents/GitHub/UniGameProject1/OrbIt/Content/MainFolder/WorldBuilding/Models/GLB_format/character-oozi/SkeletalMeshes/holding-left.uasset" 3086
"C:/Users/dunnt/Documents/GitHub/UniGameProject1/OrbIt/Content/MainFolder/WorldBuilding/Models/GLB_format/character-oozi/SkeletalMeshes/holding-left.uexp" 3087
"C:/Users/dunnt/Documents/GitHub/UniGameProject1/OrbIt/Content/MainFolder/WorldBuilding/Models/GLB_format/character-oozi/SkeletalMeshes/holding-left-shoot.uasset" 3088
"C:/Users/dunnt/Documents/GitHub/UniGameProject1/OrbIt/Content/MainFolder/WorldBuilding/Models/GLB_format/character-oozi/SkeletalMeshes/holding-left-shoot.uexp" 3089
"C:/Users/dunnt/Documents/GitHub/UniGameProject1/OrbIt/Content/MainFolder/WorldBuilding/Models/GLB_format/character-oozi/SkeletalMeshes/holding-both.uasset" 3090
"C:/Users/dunnt/Documents/GitHub/UniGameProject1/OrbIt/Content/MainFolder/WorldBuilding/Models/GLB_format/character-oozi/SkeletalMeshes/holding-both.uexp" 3091
"C:/Users/dunnt/Documents/GitHub/UniGameProject1/OrbIt/Content/MainFolder/WorldBuilding/Models/GLB_format/character-oozi/SkeletalMeshes/holding-both-shoot.uasset" 3092
"C:/Users/dunnt/Documents/GitHub/UniGameProject1/OrbIt/Content/MainFolder/WorldBuilding/Models/GLB_format/character-oozi/SkeletalMeshes/holding-both-shoot.uexp" 3093
"C:/Users/dunnt/Documents/GitHub/UniGameProject1/OrbIt/Content/MainFolder/WorldBuilding/Models/GLB_format/character-oozi/SkeletalMeshes/fall.uasset" 3094
"C:/Users/dunnt/Documents/GitHub/UniGameProject1/OrbIt/Content/MainFolder/WorldBuilding/Models/GLB_format/character-oozi/SkeletalMeshes/fall.uexp" 3095
"C:/Users/dunnt/Documents/GitHub/UniGameProject1/OrbIt/Content/MainFolder/WorldBuilding/Models/GLB_format/character-oozi/SkeletalMeshes/emote-yes.uasset" 3096
"C:/Users/dunnt/Documents/GitHub/UniGameProject1/OrbIt/Content/MainFolder/WorldBuilding/Models/GLB_format/character-oozi/SkeletalMeshes/emote-yes.uexp" 3097
"C:/Users/dunnt/Documents/GitHub/UniGameProject1/OrbIt/Content/MainFolder/WorldBuilding/Models/GLB_format/character-oozi/SkeletalMeshes/emote-no.uasset" 3098
"C:/Users/dunnt/Documents/GitHub/UniGameProject1/OrbIt/Content/MainFolder/WorldBuilding/Models/GLB_format/character-oozi/SkeletalMeshes/emote-no.uexp" 3099
"C:/Users/dunnt/Documents/GitHub/UniGameProject1/OrbIt/Content/MainFolder/WorldBuilding/Models/GLB_format/character-oozi/SkeletalMeshes/drive.uasset" 3100
"C:/Users/dunnt/Documents/GitHub/UniGameProject1/OrbIt/Content/MainFolder/WorldBuilding/Models/GLB_format/character-oozi/SkeletalMeshes/drive.uexp" 3101
"C:/Users/dunnt/Documents/GitHub/UniGameProject1/OrbIt/Content/MainFolder/WorldBuilding/Models/GLB_format/character-oozi/SkeletalMeshes/die.uasset" 3102
"C:/Users/dunnt/Documents/GitHub/UniGameProject1/OrbIt/Content/MainFolder/WorldBuilding/Models/GLB_format/character-oozi/SkeletalMeshes/die.uexp" 3103
"C:/Users/dunnt/Documents/GitHub/UniGameProject1/OrbIt/Content/MainFolder/WorldBuilding/Models/GLB_format/character-oozi/SkeletalMeshes/crouch.uasset" 3104
"C:/Users/dunnt/Documents/GitHub/UniGameProject1/OrbIt/Content/MainFolder/WorldBuilding/Models/GLB_format/character-oozi/SkeletalMeshes/crouch.uexp" 3105
"C:/Users/dunnt/Documents/GitHub/UniGameProject1/OrbIt/Content/MainFolder/WorldBuilding/Models/GLB_format/character-oozi/SkeletalMeshes/attack-melee-right.uasset" 3106
"C:/Users/dunnt/Documents/GitHub/UniGameProject1/OrbIt/Content/MainFolder/WorldBuilding/Models/GLB_format/character-oozi/SkeletalMeshes/attack-melee-right.uexp" 3107
"C:/Users/dunnt/Documents/GitHub/UniGameProject1/OrbIt/Content/MainFolder/WorldBuilding/Models/GLB_format/character-oozi/SkeletalMeshes/attack-melee-left.uasset" 3108
"C:/Users/dunnt/Documents/GitHub/UniGameProject1/OrbIt/Content/MainFolder/WorldBuilding/Models/GLB_format/character-oozi/SkeletalMeshes/attack-melee-left.uexp" 3109
"C:/Users/dunnt/Documents/GitHub/UniGameProject1/OrbIt/Content/MainFolder/WorldBuilding/Models/GLB_format/character-oozi/SkeletalMeshes/attack-kick-right.uasset" 3110
"C:/Users/dunnt/Documents/GitHub/UniGameProject1/OrbIt/Content/MainFolder/WorldBuilding/Models/GLB_format/character-oozi/SkeletalMeshes/attack-kick-right.uexp" 3111
"C:/Users/dunnt/Documents/GitHub/UniGameProject1/OrbIt/Content/MainFolder/WorldBuilding/Models/GLB_format/character-oozi/SkeletalMeshes/attack-kick-left.uasset" 3112
"C:/Users/dunnt/Documents/GitHub/UniGameProject1/OrbIt/Content/MainFolder/WorldBuilding/Models/GLB_format/character-oozi/SkeletalMeshes/attack-kick-left.uexp" 3113
"C:/Users/dunnt/Documents/GitHub/UniGameProject1/OrbIt/Content/MainFolder/WorldBuilding/Models/GLB_format/character-oopi/SkeletalMeshes/character-oopi_Skeleton.uasset" 3114
"C:/Users/dunnt/Documents/GitHub/UniGameProject1/OrbIt/Content/MainFolder/WorldBuilding/Models/GLB_format/character-oopi/SkeletalMeshes/character-oopi_Skeleton.uexp" 3115
"C:/Users/dunnt/Documents/GitHub/UniGameProject1/OrbIt/Content/MainFolder/WorldBuilding/Models/GLB_format/character-oopi/SkeletalMeshes/walk.uasset" 3116
"C:/Users/dunnt/Documents/GitHub/UniGameProject1/OrbIt/Content/MainFolder/WorldBuilding/Models/GLB_format/character-oopi/SkeletalMeshes/walk.uexp" 3117
"C:/Users/dunnt/Documents/GitHub/UniGameProject1/OrbIt/Content/MainFolder/WorldBuilding/Models/GLB_format/character-oopi/SkeletalMeshes/static.uasset" 3118
"C:/Users/dunnt/Documents/GitHub/UniGameProject1/OrbIt/Content/MainFolder/WorldBuilding/Models/GLB_format/character-oopi/SkeletalMeshes/static.uexp" 3119
"C:/Users/dunnt/Documents/GitHub/UniGameProject1/OrbIt/Content/MainFolder/WorldBuilding/Models/GLB_format/character-oopi/SkeletalMeshes/sprint.uasset" 3120
"C:/Users/dunnt/Documents/GitHub/UniGameProject1/OrbIt/Content/MainFolder/WorldBuilding/Models/GLB_format/character-oopi/SkeletalMeshes/sprint.uexp" 3121
"C:/Users/dunnt/Documents/GitHub/UniGameProject1/OrbIt/Content/MainFolder/WorldBuilding/Models/GLB_format/character-oopi/SkeletalMeshes/sit.uasset" 3122
"C:/Users/dunnt/Documents/GitHub/UniGameProject1/OrbIt/Content/MainFolder/WorldBuilding/Models/GLB_format/character-oopi/SkeletalMeshes/sit.uexp" 3123
"C:/Users/dunnt/Documents/GitHub/UniGameProject1/OrbIt/Content/MainFolder/WorldBuilding/Models/GLB_format/character-oopi/SkeletalMeshes/pick-up.uasset" 3124
"C:/Users/dunnt/Documents/GitHub/UniGameProject1/OrbIt/Content/MainFolder/WorldBuilding/Models/GLB_format/character-oopi/SkeletalMeshes/pick-up.uexp" 3125
"C:/Users/dunnt/Documents/GitHub/UniGameProject1/OrbIt/Content/MainFolder/WorldBuilding/Models/GLB_format/character-oopi/SkeletalMeshes/jump.uasset" 3126
"C:/Users/dunnt/Documents/GitHub/UniGameProject1/OrbIt/Content/MainFolder/WorldBuilding/Models/GLB_format/character-oopi/SkeletalMeshes/jump.uexp" 3127
"C:/Users/dunnt/Documents/GitHub/UniGameProject1/OrbIt/Content/MainFolder/WorldBuilding/Models/GLB_format/character-oopi/SkeletalMeshes/interact-right.uasset" 3128
"C:/Users/dunnt/Documents/GitHub/UniGameProject1/OrbIt/Content/MainFolder/WorldBuilding/Models/GLB_format/character-oopi/SkeletalMeshes/interact-right.uexp" 3129
"C:/Users/dunnt/Documents/GitHub/UniGameProject1/OrbIt/Content/MainFolder/WorldBuilding/Models/GLB_format/character-oopi/SkeletalMeshes/interact-left.uasset" 3130
"C:/Users/dunnt/Documents/GitHub/UniGameProject1/OrbIt/Content/MainFolder/WorldBuilding/Models/GLB_format/character-oopi/SkeletalMeshes/interact-left.uexp" 3131
"C:/Users/dunnt/Documents/GitHub/UniGameProject1/OrbIt/Content/MainFolder/WorldBuilding/Models/GLB_format/character-oopi/SkeletalMeshes/idle.uasset" 3132
"C:/Users/dunnt/Documents/GitHub/UniGameProject1/OrbIt/Content/MainFolder/WorldBuilding/Models/GLB_format/character-oopi/SkeletalMeshes/idle.uexp" 3133
"C:/Users/dunnt/Documents/GitHub/UniGameProject1/OrbIt/Content/MainFolder/WorldBuilding/Models/GLB_format/character-oopi/SkeletalMeshes/holding-right.uasset" 3134
"C:/Users/dunnt/Documents/GitHub/UniGameProject1/OrbIt/Content/MainFolder/WorldBuilding/Models/GLB_format/character-oopi/SkeletalMeshes/holding-right.uexp" 3135
"C:/Users/dunnt/Documents/GitHub/UniGameProject1/OrbIt/Content/MainFolder/WorldBuilding/Models/GLB_format/character-oopi/SkeletalMeshes/holding-right-shoot.uasset" 3136
"C:/Users/dunnt/Documents/GitHub/UniGameProject1/OrbIt/Content/MainFolder/WorldBuilding/Models/GLB_format/character-oopi/SkeletalMeshes/holding-right-shoot.uexp" 3137
"C:/Users/dunnt/Documents/GitHub/UniGameProject1/OrbIt/Content/MainFolder/WorldBuilding/Models/GLB_format/character-oopi/SkeletalMeshes/holding-left.uasset" 3138
"C:/Users/dunnt/Documents/GitHub/UniGameProject1/OrbIt/Content/MainFolder/WorldBuilding/Models/GLB_format/character-oopi/SkeletalMeshes/holding-left.uexp" 3139
"C:/Users/dunnt/Documents/GitHub/UniGameProject1/OrbIt/Content/MainFolder/WorldBuilding/Models/GLB_format/character-oopi/SkeletalMeshes/holding-left-shoot.uasset" 3140
"C:/Users/dunnt/Documents/GitHub/UniGameProject1/OrbIt/Content/MainFolder/WorldBuilding/Models/GLB_format/character-oopi/SkeletalMeshes/holding-left-shoot.uexp" 3141
"C:/Users/dunnt/Documents/GitHub/UniGameProject1/OrbIt/Content/MainFolder/WorldBuilding/Models/GLB_format/character-oopi/SkeletalMeshes/holding-both.uasset" 3142
"C:/Users/dunnt/Documents/GitHub/UniGameProject1/OrbIt/Content/MainFolder/WorldBuilding/Models/GLB_format/character-oopi/SkeletalMeshes/holding-both.uexp" 3143
"C:/Users/dunnt/Documents/GitHub/UniGameProject1/OrbIt/Content/MainFolder/WorldBuilding/Models/GLB_format/character-oopi/SkeletalMeshes/holding-both-shoot.uasset" 3144
"C:/Users/dunnt/Documents/GitHub/UniGameProject1/OrbIt/Content/MainFolder/WorldBuilding/Models/GLB_format/character-oopi/SkeletalMeshes/holding-both-shoot.uexp" 3145
"C:/Users/dunnt/Documents/GitHub/UniGameProject1/OrbIt/Content/MainFolder/WorldBuilding/Models/GLB_format/character-oopi/SkeletalMeshes/fall.uasset" 3146
"C:/Users/dunnt/Documents/GitHub/UniGameProject1/OrbIt/Content/MainFolder/WorldBuilding/Models/GLB_format/character-oopi/SkeletalMeshes/fall.uexp" 3147
"C:/Users/dunnt/Documents/GitHub/UniGameProject1/OrbIt/Content/MainFolder/WorldBuilding/Models/GLB_format/character-oopi/SkeletalMeshes/emote-yes.uasset" 3148
"C:/Users/dunnt/Documents/GitHub/UniGameProject1/OrbIt/Content/MainFolder/WorldBuilding/Models/GLB_format/character-oopi/SkeletalMeshes/emote-yes.uexp" 3149
"C:/Users/dunnt/Documents/GitHub/UniGameProject1/OrbIt/Content/MainFolder/WorldBuilding/Models/GLB_format/character-oopi/SkeletalMeshes/emote-no.uasset" 3150
"C:/Users/dunnt/Documents/GitHub/UniGameProject1/OrbIt/Content/MainFolder/WorldBuilding/Models/GLB_format/character-oopi/SkeletalMeshes/emote-no.uexp" 3151
"C:/Users/dunnt/Documents/GitHub/UniGameProject1/OrbIt/Content/MainFolder/WorldBuilding/Models/GLB_format/character-oopi/SkeletalMeshes/drive.uasset" 3152
"C:/Users/dunnt/Documents/GitHub/UniGameProject1/OrbIt/Content/MainFolder/WorldBuilding/Models/GLB_format/character-oopi/SkeletalMeshes/drive.uexp" 3153
"C:/Users/dunnt/Documents/GitHub/UniGameProject1/OrbIt/Content/MainFolder/WorldBuilding/Models/GLB_format/character-oopi/SkeletalMeshes/die.uasset" 3154
"C:/Users/dunnt/Documents/GitHub/UniGameProject1/OrbIt/Content/MainFolder/WorldBuilding/Models/GLB_format/character-oopi/SkeletalMeshes/die.uexp" 3155
"C:/Users/dunnt/Documents/GitHub/UniGameProject1/OrbIt/Content/MainFolder/WorldBuilding/Models/GLB_format/character-oopi/SkeletalMeshes/crouch.uasset" 3156
"C:/Users/dunnt/Documents/GitHub/UniGameProject1/OrbIt/Content/MainFolder/WorldBuilding/Models/GLB_format/character-oopi/SkeletalMeshes/crouch.uexp" 3157
"C:/Users/dunnt/Documents/GitHub/UniGameProject1/OrbIt/Content/MainFolder/WorldBuilding/Models/GLB_format/character-oopi/SkeletalMeshes/attack-melee-right.uasset" 3158
"C:/Users/dunnt/Documents/GitHub/UniGameProject1/OrbIt/Content/MainFolder/WorldBuilding/Models/GLB_format/character-oopi/SkeletalMeshes/attack-melee-right.uexp" 3159
"C:/Users/dunnt/Documents/GitHub/UniGameProject1/OrbIt/Content/MainFolder/WorldBuilding/Models/GLB_format/character-oopi/SkeletalMeshes/attack-melee-left.uasset" 3160
"C:/Users/dunnt/Documents/GitHub/UniGameProject1/OrbIt/Content/MainFolder/WorldBuilding/Models/GLB_format/character-oopi/SkeletalMeshes/attack-melee-left.uexp" 3161
"C:/Users/dunnt/Documents/GitHub/UniGameProject1/OrbIt/Content/MainFolder/WorldBuilding/Models/GLB_format/character-oopi/SkeletalMeshes/attack-kick-right.uasset" 3162
"C:/Users/dunnt/Documents/GitHub/UniGameProject1/OrbIt/Content/MainFolder/WorldBuilding/Models/GLB_format/character-oopi/SkeletalMeshes/attack-kick-right.uexp" 3163
"C:/Users/dunnt/Documents/GitHub/UniGameProject1/OrbIt/Content/MainFolder/WorldBuilding/Models/GLB_format/character-oopi/SkeletalMeshes/attack-kick-left.uasset" 3164
"C:/Users/dunnt/Documents/GitHub/UniGameProject1/OrbIt/Content/MainFolder/WorldBuilding/Models/GLB_format/character-oopi/SkeletalMeshes/attack-kick-left.uexp" 3165
"C:/Users/dunnt/Documents/GitHub/UniGameProject1/OrbIt/Content/MainFolder/WorldBuilding/Models/GLB_format/character-ooli/SkeletalMeshes/character-ooli_Skeleton.uasset" 3166
"C:/Users/dunnt/Documents/GitHub/UniGameProject1/OrbIt/Content/MainFolder/WorldBuilding/Models/GLB_format/character-ooli/SkeletalMeshes/character-ooli_Skeleton.uexp" 3167
"C:/Users/dunnt/Documents/GitHub/UniGameProject1/OrbIt/Content/MainFolder/WorldBuilding/Models/GLB_format/character-ooli/SkeletalMeshes/walk.uasset" 3168
"C:/Users/dunnt/Documents/GitHub/UniGameProject1/OrbIt/Content/MainFolder/WorldBuilding/Models/GLB_format/character-ooli/SkeletalMeshes/walk.uexp" 3169
"C:/Users/dunnt/Documents/GitHub/UniGameProject1/OrbIt/Content/MainFolder/WorldBuilding/Models/GLB_format/character-ooli/SkeletalMeshes/static.uasset" 3170
"C:/Users/dunnt/Documents/GitHub/UniGameProject1/OrbIt/Content/MainFolder/WorldBuilding/Models/GLB_format/character-ooli/SkeletalMeshes/static.uexp" 3171
"C:/Users/dunnt/Documents/GitHub/UniGameProject1/OrbIt/Content/MainFolder/WorldBuilding/Models/GLB_format/character-ooli/SkeletalMeshes/sprint.uasset" 3172
"C:/Users/dunnt/Documents/GitHub/UniGameProject1/OrbIt/Content/MainFolder/WorldBuilding/Models/GLB_format/character-ooli/SkeletalMeshes/sprint.uexp" 3173
"C:/Users/dunnt/Documents/GitHub/UniGameProject1/OrbIt/Content/MainFolder/WorldBuilding/Models/GLB_format/character-ooli/SkeletalMeshes/sit.uasset" 3174
"C:/Users/dunnt/Documents/GitHub/UniGameProject1/OrbIt/Content/MainFolder/WorldBuilding/Models/GLB_format/character-ooli/SkeletalMeshes/sit.uexp" 3175
"C:/Users/dunnt/Documents/GitHub/UniGameProject1/OrbIt/Content/MainFolder/WorldBuilding/Models/GLB_format/character-ooli/SkeletalMeshes/pick-up.uasset" 3176
"C:/Users/dunnt/Documents/GitHub/UniGameProject1/OrbIt/Content/MainFolder/WorldBuilding/Models/GLB_format/character-ooli/SkeletalMeshes/pick-up.uexp" 3177
"C:/Users/dunnt/Documents/GitHub/UniGameProject1/OrbIt/Content/MainFolder/WorldBuilding/Models/GLB_format/character-ooli/SkeletalMeshes/jump.uasset" 3178
"C:/Users/dunnt/Documents/GitHub/UniGameProject1/OrbIt/Content/MainFolder/WorldBuilding/Models/GLB_format/character-ooli/SkeletalMeshes/jump.uexp" 3179
"C:/Users/dunnt/Documents/GitHub/UniGameProject1/OrbIt/Content/MainFolder/WorldBuilding/Models/GLB_format/character-ooli/SkeletalMeshes/interact-right.uasset" 3180
"C:/Users/dunnt/Documents/GitHub/UniGameProject1/OrbIt/Content/MainFolder/WorldBuilding/Models/GLB_format/character-ooli/SkeletalMeshes/interact-right.uexp" 3181
"C:/Users/dunnt/Documents/GitHub/UniGameProject1/OrbIt/Content/MainFolder/WorldBuilding/Models/GLB_format/character-ooli/SkeletalMeshes/interact-left.uasset" 3182
"C:/Users/dunnt/Documents/GitHub/UniGameProject1/OrbIt/Content/MainFolder/WorldBuilding/Models/GLB_format/character-ooli/SkeletalMeshes/interact-left.uexp" 3183
"C:/Users/dunnt/Documents/GitHub/UniGameProject1/OrbIt/Content/MainFolder/WorldBuilding/Models/GLB_format/character-ooli/SkeletalMeshes/idle.uasset" 3184
"C:/Users/dunnt/Documents/GitHub/UniGameProject1/OrbIt/Content/MainFolder/WorldBuilding/Models/GLB_format/character-ooli/SkeletalMeshes/idle.uexp" 3185
"C:/Users/dunnt/Documents/GitHub/UniGameProject1/OrbIt/Content/MainFolder/WorldBuilding/Models/GLB_format/character-ooli/SkeletalMeshes/holding-right.uasset" 3186
"C:/Users/dunnt/Documents/GitHub/UniGameProject1/OrbIt/Content/MainFolder/WorldBuilding/Models/GLB_format/character-ooli/SkeletalMeshes/holding-right.uexp" 3187
"C:/Users/dunnt/Documents/GitHub/UniGameProject1/OrbIt/Content/MainFolder/WorldBuilding/Models/GLB_format/character-ooli/SkeletalMeshes/holding-right-shoot.uasset" 3188
"C:/Users/dunnt/Documents/GitHub/UniGameProject1/OrbIt/Content/MainFolder/WorldBuilding/Models/GLB_format/character-ooli/SkeletalMeshes/holding-right-shoot.uexp" 3189
"C:/Users/dunnt/Documents/GitHub/UniGameProject1/OrbIt/Content/MainFolder/WorldBuilding/Models/GLB_format/character-ooli/SkeletalMeshes/holding-left.uasset" 3190
"C:/Users/dunnt/Documents/GitHub/UniGameProject1/OrbIt/Content/MainFolder/WorldBuilding/Models/GLB_format/character-ooli/SkeletalMeshes/holding-left.uexp" 3191
"C:/Users/dunnt/Documents/GitHub/UniGameProject1/OrbIt/Content/MainFolder/WorldBuilding/Models/GLB_format/character-ooli/SkeletalMeshes/holding-left-shoot.uasset" 3192
"C:/Users/dunnt/Documents/GitHub/UniGameProject1/OrbIt/Content/MainFolder/WorldBuilding/Models/GLB_format/character-ooli/SkeletalMeshes/holding-left-shoot.uexp" 3193
"C:/Users/dunnt/Documents/GitHub/UniGameProject1/OrbIt/Content/MainFolder/WorldBuilding/Models/GLB_format/character-ooli/SkeletalMeshes/holding-both.uasset" 3194
"C:/Users/dunnt/Documents/GitHub/UniGameProject1/OrbIt/Content/MainFolder/WorldBuilding/Models/GLB_format/character-ooli/SkeletalMeshes/holding-both.uexp" 3195
"C:/Users/dunnt/Documents/GitHub/UniGameProject1/OrbIt/Content/MainFolder/WorldBuilding/Models/GLB_format/character-ooli/SkeletalMeshes/holding-both-shoot.uasset" 3196
"C:/Users/dunnt/Documents/GitHub/UniGameProject1/OrbIt/Content/MainFolder/WorldBuilding/Models/GLB_format/character-ooli/SkeletalMeshes/holding-both-shoot.uexp" 3197
"C:/Users/dunnt/Documents/GitHub/UniGameProject1/OrbIt/Content/MainFolder/WorldBuilding/Models/GLB_format/character-ooli/SkeletalMeshes/fall.uasset" 3198
"C:/Users/dunnt/Documents/GitHub/UniGameProject1/OrbIt/Content/MainFolder/WorldBuilding/Models/GLB_format/character-ooli/SkeletalMeshes/fall.uexp" 3199
"C:/Users/dunnt/Documents/GitHub/UniGameProject1/OrbIt/Content/MainFolder/WorldBuilding/Models/GLB_format/character-ooli/SkeletalMeshes/emote-yes.uasset" 3200
"C:/Users/dunnt/Documents/GitHub/UniGameProject1/OrbIt/Content/MainFolder/WorldBuilding/Models/GLB_format/character-ooli/SkeletalMeshes/emote-yes.uexp" 3201
"C:/Users/dunnt/Documents/GitHub/UniGameProject1/OrbIt/Content/MainFolder/WorldBuilding/Models/GLB_format/character-ooli/SkeletalMeshes/emote-no.uasset" 3202
"C:/Users/dunnt/Documents/GitHub/UniGameProject1/OrbIt/Content/MainFolder/WorldBuilding/Models/GLB_format/character-ooli/SkeletalMeshes/emote-no.uexp" 3203
"C:/Users/dunnt/Documents/GitHub/UniGameProject1/OrbIt/Content/MainFolder/WorldBuilding/Models/GLB_format/character-ooli/SkeletalMeshes/drive.uasset" 3204
"C:/Users/dunnt/Documents/GitHub/UniGameProject1/OrbIt/Content/MainFolder/WorldBuilding/Models/GLB_format/character-ooli/SkeletalMeshes/drive.uexp" 3205
"C:/Users/dunnt/Documents/GitHub/UniGameProject1/OrbIt/Content/MainFolder/WorldBuilding/Models/GLB_format/character-ooli/SkeletalMeshes/die.uasset" 3206
"C:/Users/dunnt/Documents/GitHub/UniGameProject1/OrbIt/Content/MainFolder/WorldBuilding/Models/GLB_format/character-ooli/SkeletalMeshes/die.uexp" 3207
"C:/Users/dunnt/Documents/GitHub/UniGameProject1/OrbIt/Content/MainFolder/WorldBuilding/Models/GLB_format/character-ooli/SkeletalMeshes/crouch.uasset" 3208
"C:/Users/dunnt/Documents/GitHub/UniGameProject1/OrbIt/Content/MainFolder/WorldBuilding/Models/GLB_format/character-ooli/SkeletalMeshes/crouch.uexp" 3209
"C:/Users/dunnt/Documents/GitHub/UniGameProject1/OrbIt/Content/MainFolder/WorldBuilding/Models/GLB_format/character-ooli/SkeletalMeshes/attack-melee-right.uasset" 3210
"C:/Users/dunnt/Documents/GitHub/UniGameProject1/OrbIt/Content/MainFolder/WorldBuilding/Models/GLB_format/character-ooli/SkeletalMeshes/attack-melee-right.uexp" 3211
"C:/Users/dunnt/Documents/GitHub/UniGameProject1/OrbIt/Content/MainFolder/WorldBuilding/Models/GLB_format/character-ooli/SkeletalMeshes/attack-melee-left.uasset" 3212
"C:/Users/dunnt/Documents/GitHub/UniGameProject1/OrbIt/Content/MainFolder/WorldBuilding/Models/GLB_format/character-ooli/SkeletalMeshes/attack-melee-left.uexp" 3213
"C:/Users/dunnt/Documents/GitHub/UniGameProject1/OrbIt/Content/MainFolder/WorldBuilding/Models/GLB_format/character-ooli/SkeletalMeshes/attack-kick-right.uasset" 3214
"C:/Users/dunnt/Documents/GitHub/UniGameProject1/OrbIt/Content/MainFolder/WorldBuilding/Models/GLB_format/character-ooli/SkeletalMeshes/attack-kick-right.uexp" 3215
"C:/Users/dunnt/Documents/GitHub/UniGameProject1/OrbIt/Content/MainFolder/WorldBuilding/Models/GLB_format/character-ooli/SkeletalMeshes/attack-kick-left.uasset" 3216
"C:/Users/dunnt/Documents/GitHub/UniGameProject1/OrbIt/Content/MainFolder/WorldBuilding/Models/GLB_format/character-ooli/SkeletalMeshes/attack-kick-left.uexp" 3217
"C:/Users/dunnt/Documents/GitHub/UniGameProject1/OrbIt/Content/MainFolder/WorldBuilding/Models/GLB_format/character-oodi/SkeletalMeshes/character-oodi_Skeleton.uasset" 3218
"C:/Users/dunnt/Documents/GitHub/UniGameProject1/OrbIt/Content/MainFolder/WorldBuilding/Models/GLB_format/character-oodi/SkeletalMeshes/character-oodi_Skeleton.uexp" 3219
"C:/Users/dunnt/Documents/GitHub/UniGameProject1/OrbIt/Content/MainFolder/WorldBuilding/Models/GLB_format/character-oodi/SkeletalMeshes/walk.uasset" 3220
"C:/Users/dunnt/Documents/GitHub/UniGameProject1/OrbIt/Content/MainFolder/WorldBuilding/Models/GLB_format/character-oodi/SkeletalMeshes/walk.uexp" 3221
"C:/Users/dunnt/Documents/GitHub/UniGameProject1/OrbIt/Content/MainFolder/WorldBuilding/Models/GLB_format/character-oodi/SkeletalMeshes/static.uasset" 3222
"C:/Users/dunnt/Documents/GitHub/UniGameProject1/OrbIt/Content/MainFolder/WorldBuilding/Models/GLB_format/character-oodi/SkeletalMeshes/static.uexp" 3223
"C:/Users/dunnt/Documents/GitHub/UniGameProject1/OrbIt/Content/MainFolder/WorldBuilding/Models/GLB_format/character-oodi/SkeletalMeshes/sprint.uasset" 3224
"C:/Users/dunnt/Documents/GitHub/UniGameProject1/OrbIt/Content/MainFolder/WorldBuilding/Models/GLB_format/character-oodi/SkeletalMeshes/sprint.uexp" 3225
"C:/Users/dunnt/Documents/GitHub/UniGameProject1/OrbIt/Content/MainFolder/WorldBuilding/Models/GLB_format/character-oodi/SkeletalMeshes/sit.uasset" 3226
"C:/Users/dunnt/Documents/GitHub/UniGameProject1/OrbIt/Content/MainFolder/WorldBuilding/Models/GLB_format/character-oodi/SkeletalMeshes/sit.uexp" 3227
"C:/Users/dunnt/Documents/GitHub/UniGameProject1/OrbIt/Content/MainFolder/WorldBuilding/Models/GLB_format/character-oodi/SkeletalMeshes/pick-up.uasset" 3228
"C:/Users/dunnt/Documents/GitHub/UniGameProject1/OrbIt/Content/MainFolder/WorldBuilding/Models/GLB_format/character-oodi/SkeletalMeshes/pick-up.uexp" 3229
"C:/Users/dunnt/Documents/GitHub/UniGameProject1/OrbIt/Content/MainFolder/WorldBuilding/Models/GLB_format/character-oodi/SkeletalMeshes/jump.uasset" 3230
"C:/Users/dunnt/Documents/GitHub/UniGameProject1/OrbIt/Content/MainFolder/WorldBuilding/Models/GLB_format/character-oodi/SkeletalMeshes/jump.uexp" 3231
"C:/Users/dunnt/Documents/GitHub/UniGameProject1/OrbIt/Content/MainFolder/WorldBuilding/Models/GLB_format/character-oodi/SkeletalMeshes/interact-right.uasset" 3232
"C:/Users/dunnt/Documents/GitHub/UniGameProject1/OrbIt/Content/MainFolder/WorldBuilding/Models/GLB_format/character-oodi/SkeletalMeshes/interact-right.uexp" 3233
"C:/Users/dunnt/Documents/GitHub/UniGameProject1/OrbIt/Content/MainFolder/WorldBuilding/Models/GLB_format/character-oodi/SkeletalMeshes/interact-left.uasset" 3234
"C:/Users/dunnt/Documents/GitHub/UniGameProject1/OrbIt/Content/MainFolder/WorldBuilding/Models/GLB_format/character-oodi/SkeletalMeshes/interact-left.uexp" 3235
"C:/Users/dunnt/Documents/GitHub/UniGameProject1/OrbIt/Content/MainFolder/WorldBuilding/Models/GLB_format/character-oodi/SkeletalMeshes/idle.uasset" 3236
"C:/Users/dunnt/Documents/GitHub/UniGameProject1/OrbIt/Content/MainFolder/WorldBuilding/Models/GLB_format/character-oodi/SkeletalMeshes/idle.uexp" 3237
"C:/Users/dunnt/Documents/GitHub/UniGameProject1/OrbIt/Content/MainFolder/WorldBuilding/Models/GLB_format/character-oodi/SkeletalMeshes/holding-right.uasset" 3238
"C:/Users/dunnt/Documents/GitHub/UniGameProject1/OrbIt/Content/MainFolder/WorldBuilding/Models/GLB_format/character-oodi/SkeletalMeshes/holding-right.uexp" 3239
"C:/Users/dunnt/Documents/GitHub/UniGameProject1/OrbIt/Content/MainFolder/WorldBuilding/Models/GLB_format/character-oodi/SkeletalMeshes/holding-right-shoot.uasset" 3240
"C:/Users/dunnt/Documents/GitHub/UniGameProject1/OrbIt/Content/MainFolder/WorldBuilding/Models/GLB_format/character-oodi/SkeletalMeshes/holding-right-shoot.uexp" 3241
"C:/Users/dunnt/Documents/GitHub/UniGameProject1/OrbIt/Content/MainFolder/WorldBuilding/Models/GLB_format/character-oodi/SkeletalMeshes/holding-left.uasset" 3242
"C:/Users/dunnt/Documents/GitHub/UniGameProject1/OrbIt/Content/MainFolder/WorldBuilding/Models/GLB_format/character-oodi/SkeletalMeshes/holding-left.uexp" 3243
"C:/Users/dunnt/Documents/GitHub/UniGameProject1/OrbIt/Content/MainFolder/WorldBuilding/Models/GLB_format/character-oodi/SkeletalMeshes/holding-left-shoot.uasset" 3244
"C:/Users/dunnt/Documents/GitHub/UniGameProject1/OrbIt/Content/MainFolder/WorldBuilding/Models/GLB_format/character-oodi/SkeletalMeshes/holding-left-shoot.uexp" 3245
"C:/Users/dunnt/Documents/GitHub/UniGameProject1/OrbIt/Content/MainFolder/WorldBuilding/Models/GLB_format/character-oodi/SkeletalMeshes/holding-both.uasset" 3246
"C:/Users/dunnt/Documents/GitHub/UniGameProject1/OrbIt/Content/MainFolder/WorldBuilding/Models/GLB_format/character-oodi/SkeletalMeshes/holding-both.uexp" 3247
"C:/Users/dunnt/Documents/GitHub/UniGameProject1/OrbIt/Content/MainFolder/WorldBuilding/Models/GLB_format/character-oodi/SkeletalMeshes/holding-both-shoot.uasset" 3248
"C:/Users/dunnt/Documents/GitHub/UniGameProject1/OrbIt/Content/MainFolder/WorldBuilding/Models/GLB_format/character-oodi/SkeletalMeshes/holding-both-shoot.uexp" 3249
"C:/Users/dunnt/Documents/GitHub/UniGameProject1/OrbIt/Content/MainFolder/WorldBuilding/Models/GLB_format/character-oodi/SkeletalMeshes/fall.uasset" 3250
"C:/Users/dunnt/Documents/GitHub/UniGameProject1/OrbIt/Content/MainFolder/WorldBuilding/Models/GLB_format/character-oodi/SkeletalMeshes/fall.uexp" 3251
"C:/Users/dunnt/Documents/GitHub/UniGameProject1/OrbIt/Content/MainFolder/WorldBuilding/Models/GLB_format/character-oodi/SkeletalMeshes/emote-yes.uasset" 3252
"C:/Users/dunnt/Documents/GitHub/UniGameProject1/OrbIt/Content/MainFolder/WorldBuilding/Models/GLB_format/character-oodi/SkeletalMeshes/emote-yes.uexp" 3253
"C:/Users/dunnt/Documents/GitHub/UniGameProject1/OrbIt/Content/MainFolder/WorldBuilding/Models/GLB_format/character-oodi/SkeletalMeshes/emote-no.uasset" 3254
"C:/Users/dunnt/Documents/GitHub/UniGameProject1/OrbIt/Content/MainFolder/WorldBuilding/Models/GLB_format/character-oodi/SkeletalMeshes/emote-no.uexp" 3255
"C:/Users/dunnt/Documents/GitHub/UniGameProject1/OrbIt/Content/MainFolder/WorldBuilding/Models/GLB_format/character-oodi/SkeletalMeshes/drive.uasset" 3256
"C:/Users/dunnt/Documents/GitHub/UniGameProject1/OrbIt/Content/MainFolder/WorldBuilding/Models/GLB_format/character-oodi/SkeletalMeshes/drive.uexp" 3257
"C:/Users/dunnt/Documents/GitHub/UniGameProject1/OrbIt/Content/MainFolder/WorldBuilding/Models/GLB_format/character-oodi/SkeletalMeshes/die.uasset" 3258
"C:/Users/dunnt/Documents/GitHub/UniGameProject1/OrbIt/Content/MainFolder/WorldBuilding/Models/GLB_format/character-oodi/SkeletalMeshes/die.uexp" 3259
"C:/Users/dunnt/Documents/GitHub/UniGameProject1/OrbIt/Content/MainFolder/WorldBuilding/Models/GLB_format/character-oodi/SkeletalMeshes/crouch.uasset" 3260
"C:/Users/dunnt/Documents/GitHub/UniGameProject1/OrbIt/Content/MainFolder/WorldBuilding/Models/GLB_format/character-oodi/SkeletalMeshes/crouch.uexp" 3261
"C:/Users/dunnt/Documents/GitHub/UniGameProject1/OrbIt/Content/MainFolder/WorldBuilding/Models/GLB_format/character-oodi/SkeletalMeshes/attack-melee-right.uasset" 3262
"C:/Users/dunnt/Documents/GitHub/UniGameProject1/OrbIt/Content/MainFolder/WorldBuilding/Models/GLB_format/character-oodi/SkeletalMeshes/attack-melee-right.uexp" 3263
"C:/Users/dunnt/Documents/GitHub/UniGameProject1/OrbIt/Content/MainFolder/WorldBuilding/Models/GLB_format/character-oodi/SkeletalMeshes/attack-melee-left.uasset" 3264
"C:/Users/dunnt/Documents/GitHub/UniGameProject1/OrbIt/Content/MainFolder/WorldBuilding/Models/GLB_format/character-oodi/SkeletalMeshes/attack-melee-left.uexp" 3265
"C:/Users/dunnt/Documents/GitHub/UniGameProject1/OrbIt/Content/MainFolder/WorldBuilding/Models/GLB_format/character-oodi/SkeletalMeshes/attack-kick-right.uasset" 3266
"C:/Users/dunnt/Documents/GitHub/UniGameProject1/OrbIt/Content/MainFolder/WorldBuilding/Models/GLB_format/character-oodi/SkeletalMeshes/attack-kick-right.uexp" 3267
"C:/Users/dunnt/Documents/GitHub/UniGameProject1/OrbIt/Content/MainFolder/WorldBuilding/Models/GLB_format/character-oodi/SkeletalMeshes/attack-kick-left.uasset" 3268
"C:/Users/dunnt/Documents/GitHub/UniGameProject1/OrbIt/Content/MainFolder/WorldBuilding/Models/GLB_format/character-oodi/SkeletalMeshes/attack-kick-left.uexp" 3269
"C:/Users/dunnt/Documents/GitHub/UniGameProject1/OrbIt/Content/MainFolder/WorldBuilding/Models/GLB_format/character-oobi/SkeletalMeshes/character-oobi_Skeleton.uasset" 3270
"C:/Users/dunnt/Documents/GitHub/UniGameProject1/OrbIt/Content/MainFolder/WorldBuilding/Models/GLB_format/character-oobi/SkeletalMeshes/character-oobi_Skeleton.uexp" 3271
"C:/Users/dunnt/Documents/GitHub/UniGameProject1/OrbIt/Content/MainFolder/WorldBuilding/Models/GLB_format/character-oobi/SkeletalMeshes/walk.uasset" 3272
"C:/Users/dunnt/Documents/GitHub/UniGameProject1/OrbIt/Content/MainFolder/WorldBuilding/Models/GLB_format/character-oobi/SkeletalMeshes/walk.uexp" 3273
"C:/Users/dunnt/Documents/GitHub/UniGameProject1/OrbIt/Content/MainFolder/WorldBuilding/Models/GLB_format/character-oobi/SkeletalMeshes/static.uasset" 3274
"C:/Users/dunnt/Documents/GitHub/UniGameProject1/OrbIt/Content/MainFolder/WorldBuilding/Models/GLB_format/character-oobi/SkeletalMeshes/static.uexp" 3275
"C:/Users/dunnt/Documents/GitHub/UniGameProject1/OrbIt/Content/MainFolder/WorldBuilding/Models/GLB_format/character-oobi/SkeletalMeshes/sprint.uasset" 3276
"C:/Users/dunnt/Documents/GitHub/UniGameProject1/OrbIt/Content/MainFolder/WorldBuilding/Models/GLB_format/character-oobi/SkeletalMeshes/sprint.uexp" 3277
"C:/Users/dunnt/Documents/GitHub/UniGameProject1/OrbIt/Content/MainFolder/WorldBuilding/Models/GLB_format/character-oobi/SkeletalMeshes/sit.uasset" 3278
"C:/Users/dunnt/Documents/GitHub/UniGameProject1/OrbIt/Content/MainFolder/WorldBuilding/Models/GLB_format/character-oobi/SkeletalMeshes/sit.uexp" 3279
"C:/Users/dunnt/Documents/GitHub/UniGameProject1/OrbIt/Content/MainFolder/WorldBuilding/Models/GLB_format/character-oobi/SkeletalMeshes/pick-up.uasset" 3280
"C:/Users/dunnt/Documents/GitHub/UniGameProject1/OrbIt/Content/MainFolder/WorldBuilding/Models/GLB_format/character-oobi/SkeletalMeshes/pick-up.uexp" 3281
"C:/Users/dunnt/Documents/GitHub/UniGameProject1/OrbIt/Content/MainFolder/WorldBuilding/Models/GLB_format/character-oobi/SkeletalMeshes/jump.uasset" 3282
"C:/Users/dunnt/Documents/GitHub/UniGameProject1/OrbIt/Content/MainFolder/WorldBuilding/Models/GLB_format/character-oobi/SkeletalMeshes/jump.uexp" 3283
"C:/Users/dunnt/Documents/GitHub/UniGameProject1/OrbIt/Content/MainFolder/WorldBuilding/Models/GLB_format/character-oobi/SkeletalMeshes/interact-right.uasset" 3284
"C:/Users/dunnt/Documents/GitHub/UniGameProject1/OrbIt/Content/MainFolder/WorldBuilding/Models/GLB_format/character-oobi/SkeletalMeshes/interact-right.uexp" 3285
"C:/Users/dunnt/Documents/GitHub/UniGameProject1/OrbIt/Content/MainFolder/WorldBuilding/Models/GLB_format/character-oobi/SkeletalMeshes/interact-left.uasset" 3286
"C:/Users/dunnt/Documents/GitHub/UniGameProject1/OrbIt/Content/MainFolder/WorldBuilding/Models/GLB_format/character-oobi/SkeletalMeshes/interact-left.uexp" 3287
"C:/Users/dunnt/Documents/GitHub/UniGameProject1/OrbIt/Content/MainFolder/WorldBuilding/Models/GLB_format/character-oobi/SkeletalMeshes/idle.uasset" 3288
"C:/Users/dunnt/Documents/GitHub/UniGameProject1/OrbIt/Content/MainFolder/WorldBuilding/Models/GLB_format/character-oobi/SkeletalMeshes/idle.uexp" 3289
"C:/Users/dunnt/Documents/GitHub/UniGameProject1/OrbIt/Content/MainFolder/WorldBuilding/Models/GLB_format/character-oobi/SkeletalMeshes/holding-right.uasset" 3290
"C:/Users/dunnt/Documents/GitHub/UniGameProject1/OrbIt/Content/MainFolder/WorldBuilding/Models/GLB_format/character-oobi/SkeletalMeshes/holding-right.uexp" 3291
"C:/Users/dunnt/Documents/GitHub/UniGameProject1/OrbIt/Content/MainFolder/WorldBuilding/Models/GLB_format/character-oobi/SkeletalMeshes/holding-right-shoot.uasset" 3292
"C:/Users/dunnt/Documents/GitHub/UniGameProject1/OrbIt/Content/MainFolder/WorldBuilding/Models/GLB_format/character-oobi/SkeletalMeshes/holding-right-shoot.uexp" 3293
"C:/Users/dunnt/Documents/GitHub/UniGameProject1/OrbIt/Content/MainFolder/WorldBuilding/Models/GLB_format/character-oobi/SkeletalMeshes/holding-left.uasset" 3294
"C:/Users/dunnt/Documents/GitHub/UniGameProject1/OrbIt/Content/MainFolder/WorldBuilding/Models/GLB_format/character-oobi/SkeletalMeshes/holding-left.uexp" 3295
"C:/Users/dunnt/Documents/GitHub/UniGameProject1/OrbIt/Content/MainFolder/WorldBuilding/Models/GLB_format/character-oobi/SkeletalMeshes/holding-left-shoot.uasset" 3296
"C:/Users/dunnt/Documents/GitHub/UniGameProject1/OrbIt/Content/MainFolder/WorldBuilding/Models/GLB_format/character-oobi/SkeletalMeshes/holding-left-shoot.uexp" 3297
"C:/Users/dunnt/Documents/GitHub/UniGameProject1/OrbIt/Content/MainFolder/WorldBuilding/Models/GLB_format/character-oobi/SkeletalMeshes/holding-both.uasset" 3298
"C:/Users/dunnt/Documents/GitHub/UniGameProject1/OrbIt/Content/MainFolder/WorldBuilding/Models/GLB_format/character-oobi/SkeletalMeshes/holding-both.uexp" 3299
"C:/Users/dunnt/Documents/GitHub/UniGameProject1/OrbIt/Content/MainFolder/WorldBuilding/Models/GLB_format/character-oobi/SkeletalMeshes/holding-both-shoot.uasset" 3300
"C:/Users/dunnt/Documents/GitHub/UniGameProject1/OrbIt/Content/MainFolder/WorldBuilding/Models/GLB_format/character-oobi/SkeletalMeshes/holding-both-shoot.uexp" 3301
"C:/Users/dunnt/Documents/GitHub/UniGameProject1/OrbIt/Content/MainFolder/WorldBuilding/Models/GLB_format/character-oobi/SkeletalMeshes/fall.uasset" 3302
"C:/Users/dunnt/Documents/GitHub/UniGameProject1/OrbIt/Content/MainFolder/WorldBuilding/Models/GLB_format/character-oobi/SkeletalMeshes/fall.uexp" 3303
"C:/Users/dunnt/Documents/GitHub/UniGameProject1/OrbIt/Content/MainFolder/WorldBuilding/Models/GLB_format/character-oobi/SkeletalMeshes/emote-yes.uasset" 3304
"C:/Users/dunnt/Documents/GitHub/UniGameProject1/OrbIt/Content/MainFolder/WorldBuilding/Models/GLB_format/character-oobi/SkeletalMeshes/emote-yes.uexp" 3305
"C:/Users/dunnt/Documents/GitHub/UniGameProject1/OrbIt/Content/MainFolder/WorldBuilding/Models/GLB_format/character-oobi/SkeletalMeshes/emote-no.uasset" 3306
"C:/Users/dunnt/Documents/GitHub/UniGameProject1/OrbIt/Content/MainFolder/WorldBuilding/Models/GLB_format/character-oobi/SkeletalMeshes/emote-no.uexp" 3307
"C:/Users/dunnt/Documents/GitHub/UniGameProject1/OrbIt/Content/MainFolder/WorldBuilding/Models/GLB_format/character-oobi/SkeletalMeshes/drive.uasset" 3308
"C:/Users/dunnt/Documents/GitHub/UniGameProject1/OrbIt/Content/MainFolder/WorldBuilding/Models/GLB_format/character-oobi/SkeletalMeshes/drive.uexp" 3309
"C:/Users/dunnt/Documents/GitHub/UniGameProject1/OrbIt/Content/MainFolder/WorldBuilding/Models/GLB_format/character-oobi/SkeletalMeshes/die.uasset" 3310
"C:/Users/dunnt/Documents/GitHub/UniGameProject1/OrbIt/Content/MainFolder/WorldBuilding/Models/GLB_format/character-oobi/SkeletalMeshes/die.uexp" 3311
"C:/Users/dunnt/Documents/GitHub/UniGameProject1/OrbIt/Content/MainFolder/WorldBuilding/Models/GLB_format/character-oobi/SkeletalMeshes/crouch.uasset" 3312
"C:/Users/dunnt/Documents/GitHub/UniGameProject1/OrbIt/Content/MainFolder/WorldBuilding/Models/GLB_format/character-oobi/SkeletalMeshes/crouch.uexp" 3313
"C:/Users/dunnt/Documents/GitHub/UniGameProject1/OrbIt/Content/MainFolder/WorldBuilding/Models/GLB_format/character-oobi/SkeletalMeshes/attack-melee-right.uasset" 3314
"C:/Users/dunnt/Documents/GitHub/UniGameProject1/OrbIt/Content/MainFolder/WorldBuilding/Models/GLB_format/character-oobi/SkeletalMeshes/attack-melee-right.uexp" 3315
"C:/Users/dunnt/Documents/GitHub/UniGameProject1/OrbIt/Content/MainFolder/WorldBuilding/Models/GLB_format/character-oobi/SkeletalMeshes/attack-melee-left.uasset" 3316
"C:/Users/dunnt/Documents/GitHub/UniGameProject1/OrbIt/Content/MainFolder/WorldBuilding/Models/GLB_format/character-oobi/SkeletalMeshes/attack-melee-left.uexp" 3317
"C:/Users/dunnt/Documents/GitHub/UniGameProject1/OrbIt/Content/MainFolder/WorldBuilding/Models/GLB_format/character-oobi/SkeletalMeshes/attack-kick-right.uasset" 3318
"C:/Users/dunnt/Documents/GitHub/UniGameProject1/OrbIt/Content/MainFolder/WorldBuilding/Models/GLB_format/character-oobi/SkeletalMeshes/attack-kick-right.uexp" 3319
"C:/Users/dunnt/Documents/GitHub/UniGameProject1/OrbIt/Content/MainFolder/WorldBuilding/Models/GLB_format/character-oobi/SkeletalMeshes/attack-kick-left.uasset" 3320
"C:/Users/dunnt/Documents/GitHub/UniGameProject1/OrbIt/Content/MainFolder/WorldBuilding/Models/GLB_format/character-oobi/SkeletalMeshes/attack-kick-left.uexp" 3321
"C:/Users/dunnt/Documents/GitHub/UniGameProject1/OrbIt/Content/MainFolder/WorldBuilding/Models/GLB_format/button-square/SkeletalMeshes/button-square_Skeleton.uasset" 3322
"C:/Users/dunnt/Documents/GitHub/UniGameProject1/OrbIt/Content/MainFolder/WorldBuilding/Models/GLB_format/button-square/SkeletalMeshes/button-square_Skeleton.uexp" 3323
"C:/Users/dunnt/Documents/GitHub/UniGameProject1/OrbIt/Content/MainFolder/WorldBuilding/Models/GLB_format/button-square/SkeletalMeshes/toggle.uasset" 3324
"C:/Users/dunnt/Documents/GitHub/UniGameProject1/OrbIt/Content/MainFolder/WorldBuilding/Models/GLB_format/button-square/SkeletalMeshes/toggle.uexp" 3325
"C:/Users/dunnt/Documents/GitHub/UniGameProject1/OrbIt/Content/MainFolder/WorldBuilding/Models/GLB_format/button-square/SkeletalMeshes/toggle-on.uasset" 3326
"C:/Users/dunnt/Documents/GitHub/UniGameProject1/OrbIt/Content/MainFolder/WorldBuilding/Models/GLB_format/button-square/SkeletalMeshes/toggle-on.uexp" 3327
"C:/Users/dunnt/Documents/GitHub/UniGameProject1/OrbIt/Content/MainFolder/WorldBuilding/Models/GLB_format/button-square/SkeletalMeshes/toggle-off.uasset" 3328
"C:/Users/dunnt/Documents/GitHub/UniGameProject1/OrbIt/Content/MainFolder/WorldBuilding/Models/GLB_format/button-square/SkeletalMeshes/toggle-off.uexp" 3329
"C:/Users/dunnt/Documents/GitHub/UniGameProject1/OrbIt/Content/MainFolder/WorldBuilding/Models/GLB_format/button-round/SkeletalMeshes/button-round_Skeleton.uasset" 3330
"C:/Users/dunnt/Documents/GitHub/UniGameProject1/OrbIt/Content/MainFolder/WorldBuilding/Models/GLB_format/button-round/SkeletalMeshes/button-round_Skeleton.uexp" 3331
"C:/Users/dunnt/Documents/GitHub/UniGameProject1/OrbIt/Content/MainFolder/WorldBuilding/Models/GLB_format/button-round/SkeletalMeshes/toggle.uasset" 3332
"C:/Users/dunnt/Documents/GitHub/UniGameProject1/OrbIt/Content/MainFolder/WorldBuilding/Models/GLB_format/button-round/SkeletalMeshes/toggle.uexp" 3333
"C:/Users/dunnt/Documents/GitHub/UniGameProject1/OrbIt/Content/MainFolder/WorldBuilding/Models/GLB_format/button-round/SkeletalMeshes/toggle-on.uasset" 3334
"C:/Users/dunnt/Documents/GitHub/UniGameProject1/OrbIt/Content/MainFolder/WorldBuilding/Models/GLB_format/button-round/SkeletalMeshes/toggle-on.uexp" 3335
"C:/Users/dunnt/Documents/GitHub/UniGameProject1/OrbIt/Content/MainFolder/WorldBuilding/Models/GLB_format/button-round/SkeletalMeshes/toggle-off.uasset" 3336
"C:/Users/dunnt/Documents/GitHub/UniGameProject1/OrbIt/Content/MainFolder/WorldBuilding/Models/GLB_format/button-round/SkeletalMeshes/toggle-off.uexp" 3337
"C:/Users/dunnt/Documents/GitHub/UniGameProject1/OrbIt/Content/MainFolder/WorldBuilding/Models/GLB_format/brick/Textures/colormap.ubulk" 3338
"C:/Users/dunnt/Documents/GitHub/UniGameProject1/OrbIt/Content/MainFolder/WorldBuilding/Models/GLB_format/brick/Textures/colormap.uasset" 3339
"C:/Users/dunnt/Documents/GitHub/UniGameProject1/OrbIt/Content/MainFolder/WorldBuilding/Models/GLB_format/brick/Textures/colormap.uexp" 3340
"C:/Users/dunnt/Documents/GitHub/UniGameProject1/OrbIt/Content/MainFolder/WorldBuilding/Models/GLB_format/brick/Materials/colormap.uasset" 3341
"C:/Users/dunnt/Documents/GitHub/UniGameProject1/OrbIt/Content/MainFolder/WorldBuilding/Models/GLB_format/brick/Materials/colormap.uexp" 3342
"C:/Users/dunnt/Documents/GitHub/UniGameProject1/OrbIt/Content/MainFolder/WorldBuilding/Models/GLB_format/brick/StaticMeshes/brick.ubulk" 3343
"C:/Users/dunnt/Documents/GitHub/UniGameProject1/OrbIt/Content/MainFolder/WorldBuilding/Models/GLB_format/brick/StaticMeshes/brick.uasset" 3344
"C:/Users/dunnt/Documents/GitHub/UniGameProject1/OrbIt/Content/MainFolder/WorldBuilding/Models/GLB_format/brick/StaticMeshes/brick.uexp" 3345
"C:/Users/dunnt/Documents/GitHub/UniGameProject1/OrbIt/Content/MainFolder/WorldBuilding/Models/GLB_format/bomb/Textures/colormap.ubulk" 3346
"C:/Users/dunnt/Documents/GitHub/UniGameProject1/OrbIt/Content/MainFolder/WorldBuilding/Models/GLB_format/bomb/Textures/colormap.uasset" 3347
"C:/Users/dunnt/Documents/GitHub/UniGameProject1/OrbIt/Content/MainFolder/WorldBuilding/Models/GLB_format/bomb/Textures/colormap.uexp" 3348
"C:/Users/dunnt/Documents/GitHub/UniGameProject1/OrbIt/Content/MainFolder/WorldBuilding/Models/GLB_format/bomb/Materials/colormap.uasset" 3349
"C:/Users/dunnt/Documents/GitHub/UniGameProject1/OrbIt/Content/MainFolder/WorldBuilding/Models/GLB_format/bomb/Materials/colormap.uexp" 3350
"C:/Users/dunnt/Documents/GitHub/UniGameProject1/OrbIt/Content/MainFolder/WorldBuilding/Models/GLB_format/bomb/StaticMeshes/bomb.ubulk" 3351
"C:/Users/dunnt/Documents/GitHub/UniGameProject1/OrbIt/Content/MainFolder/WorldBuilding/Models/GLB_format/bomb/StaticMeshes/bomb.uasset" 3352
"C:/Users/dunnt/Documents/GitHub/UniGameProject1/OrbIt/Content/MainFolder/WorldBuilding/Models/GLB_format/bomb/StaticMeshes/bomb.uexp" 3353
"C:/Users/dunnt/Documents/GitHub/UniGameProject1/OrbIt/Content/MainFolder/WorldBuilding/Models/GLB_format/block-snow-overhang-narrow/Textures/colormap.ubulk" 3354
"C:/Users/dunnt/Documents/GitHub/UniGameProject1/OrbIt/Content/MainFolder/WorldBuilding/Models/GLB_format/block-snow-overhang-narrow/Textures/colormap.uasset" 3355
"C:/Users/dunnt/Documents/GitHub/UniGameProject1/OrbIt/Content/MainFolder/WorldBuilding/Models/GLB_format/block-snow-overhang-narrow/Textures/colormap.uexp" 3356
"C:/Users/dunnt/Documents/GitHub/UniGameProject1/OrbIt/Content/MainFolder/WorldBuilding/Models/GLB_format/block-snow-overhang-narrow/Materials/colormap.uasset" 3357
"C:/Users/dunnt/Documents/GitHub/UniGameProject1/OrbIt/Content/MainFolder/WorldBuilding/Models/GLB_format/block-snow-overhang-narrow/Materials/colormap.uexp" 3358
"C:/Users/dunnt/Documents/GitHub/UniGameProject1/OrbIt/Content/MainFolder/WorldBuilding/Models/GLB_format/block-snow-overhang-narrow/StaticMeshes/block-snow-overhang-narrow.ubulk" 3359
"C:/Users/dunnt/Documents/GitHub/UniGameProject1/OrbIt/Content/MainFolder/WorldBuilding/Models/GLB_format/block-snow-overhang-narrow/StaticMeshes/block-snow-overhang-narrow.uasset" 3360
"C:/Users/dunnt/Documents/GitHub/UniGameProject1/OrbIt/Content/MainFolder/WorldBuilding/Models/GLB_format/block-snow-overhang-narrow/StaticMeshes/block-snow-overhang-narrow.uexp" 3361
"C:/Users/dunnt/Documents/GitHub/UniGameProject1/OrbIt/Content/MainFolder/WorldBuilding/Models/GLB_format/block-snow-overhang-low-narrow/Textures/colormap.ubulk" 3362
"C:/Users/dunnt/Documents/GitHub/UniGameProject1/OrbIt/Content/MainFolder/WorldBuilding/Models/GLB_format/block-snow-overhang-low-narrow/Textures/colormap.uasset" 3363
"C:/Users/dunnt/Documents/GitHub/UniGameProject1/OrbIt/Content/MainFolder/WorldBuilding/Models/GLB_format/block-snow-overhang-low-narrow/Textures/colormap.uexp" 3364
"C:/Users/dunnt/Documents/GitHub/UniGameProject1/OrbIt/Content/MainFolder/WorldBuilding/Models/GLB_format/block-snow-overhang-low-narrow/Materials/colormap.uasset" 3365
"C:/Users/dunnt/Documents/GitHub/UniGameProject1/OrbIt/Content/MainFolder/WorldBuilding/Models/GLB_format/block-snow-overhang-low-narrow/Materials/colormap.uexp" 3366
"C:/Users/dunnt/Documents/GitHub/UniGameProject1/OrbIt/Content/MainFolder/WorldBuilding/Models/GLB_format/block-snow-overhang-low-narrow/StaticMeshes/block-snow-overhang-low-narrow.ubulk" 3367
"C:/Users/dunnt/Documents/GitHub/UniGameProject1/OrbIt/Content/MainFolder/WorldBuilding/Models/GLB_format/block-snow-overhang-low-narrow/StaticMeshes/block-snow-overhang-low-narrow.uasset" 3368
"C:/Users/dunnt/Documents/GitHub/UniGameProject1/OrbIt/Content/MainFolder/WorldBuilding/Models/GLB_format/block-snow-overhang-low-narrow/StaticMeshes/block-snow-overhang-low-narrow.uexp" 3369
"C:/Users/dunnt/Documents/GitHub/UniGameProject1/OrbIt/Content/MainFolder/WorldBuilding/Models/GLB_format/block-snow-overhang-low-long/Textures/colormap.ubulk" 3370
"C:/Users/dunnt/Documents/GitHub/UniGameProject1/OrbIt/Content/MainFolder/WorldBuilding/Models/GLB_format/block-snow-overhang-low-long/Textures/colormap.uasset" 3371
"C:/Users/dunnt/Documents/GitHub/UniGameProject1/OrbIt/Content/MainFolder/WorldBuilding/Models/GLB_format/block-snow-overhang-low-long/Textures/colormap.uexp" 3372
"C:/Users/dunnt/Documents/GitHub/UniGameProject1/OrbIt/Content/MainFolder/WorldBuilding/Models/GLB_format/block-snow-overhang-low-long/Materials/colormap.uasset" 3373
"C:/Users/dunnt/Documents/GitHub/UniGameProject1/OrbIt/Content/MainFolder/WorldBuilding/Models/GLB_format/block-snow-overhang-low-long/Materials/colormap.uexp" 3374
"C:/Users/dunnt/Documents/GitHub/UniGameProject1/OrbIt/Content/MainFolder/WorldBuilding/Models/GLB_format/block-snow-overhang-low-long/StaticMeshes/block-snow-overhang-low-long.ubulk" 3375
"C:/Users/dunnt/Documents/GitHub/UniGameProject1/OrbIt/Content/MainFolder/WorldBuilding/Models/GLB_format/block-snow-overhang-low-long/StaticMeshes/block-snow-overhang-low-long.uasset" 3376
"C:/Users/dunnt/Documents/GitHub/UniGameProject1/OrbIt/Content/MainFolder/WorldBuilding/Models/GLB_format/block-snow-overhang-low-long/StaticMeshes/block-snow-overhang-low-long.uexp" 3377
"C:/Users/dunnt/Documents/GitHub/UniGameProject1/OrbIt/Content/MainFolder/WorldBuilding/Models/GLB_format/block-snow-overhang-low-large/Textures/colormap.ubulk" 3378
"C:/Users/dunnt/Documents/GitHub/UniGameProject1/OrbIt/Content/MainFolder/WorldBuilding/Models/GLB_format/block-snow-overhang-low-large/Textures/colormap.uasset" 3379
"C:/Users/dunnt/Documents/GitHub/UniGameProject1/OrbIt/Content/MainFolder/WorldBuilding/Models/GLB_format/block-snow-overhang-low-large/Textures/colormap.uexp" 3380
"C:/Users/dunnt/Documents/GitHub/UniGameProject1/OrbIt/Content/MainFolder/WorldBuilding/Models/GLB_format/block-snow-overhang-low-large/Materials/colormap.uasset" 3381
"C:/Users/dunnt/Documents/GitHub/UniGameProject1/OrbIt/Content/MainFolder/WorldBuilding/Models/GLB_format/block-snow-overhang-low-large/Materials/colormap.uexp" 3382
"C:/Users/dunnt/Documents/GitHub/UniGameProject1/OrbIt/Content/MainFolder/WorldBuilding/Models/GLB_format/block-snow-overhang-low-large/StaticMeshes/block-snow-overhang-low-large.ubulk" 3383
"C:/Users/dunnt/Documents/GitHub/UniGameProject1/OrbIt/Content/MainFolder/WorldBuilding/Models/GLB_format/block-snow-overhang-low-large/StaticMeshes/block-snow-overhang-low-large.uasset" 3384
"C:/Users/dunnt/Documents/GitHub/UniGameProject1/OrbIt/Content/MainFolder/WorldBuilding/Models/GLB_format/block-snow-overhang-low-large/StaticMeshes/block-snow-overhang-low-large.uexp" 3385
"C:/Users/dunnt/Documents/GitHub/UniGameProject1/OrbIt/Content/MainFolder/WorldBuilding/Models/GLB_format/block-snow-overhang-low-hexagon/Textures/colormap.ubulk" 3386
"C:/Users/dunnt/Documents/GitHub/UniGameProject1/OrbIt/Content/MainFolder/WorldBuilding/Models/GLB_format/block-snow-overhang-low-hexagon/Textures/colormap.uasset" 3387
"C:/Users/dunnt/Documents/GitHub/UniGameProject1/OrbIt/Content/MainFolder/WorldBuilding/Models/GLB_format/block-snow-overhang-low-hexagon/Textures/colormap.uexp" 3388
"C:/Users/dunnt/Documents/GitHub/UniGameProject1/OrbIt/Content/MainFolder/WorldBuilding/Models/GLB_format/block-snow-overhang-low-hexagon/Materials/colormap.uasset" 3389
"C:/Users/dunnt/Documents/GitHub/UniGameProject1/OrbIt/Content/MainFolder/WorldBuilding/Models/GLB_format/block-snow-overhang-low-hexagon/Materials/colormap.uexp" 3390
"C:/Users/dunnt/Documents/GitHub/UniGameProject1/OrbIt/Content/MainFolder/WorldBuilding/Models/GLB_format/block-snow-overhang-low-hexagon/StaticMeshes/block-snow-overhang-low-hexagon.ubulk" 3391
"C:/Users/dunnt/Documents/GitHub/UniGameProject1/OrbIt/Content/MainFolder/WorldBuilding/Models/GLB_format/block-snow-overhang-low-hexagon/StaticMeshes/block-snow-overhang-low-hexagon.uasset" 3392
"C:/Users/dunnt/Documents/GitHub/UniGameProject1/OrbIt/Content/MainFolder/WorldBuilding/Models/GLB_format/block-snow-overhang-low-hexagon/StaticMeshes/block-snow-overhang-low-hexagon.uexp" 3393
"C:/Users/dunnt/Documents/GitHub/UniGameProject1/OrbIt/Content/MainFolder/WorldBuilding/Models/GLB_format/block-snow-overhang-low/Textures/colormap.ubulk" 3394
"C:/Users/dunnt/Documents/GitHub/UniGameProject1/OrbIt/Content/MainFolder/WorldBuilding/Models/GLB_format/block-snow-overhang-low/Textures/colormap.uasset" 3395
"C:/Users/dunnt/Documents/GitHub/UniGameProject1/OrbIt/Content/MainFolder/WorldBuilding/Models/GLB_format/block-snow-overhang-low/Textures/colormap.uexp" 3396
"C:/Users/dunnt/Documents/GitHub/UniGameProject1/OrbIt/Content/MainFolder/WorldBuilding/Models/GLB_format/block-snow-overhang-low/Materials/colormap.uasset" 3397
"C:/Users/dunnt/Documents/GitHub/UniGameProject1/OrbIt/Content/MainFolder/WorldBuilding/Models/GLB_format/block-snow-overhang-low/Materials/colormap.uexp" 3398
"C:/Users/dunnt/Documents/GitHub/UniGameProject1/OrbIt/Content/MainFolder/WorldBuilding/Models/GLB_format/block-snow-overhang-low/StaticMeshes/block-snow-overhang-low.ubulk" 3399
"C:/Users/dunnt/Documents/GitHub/UniGameProject1/OrbIt/Content/MainFolder/WorldBuilding/Models/GLB_format/block-snow-overhang-low/StaticMeshes/block-snow-overhang-low.uasset" 3400
"C:/Users/dunnt/Documents/GitHub/UniGameProject1/OrbIt/Content/MainFolder/WorldBuilding/Models/GLB_format/block-snow-overhang-low/StaticMeshes/block-snow-overhang-low.uexp" 3401
"C:/Users/dunnt/Documents/GitHub/UniGameProject1/OrbIt/Content/MainFolder/WorldBuilding/Models/GLB_format/block-snow-overhang-long/Textures/colormap.ubulk" 3402
"C:/Users/dunnt/Documents/GitHub/UniGameProject1/OrbIt/Content/MainFolder/WorldBuilding/Models/GLB_format/block-snow-overhang-long/Textures/colormap.uasset" 3403
"C:/Users/dunnt/Documents/GitHub/UniGameProject1/OrbIt/Content/MainFolder/WorldBuilding/Models/GLB_format/block-snow-overhang-long/Textures/colormap.uexp" 3404
"C:/Users/dunnt/Documents/GitHub/UniGameProject1/OrbIt/Content/MainFolder/WorldBuilding/Models/GLB_format/block-snow-overhang-long/Materials/colormap.uasset" 3405
"C:/Users/dunnt/Documents/GitHub/UniGameProject1/OrbIt/Content/MainFolder/WorldBuilding/Models/GLB_format/block-snow-overhang-long/Materials/colormap.uexp" 3406
"C:/Users/dunnt/Documents/GitHub/UniGameProject1/OrbIt/Content/MainFolder/WorldBuilding/Models/GLB_format/block-snow-overhang-long/StaticMeshes/block-snow-overhang-long.ubulk" 3407
"C:/Users/dunnt/Documents/GitHub/UniGameProject1/OrbIt/Content/MainFolder/WorldBuilding/Models/GLB_format/block-snow-overhang-long/StaticMeshes/block-snow-overhang-long.uasset" 3408
"C:/Users/dunnt/Documents/GitHub/UniGameProject1/OrbIt/Content/MainFolder/WorldBuilding/Models/GLB_format/block-snow-overhang-long/StaticMeshes/block-snow-overhang-long.uexp" 3409
"C:/Users/dunnt/Documents/GitHub/UniGameProject1/OrbIt/Content/MainFolder/WorldBuilding/Models/GLB_format/block-snow-overhang-large-tall/Textures/colormap.ubulk" 3410
"C:/Users/dunnt/Documents/GitHub/UniGameProject1/OrbIt/Content/MainFolder/WorldBuilding/Models/GLB_format/block-snow-overhang-large-tall/Textures/colormap.uasset" 3411
"C:/Users/dunnt/Documents/GitHub/UniGameProject1/OrbIt/Content/MainFolder/WorldBuilding/Models/GLB_format/block-snow-overhang-large-tall/Textures/colormap.uexp" 3412
"C:/Users/dunnt/Documents/GitHub/UniGameProject1/OrbIt/Content/MainFolder/WorldBuilding/Models/GLB_format/block-snow-overhang-large-tall/Materials/colormap.uasset" 3413
"C:/Users/dunnt/Documents/GitHub/UniGameProject1/OrbIt/Content/MainFolder/WorldBuilding/Models/GLB_format/block-snow-overhang-large-tall/Materials/colormap.uexp" 3414
"C:/Users/dunnt/Documents/GitHub/UniGameProject1/OrbIt/Content/MainFolder/WorldBuilding/Models/GLB_format/block-snow-overhang-large-tall/StaticMeshes/block-snow-overhang-large-tall.ubulk" 3415
"C:/Users/dunnt/Documents/GitHub/UniGameProject1/OrbIt/Content/MainFolder/WorldBuilding/Models/GLB_format/block-snow-overhang-large-tall/StaticMeshes/block-snow-overhang-large-tall.uasset" 3416
"C:/Users/dunnt/Documents/GitHub/UniGameProject1/OrbIt/Content/MainFolder/WorldBuilding/Models/GLB_format/block-snow-overhang-large-tall/StaticMeshes/block-snow-overhang-large-tall.uexp" 3417
"C:/Users/dunnt/Documents/GitHub/UniGameProject1/OrbIt/Content/MainFolder/WorldBuilding/Models/GLB_format/block-snow-overhang-large-slope-steep-narrow/Textures/colormap.ubulk" 3418
"C:/Users/dunnt/Documents/GitHub/UniGameProject1/OrbIt/Content/MainFolder/WorldBuilding/Models/GLB_format/block-snow-overhang-large-slope-steep-narrow/Textures/colormap.uasset" 3419
"C:/Users/dunnt/Documents/GitHub/UniGameProject1/OrbIt/Content/MainFolder/WorldBuilding/Models/GLB_format/block-snow-overhang-large-slope-steep-narrow/Textures/colormap.uexp" 3420
"C:/Users/dunnt/Documents/GitHub/UniGameProject1/OrbIt/Content/MainFolder/WorldBuilding/Models/GLB_format/block-snow-overhang-large-slope-steep-narrow/Materials/colormap.uasset" 3421
"C:/Users/dunnt/Documents/GitHub/UniGameProject1/OrbIt/Content/MainFolder/WorldBuilding/Models/GLB_format/block-snow-overhang-large-slope-steep-narrow/Materials/colormap.uexp" 3422
"C:/Users/dunnt/Documents/GitHub/UniGameProject1/OrbIt/Content/MainFolder/WorldBuilding/Models/GLB_format/block-snow-overhang-large-slope-steep-narrow/StaticMeshes/block-snow-overhang-large-slope-steep-narrow.ubulk" 3423
"C:/Users/dunnt/Documents/GitHub/UniGameProject1/OrbIt/Content/MainFolder/WorldBuilding/Models/GLB_format/block-snow-overhang-large-slope-steep-narrow/StaticMeshes/block-snow-overhang-large-slope-steep-narrow.uasset" 3424
"C:/Users/dunnt/Documents/GitHub/UniGameProject1/OrbIt/Content/MainFolder/WorldBuilding/Models/GLB_format/block-snow-overhang-large-slope-steep-narrow/StaticMeshes/block-snow-overhang-large-slope-steep-narrow.uexp" 3425
"C:/Users/dunnt/Documents/GitHub/UniGameProject1/OrbIt/Content/MainFolder/WorldBuilding/Models/GLB_format/block-snow-overhang-large-slope-steep/Textures/colormap.ubulk" 3426
"C:/Users/dunnt/Documents/GitHub/UniGameProject1/OrbIt/Content/MainFolder/WorldBuilding/Models/GLB_format/block-snow-overhang-large-slope-steep/Textures/colormap.uasset" 3427
"C:/Users/dunnt/Documents/GitHub/UniGameProject1/OrbIt/Content/MainFolder/WorldBuilding/Models/GLB_format/block-snow-overhang-large-slope-steep/Textures/colormap.uexp" 3428
"C:/Users/dunnt/Documents/GitHub/UniGameProject1/OrbIt/Content/MainFolder/WorldBuilding/Models/GLB_format/block-snow-overhang-large-slope-steep/Materials/colormap.uasset" 3429
"C:/Users/dunnt/Documents/GitHub/UniGameProject1/OrbIt/Content/MainFolder/WorldBuilding/Models/GLB_format/block-snow-overhang-large-slope-steep/Materials/colormap.uexp" 3430
"C:/Users/dunnt/Documents/GitHub/UniGameProject1/OrbIt/Content/MainFolder/WorldBuilding/Models/GLB_format/block-snow-overhang-large-slope-steep/StaticMeshes/block-snow-overhang-large-slope-steep.ubulk" 3431
"C:/Users/dunnt/Documents/GitHub/UniGameProject1/OrbIt/Content/MainFolder/WorldBuilding/Models/GLB_format/block-snow-overhang-large-slope-steep/StaticMeshes/block-snow-overhang-large-slope-steep.uasset" 3432
"C:/Users/dunnt/Documents/GitHub/UniGameProject1/OrbIt/Content/MainFolder/WorldBuilding/Models/GLB_format/block-snow-overhang-large-slope-steep/StaticMeshes/block-snow-overhang-large-slope-steep.uexp" 3433
"C:/Users/dunnt/Documents/GitHub/UniGameProject1/OrbIt/Content/MainFolder/WorldBuilding/Models/GLB_format/block-snow-overhang-large-slope-narrow/Textures/colormap.ubulk" 3434
"C:/Users/dunnt/Documents/GitHub/UniGameProject1/OrbIt/Content/MainFolder/WorldBuilding/Models/GLB_format/block-snow-overhang-large-slope-narrow/Textures/colormap.uasset" 3435
"C:/Users/dunnt/Documents/GitHub/UniGameProject1/OrbIt/Content/MainFolder/WorldBuilding/Models/GLB_format/block-snow-overhang-large-slope-narrow/Textures/colormap.uexp" 3436
"C:/Users/dunnt/Documents/GitHub/UniGameProject1/OrbIt/Content/MainFolder/WorldBuilding/Models/GLB_format/block-snow-overhang-large-slope-narrow/Materials/colormap.uasset" 3437
"C:/Users/dunnt/Documents/GitHub/UniGameProject1/OrbIt/Content/MainFolder/WorldBuilding/Models/GLB_format/block-snow-overhang-large-slope-narrow/Materials/colormap.uexp" 3438
"C:/Users/dunnt/Documents/GitHub/UniGameProject1/OrbIt/Content/MainFolder/WorldBuilding/Models/GLB_format/block-snow-overhang-large-slope-narrow/StaticMeshes/block-snow-overhang-large-slope-narrow.ubulk" 3439
"C:/Users/dunnt/Documents/GitHub/UniGameProject1/OrbIt/Content/MainFolder/WorldBuilding/Models/GLB_format/block-snow-overhang-large-slope-narrow/StaticMeshes/block-snow-overhang-large-slope-narrow.uasset" 3440
"C:/Users/dunnt/Documents/GitHub/UniGameProject1/OrbIt/Content/MainFolder/WorldBuilding/Models/GLB_format/block-snow-overhang-large-slope-narrow/StaticMeshes/block-snow-overhang-large-slope-narrow.uexp" 3441
"C:/Users/dunnt/Documents/GitHub/UniGameProject1/OrbIt/Content/MainFolder/WorldBuilding/Models/GLB_format/block-snow-overhang-large-slope/Textures/colormap.ubulk" 3442
"C:/Users/dunnt/Documents/GitHub/UniGameProject1/OrbIt/Content/MainFolder/WorldBuilding/Models/GLB_format/block-snow-overhang-large-slope/Textures/colormap.uasset" 3443
"C:/Users/dunnt/Documents/GitHub/UniGameProject1/OrbIt/Content/MainFolder/WorldBuilding/Models/GLB_format/block-snow-overhang-large-slope/Textures/colormap.uexp" 3444
"C:/Users/dunnt/Documents/GitHub/UniGameProject1/OrbIt/Content/MainFolder/WorldBuilding/Models/GLB_format/block-snow-overhang-large-slope/Materials/colormap.uasset" 3445
"C:/Users/dunnt/Documents/GitHub/UniGameProject1/OrbIt/Content/MainFolder/WorldBuilding/Models/GLB_format/block-snow-overhang-large-slope/Materials/colormap.uexp" 3446
"C:/Users/dunnt/Documents/GitHub/UniGameProject1/OrbIt/Content/MainFolder/WorldBuilding/Models/GLB_format/block-snow-overhang-large-slope/StaticMeshes/block-snow-overhang-large-slope.ubulk" 3447
"C:/Users/dunnt/Documents/GitHub/UniGameProject1/OrbIt/Content/MainFolder/WorldBuilding/Models/GLB_format/block-snow-overhang-large-slope/StaticMeshes/block-snow-overhang-large-slope.uasset" 3448
"C:/Users/dunnt/Documents/GitHub/UniGameProject1/OrbIt/Content/MainFolder/WorldBuilding/Models/GLB_format/block-snow-overhang-large-slope/StaticMeshes/block-snow-overhang-large-slope.uexp" 3449
"C:/Users/dunnt/Documents/GitHub/UniGameProject1/OrbIt/Content/MainFolder/WorldBuilding/Models/GLB_format/block-snow-overhang-large/Textures/colormap.ubulk" 3450
"C:/Users/dunnt/Documents/GitHub/UniGameProject1/OrbIt/Content/MainFolder/WorldBuilding/Models/GLB_format/block-snow-overhang-large/Textures/colormap.uasset" 3451
"C:/Users/dunnt/Documents/GitHub/UniGameProject1/OrbIt/Content/MainFolder/WorldBuilding/Models/GLB_format/block-snow-overhang-large/Textures/colormap.uexp" 3452
"C:/Users/dunnt/Documents/GitHub/UniGameProject1/OrbIt/Content/MainFolder/WorldBuilding/Models/GLB_format/block-snow-overhang-large/Materials/colormap.uasset" 3453
"C:/Users/dunnt/Documents/GitHub/UniGameProject1/OrbIt/Content/MainFolder/WorldBuilding/Models/GLB_format/block-snow-overhang-large/Materials/colormap.uexp" 3454
"C:/Users/dunnt/Documents/GitHub/UniGameProject1/OrbIt/Content/MainFolder/WorldBuilding/Models/GLB_format/block-snow-overhang-large/StaticMeshes/block-snow-overhang-large.ubulk" 3455
"C:/Users/dunnt/Documents/GitHub/UniGameProject1/OrbIt/Content/MainFolder/WorldBuilding/Models/GLB_format/block-snow-overhang-large/StaticMeshes/block-snow-overhang-large.uasset" 3456
"C:/Users/dunnt/Documents/GitHub/UniGameProject1/OrbIt/Content/MainFolder/WorldBuilding/Models/GLB_format/block-snow-overhang-large/StaticMeshes/block-snow-overhang-large.uexp" 3457
"C:/Users/dunnt/Documents/GitHub/UniGameProject1/OrbIt/Content/MainFolder/WorldBuilding/Models/GLB_format/block-snow-overhang-hexagon/Textures/colormap.ubulk" 3458
"C:/Users/dunnt/Documents/GitHub/UniGameProject1/OrbIt/Content/MainFolder/WorldBuilding/Models/GLB_format/block-snow-overhang-hexagon/Textures/colormap.uasset" 3459
"C:/Users/dunnt/Documents/GitHub/UniGameProject1/OrbIt/Content/MainFolder/WorldBuilding/Models/GLB_format/block-snow-overhang-hexagon/Textures/colormap.uexp" 3460
"C:/Users/dunnt/Documents/GitHub/UniGameProject1/OrbIt/Content/MainFolder/WorldBuilding/Models/GLB_format/block-snow-overhang-hexagon/Materials/colormap.uasset" 3461
"C:/Users/dunnt/Documents/GitHub/UniGameProject1/OrbIt/Content/MainFolder/WorldBuilding/Models/GLB_format/block-snow-overhang-hexagon/Materials/colormap.uexp" 3462
"C:/Users/dunnt/Documents/GitHub/UniGameProject1/OrbIt/Content/MainFolder/WorldBuilding/Models/GLB_format/block-snow-overhang-hexagon/StaticMeshes/block-snow-overhang-hexagon.ubulk" 3463
"C:/Users/dunnt/Documents/GitHub/UniGameProject1/OrbIt/Content/MainFolder/WorldBuilding/Models/GLB_format/block-snow-overhang-hexagon/StaticMeshes/block-snow-overhang-hexagon.uasset" 3464
"C:/Users/dunnt/Documents/GitHub/UniGameProject1/OrbIt/Content/MainFolder/WorldBuilding/Models/GLB_format/block-snow-overhang-hexagon/StaticMeshes/block-snow-overhang-hexagon.uexp" 3465
"C:/Users/dunnt/Documents/GitHub/UniGameProject1/OrbIt/Content/MainFolder/WorldBuilding/Models/GLB_format/block-snow-overhang-edge/Textures/colormap.ubulk" 3466
"C:/Users/dunnt/Documents/GitHub/UniGameProject1/OrbIt/Content/MainFolder/WorldBuilding/Models/GLB_format/block-snow-overhang-edge/Textures/colormap.uasset" 3467
"C:/Users/dunnt/Documents/GitHub/UniGameProject1/OrbIt/Content/MainFolder/WorldBuilding/Models/GLB_format/block-snow-overhang-edge/Textures/colormap.uexp" 3468
"C:/Users/dunnt/Documents/GitHub/UniGameProject1/OrbIt/Content/MainFolder/WorldBuilding/Models/GLB_format/block-snow-overhang-edge/Materials/colormap.uasset" 3469
"C:/Users/dunnt/Documents/GitHub/UniGameProject1/OrbIt/Content/MainFolder/WorldBuilding/Models/GLB_format/block-snow-overhang-edge/Materials/colormap.uexp" 3470
"C:/Users/dunnt/Documents/GitHub/UniGameProject1/OrbIt/Content/MainFolder/WorldBuilding/Models/GLB_format/block-snow-overhang-edge/StaticMeshes/block-snow-overhang-edge.ubulk" 3471
"C:/Users/dunnt/Documents/GitHub/UniGameProject1/OrbIt/Content/MainFolder/WorldBuilding/Models/GLB_format/block-snow-overhang-edge/StaticMeshes/block-snow-overhang-edge.uasset" 3472
"C:/Users/dunnt/Documents/GitHub/UniGameProject1/OrbIt/Content/MainFolder/WorldBuilding/Models/GLB_format/block-snow-overhang-edge/StaticMeshes/block-snow-overhang-edge.uexp" 3473
"C:/Users/dunnt/Documents/GitHub/UniGameProject1/OrbIt/Content/MainFolder/WorldBuilding/Models/GLB_format/block-snow-overhang-corner/Textures/colormap.ubulk" 3474
"C:/Users/dunnt/Documents/GitHub/UniGameProject1/OrbIt/Content/MainFolder/WorldBuilding/Models/GLB_format/block-snow-overhang-corner/Textures/colormap.uasset" 3475
"C:/Users/dunnt/Documents/GitHub/UniGameProject1/OrbIt/Content/MainFolder/WorldBuilding/Models/GLB_format/block-snow-overhang-corner/Textures/colormap.uexp" 3476
"C:/Users/dunnt/Documents/GitHub/UniGameProject1/OrbIt/Content/MainFolder/WorldBuilding/Models/GLB_format/block-snow-overhang-corner/Materials/colormap.uasset" 3477
"C:/Users/dunnt/Documents/GitHub/UniGameProject1/OrbIt/Content/MainFolder/WorldBuilding/Models/GLB_format/block-snow-overhang-corner/Materials/colormap.uexp" 3478
"C:/Users/dunnt/Documents/GitHub/UniGameProject1/OrbIt/Content/MainFolder/WorldBuilding/Models/GLB_format/block-snow-overhang-corner/StaticMeshes/block-snow-overhang-corner.ubulk" 3479
"C:/Users/dunnt/Documents/GitHub/UniGameProject1/OrbIt/Content/MainFolder/WorldBuilding/Models/GLB_format/block-snow-overhang-corner/StaticMeshes/block-snow-overhang-corner.uasset" 3480
"C:/Users/dunnt/Documents/GitHub/UniGameProject1/OrbIt/Content/MainFolder/WorldBuilding/Models/GLB_format/block-snow-overhang-corner/StaticMeshes/block-snow-overhang-corner.uexp" 3481
"C:/Users/dunnt/Documents/GitHub/UniGameProject1/OrbIt/Content/MainFolder/WorldBuilding/Models/GLB_format/block-snow-narrow/Textures/colormap.ubulk" 3482
"C:/Users/dunnt/Documents/GitHub/UniGameProject1/OrbIt/Content/MainFolder/WorldBuilding/Models/GLB_format/block-snow-narrow/Textures/colormap.uasset" 3483
"C:/Users/dunnt/Documents/GitHub/UniGameProject1/OrbIt/Content/MainFolder/WorldBuilding/Models/GLB_format/block-snow-narrow/Textures/colormap.uexp" 3484
"C:/Users/dunnt/Documents/GitHub/UniGameProject1/OrbIt/Content/MainFolder/WorldBuilding/Models/GLB_format/block-snow-narrow/Materials/colormap.uasset" 3485
"C:/Users/dunnt/Documents/GitHub/UniGameProject1/OrbIt/Content/MainFolder/WorldBuilding/Models/GLB_format/block-snow-narrow/Materials/colormap.uexp" 3486
"C:/Users/dunnt/Documents/GitHub/UniGameProject1/OrbIt/Content/MainFolder/WorldBuilding/Models/GLB_format/block-snow-narrow/StaticMeshes/block-snow-narrow.ubulk" 3487
"C:/Users/dunnt/Documents/GitHub/UniGameProject1/OrbIt/Content/MainFolder/WorldBuilding/Models/GLB_format/block-snow-narrow/StaticMeshes/block-snow-narrow.uasset" 3488
"C:/Users/dunnt/Documents/GitHub/UniGameProject1/OrbIt/Content/MainFolder/WorldBuilding/Models/GLB_format/block-snow-narrow/StaticMeshes/block-snow-narrow.uexp" 3489
"C:/Users/dunnt/Documents/GitHub/UniGameProject1/OrbIt/Content/MainFolder/WorldBuilding/Models/GLB_format/block-snow-low-narrow/Textures/colormap.ubulk" 3490
"C:/Users/dunnt/Documents/GitHub/UniGameProject1/OrbIt/Content/MainFolder/WorldBuilding/Models/GLB_format/block-snow-low-narrow/Textures/colormap.uasset" 3491
"C:/Users/dunnt/Documents/GitHub/UniGameProject1/OrbIt/Content/MainFolder/WorldBuilding/Models/GLB_format/block-snow-low-narrow/Textures/colormap.uexp" 3492
"C:/Users/dunnt/Documents/GitHub/UniGameProject1/OrbIt/Content/MainFolder/WorldBuilding/Models/GLB_format/block-snow-low-narrow/Materials/colormap.uasset" 3493
"C:/Users/dunnt/Documents/GitHub/UniGameProject1/OrbIt/Content/MainFolder/WorldBuilding/Models/GLB_format/block-snow-low-narrow/Materials/colormap.uexp" 3494
"C:/Users/dunnt/Documents/GitHub/UniGameProject1/OrbIt/Content/MainFolder/WorldBuilding/Models/GLB_format/block-snow-low-narrow/StaticMeshes/block-snow-low-narrow.ubulk" 3495
"C:/Users/dunnt/Documents/GitHub/UniGameProject1/OrbIt/Content/MainFolder/WorldBuilding/Models/GLB_format/block-snow-low-narrow/StaticMeshes/block-snow-low-narrow.uasset" 3496
"C:/Users/dunnt/Documents/GitHub/UniGameProject1/OrbIt/Content/MainFolder/WorldBuilding/Models/GLB_format/block-snow-low-narrow/StaticMeshes/block-snow-low-narrow.uexp" 3497
"C:/Users/dunnt/Documents/GitHub/UniGameProject1/OrbIt/Content/MainFolder/WorldBuilding/Models/GLB_format/block-snow-low-long/Textures/colormap.ubulk" 3498
"C:/Users/dunnt/Documents/GitHub/UniGameProject1/OrbIt/Content/MainFolder/WorldBuilding/Models/GLB_format/block-snow-low-long/Textures/colormap.uasset" 3499
"C:/Users/dunnt/Documents/GitHub/UniGameProject1/OrbIt/Content/MainFolder/WorldBuilding/Models/GLB_format/block-snow-low-long/Textures/colormap.uexp" 3500
"C:/Users/dunnt/Documents/GitHub/UniGameProject1/OrbIt/Content/MainFolder/WorldBuilding/Models/GLB_format/block-snow-low-long/Materials/colormap.uasset" 3501
"C:/Users/dunnt/Documents/GitHub/UniGameProject1/OrbIt/Content/MainFolder/WorldBuilding/Models/GLB_format/block-snow-low-long/Materials/colormap.uexp" 3502
"C:/Users/dunnt/Documents/GitHub/UniGameProject1/OrbIt/Content/MainFolder/WorldBuilding/Models/GLB_format/block-snow-low-long/StaticMeshes/block-snow-low-long.ubulk" 3503
"C:/Users/dunnt/Documents/GitHub/UniGameProject1/OrbIt/Content/MainFolder/WorldBuilding/Models/GLB_format/block-snow-low-long/StaticMeshes/block-snow-low-long.uasset" 3504
"C:/Users/dunnt/Documents/GitHub/UniGameProject1/OrbIt/Content/MainFolder/WorldBuilding/Models/GLB_format/block-snow-low-long/StaticMeshes/block-snow-low-long.uexp" 3505
"../../../Engine/Content/EngineResources/DefaultTextureCube.uasset" 3506
"../../../Engine/Content/EngineResources/DefaultTextureCube.uexp" 3507
"C:/Users/dunnt/Documents/GitHub/UniGameProject1/OrbIt/Content/MainFolder/WorldBuilding/Models/GLB_format/button-round/SkeletalMeshes/button-round_PhysicsAsset.uasset" 3508
"C:/Users/dunnt/Documents/GitHub/UniGameProject1/OrbIt/Content/MainFolder/WorldBuilding/Models/GLB_format/button-round/SkeletalMeshes/button-round_PhysicsAsset.uexp" 3509
"C:/Users/dunnt/Documents/GitHub/UniGameProject1/OrbIt/Content/MainFolder/WorldBuilding/Models/GLB_format/button-round/Textures/colormap.ubulk" 3510
"C:/Users/dunnt/Documents/GitHub/UniGameProject1/OrbIt/Content/MainFolder/WorldBuilding/Models/GLB_format/button-round/Textures/colormap.uasset" 3511
"C:/Users/dunnt/Documents/GitHub/UniGameProject1/OrbIt/Content/MainFolder/WorldBuilding/Models/GLB_format/button-round/Textures/colormap.uexp" 3512
"C:/Users/dunnt/Documents/GitHub/UniGameProject1/OrbIt/Content/MainFolder/WorldBuilding/Models/GLB_format/button-round/Materials/colormap.uasset" 3513
"C:/Users/dunnt/Documents/GitHub/UniGameProject1/OrbIt/Content/MainFolder/WorldBuilding/Models/GLB_format/button-round/Materials/colormap.uexp" 3514
"C:/Users/dunnt/Documents/GitHub/UniGameProject1/OrbIt/Content/MainFolder/WorldBuilding/Models/GLB_format/button-round/SkeletalMeshes/button-round.uasset" 3515
"C:/Users/dunnt/Documents/GitHub/UniGameProject1/OrbIt/Content/MainFolder/WorldBuilding/Models/GLB_format/button-round/SkeletalMeshes/button-round.uexp" 3516
"C:/Users/dunnt/Documents/GitHub/UniGameProject1/OrbIt/Content/MainFolder/WorldBuilding/Models/GLB_format/button-square/SkeletalMeshes/button-square_PhysicsAsset.uasset" 3517
"C:/Users/dunnt/Documents/GitHub/UniGameProject1/OrbIt/Content/MainFolder/WorldBuilding/Models/GLB_format/button-square/SkeletalMeshes/button-square_PhysicsAsset.uexp" 3518
"C:/Users/dunnt/Documents/GitHub/UniGameProject1/OrbIt/Content/MainFolder/WorldBuilding/Models/GLB_format/button-square/Textures/colormap.ubulk" 3519
"C:/Users/dunnt/Documents/GitHub/UniGameProject1/OrbIt/Content/MainFolder/WorldBuilding/Models/GLB_format/button-square/Textures/colormap.uasset" 3520
"C:/Users/dunnt/Documents/GitHub/UniGameProject1/OrbIt/Content/MainFolder/WorldBuilding/Models/GLB_format/button-square/Textures/colormap.uexp" 3521
"C:/Users/dunnt/Documents/GitHub/UniGameProject1/OrbIt/Content/MainFolder/WorldBuilding/Models/GLB_format/button-square/Materials/colormap.uasset" 3522
"C:/Users/dunnt/Documents/GitHub/UniGameProject1/OrbIt/Content/MainFolder/WorldBuilding/Models/GLB_format/button-square/Materials/colormap.uexp" 3523
"C:/Users/dunnt/Documents/GitHub/UniGameProject1/OrbIt/Content/MainFolder/WorldBuilding/Models/GLB_format/button-square/SkeletalMeshes/button-square.uasset" 3524
"C:/Users/dunnt/Documents/GitHub/UniGameProject1/OrbIt/Content/MainFolder/WorldBuilding/Models/GLB_format/button-square/SkeletalMeshes/button-square.uexp" 3525
"C:/Users/dunnt/Documents/GitHub/UniGameProject1/OrbIt/Content/MainFolder/WorldBuilding/Models/GLB_format/character-oobi/SkeletalMeshes/character-oobi_PhysicsAsset.uasset" 3526
"C:/Users/dunnt/Documents/GitHub/UniGameProject1/OrbIt/Content/MainFolder/WorldBuilding/Models/GLB_format/character-oobi/SkeletalMeshes/character-oobi_PhysicsAsset.uexp" 3527
"C:/Users/dunnt/Documents/GitHub/UniGameProject1/OrbIt/Content/MainFolder/WorldBuilding/Models/GLB_format/character-oobi/Textures/colormap.ubulk" 3528
"C:/Users/dunnt/Documents/GitHub/UniGameProject1/OrbIt/Content/MainFolder/WorldBuilding/Models/GLB_format/character-oobi/Textures/colormap.uasset" 3529
"C:/Users/dunnt/Documents/GitHub/UniGameProject1/OrbIt/Content/MainFolder/WorldBuilding/Models/GLB_format/character-oobi/Textures/colormap.uexp" 3530
"C:/Users/dunnt/Documents/GitHub/UniGameProject1/OrbIt/Content/MainFolder/WorldBuilding/Models/GLB_format/character-oobi/Materials/colormap.uasset" 3531
"C:/Users/dunnt/Documents/GitHub/UniGameProject1/OrbIt/Content/MainFolder/WorldBuilding/Models/GLB_format/character-oobi/Materials/colormap.uexp" 3532
"C:/Users/dunnt/Documents/GitHub/UniGameProject1/OrbIt/Content/MainFolder/WorldBuilding/Models/GLB_format/character-oobi/SkeletalMeshes/character-oobi.uasset" 3533
"C:/Users/dunnt/Documents/GitHub/UniGameProject1/OrbIt/Content/MainFolder/WorldBuilding/Models/GLB_format/character-oobi/SkeletalMeshes/character-oobi.uexp" 3534
"C:/Users/dunnt/Documents/GitHub/UniGameProject1/OrbIt/Content/MainFolder/WorldBuilding/Models/GLB_format/character-oodi/SkeletalMeshes/character-oodi_PhysicsAsset.uasset" 3535
"C:/Users/dunnt/Documents/GitHub/UniGameProject1/OrbIt/Content/MainFolder/WorldBuilding/Models/GLB_format/character-oodi/SkeletalMeshes/character-oodi_PhysicsAsset.uexp" 3536
"C:/Users/dunnt/Documents/GitHub/UniGameProject1/OrbIt/Content/MainFolder/WorldBuilding/Models/GLB_format/character-oodi/Textures/colormap.ubulk" 3537
"C:/Users/dunnt/Documents/GitHub/UniGameProject1/OrbIt/Content/MainFolder/WorldBuilding/Models/GLB_format/character-oodi/Textures/colormap.uasset" 3538
"C:/Users/dunnt/Documents/GitHub/UniGameProject1/OrbIt/Content/MainFolder/WorldBuilding/Models/GLB_format/character-oodi/Textures/colormap.uexp" 3539
"C:/Users/dunnt/Documents/GitHub/UniGameProject1/OrbIt/Content/MainFolder/WorldBuilding/Models/GLB_format/character-oodi/Materials/colormap.uasset" 3540
"C:/Users/dunnt/Documents/GitHub/UniGameProject1/OrbIt/Content/MainFolder/WorldBuilding/Models/GLB_format/character-oodi/Materials/colormap.uexp" 3541
"C:/Users/dunnt/Documents/GitHub/UniGameProject1/OrbIt/Content/MainFolder/WorldBuilding/Models/GLB_format/character-oodi/SkeletalMeshes/character-oodi.uasset" 3542
"C:/Users/dunnt/Documents/GitHub/UniGameProject1/OrbIt/Content/MainFolder/WorldBuilding/Models/GLB_format/character-oodi/SkeletalMeshes/character-oodi.uexp" 3543
"C:/Users/dunnt/Documents/GitHub/UniGameProject1/OrbIt/Content/MainFolder/WorldBuilding/Models/GLB_format/character-ooli/SkeletalMeshes/character-ooli_PhysicsAsset.uasset" 3544
"C:/Users/dunnt/Documents/GitHub/UniGameProject1/OrbIt/Content/MainFolder/WorldBuilding/Models/GLB_format/character-ooli/SkeletalMeshes/character-ooli_PhysicsAsset.uexp" 3545
"C:/Users/dunnt/Documents/GitHub/UniGameProject1/OrbIt/Content/MainFolder/WorldBuilding/Models/GLB_format/character-ooli/Textures/colormap.ubulk" 3546
"C:/Users/dunnt/Documents/GitHub/UniGameProject1/OrbIt/Content/MainFolder/WorldBuilding/Models/GLB_format/character-ooli/Textures/colormap.uasset" 3547
"C:/Users/dunnt/Documents/GitHub/UniGameProject1/OrbIt/Content/MainFolder/WorldBuilding/Models/GLB_format/character-ooli/Textures/colormap.uexp" 3548
"C:/Users/dunnt/Documents/GitHub/UniGameProject1/OrbIt/Content/MainFolder/WorldBuilding/Models/GLB_format/character-ooli/Materials/colormap.uasset" 3549
"C:/Users/dunnt/Documents/GitHub/UniGameProject1/OrbIt/Content/MainFolder/WorldBuilding/Models/GLB_format/character-ooli/Materials/colormap.uexp" 3550
"C:/Users/dunnt/Documents/GitHub/UniGameProject1/OrbIt/Content/MainFolder/WorldBuilding/Models/GLB_format/character-ooli/SkeletalMeshes/character-ooli.uasset" 3551
"C:/Users/dunnt/Documents/GitHub/UniGameProject1/OrbIt/Content/MainFolder/WorldBuilding/Models/GLB_format/character-ooli/SkeletalMeshes/character-ooli.uexp" 3552
"C:/Users/dunnt/Documents/GitHub/UniGameProject1/OrbIt/Content/MainFolder/WorldBuilding/Models/GLB_format/character-oopi/SkeletalMeshes/character-oopi_PhysicsAsset.uasset" 3553
"C:/Users/dunnt/Documents/GitHub/UniGameProject1/OrbIt/Content/MainFolder/WorldBuilding/Models/GLB_format/character-oopi/SkeletalMeshes/character-oopi_PhysicsAsset.uexp" 3554
"C:/Users/dunnt/Documents/GitHub/UniGameProject1/OrbIt/Content/MainFolder/WorldBuilding/Models/GLB_format/character-oopi/Textures/colormap.ubulk" 3555
"C:/Users/dunnt/Documents/GitHub/UniGameProject1/OrbIt/Content/MainFolder/WorldBuilding/Models/GLB_format/character-oopi/Textures/colormap.uasset" 3556
"C:/Users/dunnt/Documents/GitHub/UniGameProject1/OrbIt/Content/MainFolder/WorldBuilding/Models/GLB_format/character-oopi/Textures/colormap.uexp" 3557
"C:/Users/dunnt/Documents/GitHub/UniGameProject1/OrbIt/Content/MainFolder/WorldBuilding/Models/GLB_format/character-oopi/Materials/colormap.uasset" 3558
"C:/Users/dunnt/Documents/GitHub/UniGameProject1/OrbIt/Content/MainFolder/WorldBuilding/Models/GLB_format/character-oopi/Materials/colormap.uexp" 3559
"C:/Users/dunnt/Documents/GitHub/UniGameProject1/OrbIt/Content/MainFolder/WorldBuilding/Models/GLB_format/character-oopi/SkeletalMeshes/character-oopi.uasset" 3560
"C:/Users/dunnt/Documents/GitHub/UniGameProject1/OrbIt/Content/MainFolder/WorldBuilding/Models/GLB_format/character-oopi/SkeletalMeshes/character-oopi.uexp" 3561
"C:/Users/dunnt/Documents/GitHub/UniGameProject1/OrbIt/Content/MainFolder/WorldBuilding/Models/GLB_format/character-oozi/SkeletalMeshes/character-oozi_PhysicsAsset.uasset" 3562
"C:/Users/dunnt/Documents/GitHub/UniGameProject1/OrbIt/Content/MainFolder/WorldBuilding/Models/GLB_format/character-oozi/SkeletalMeshes/character-oozi_PhysicsAsset.uexp" 3563
"C:/Users/dunnt/Documents/GitHub/UniGameProject1/OrbIt/Content/MainFolder/WorldBuilding/Models/GLB_format/character-oozi/Textures/colormap.ubulk" 3564
"C:/Users/dunnt/Documents/GitHub/UniGameProject1/OrbIt/Content/MainFolder/WorldBuilding/Models/GLB_format/character-oozi/Textures/colormap.uasset" 3565
"C:/Users/dunnt/Documents/GitHub/UniGameProject1/OrbIt/Content/MainFolder/WorldBuilding/Models/GLB_format/character-oozi/Textures/colormap.uexp" 3566
"C:/Users/dunnt/Documents/GitHub/UniGameProject1/OrbIt/Content/MainFolder/WorldBuilding/Models/GLB_format/character-oozi/Materials/colormap.uasset" 3567
"C:/Users/dunnt/Documents/GitHub/UniGameProject1/OrbIt/Content/MainFolder/WorldBuilding/Models/GLB_format/character-oozi/Materials/colormap.uexp" 3568
"C:/Users/dunnt/Documents/GitHub/UniGameProject1/OrbIt/Content/MainFolder/WorldBuilding/Models/GLB_format/character-oozi/SkeletalMeshes/character-oozi.uasset" 3569
"C:/Users/dunnt/Documents/GitHub/UniGameProject1/OrbIt/Content/MainFolder/WorldBuilding/Models/GLB_format/character-oozi/SkeletalMeshes/character-oozi.uexp" 3570
"C:/Users/dunnt/Documents/GitHub/UniGameProject1/OrbIt/Content/MainFolder/WorldBuilding/Models/GLB_format/chest/SkeletalMeshes/chest_PhysicsAsset.uasset" 3571
"C:/Users/dunnt/Documents/GitHub/UniGameProject1/OrbIt/Content/MainFolder/WorldBuilding/Models/GLB_format/chest/SkeletalMeshes/chest_PhysicsAsset.uexp" 3572
"C:/Users/dunnt/Documents/GitHub/UniGameProject1/OrbIt/Content/MainFolder/WorldBuilding/Models/GLB_format/chest/Textures/colormap.ubulk" 3573
"C:/Users/dunnt/Documents/GitHub/UniGameProject1/OrbIt/Content/MainFolder/WorldBuilding/Models/GLB_format/chest/Textures/colormap.uasset" 3574
"C:/Users/dunnt/Documents/GitHub/UniGameProject1/OrbIt/Content/MainFolder/WorldBuilding/Models/GLB_format/chest/Textures/colormap.uexp" 3575
"C:/Users/dunnt/Documents/GitHub/UniGameProject1/OrbIt/Content/MainFolder/WorldBuilding/Models/GLB_format/chest/Materials/colormap.uasset" 3576
"C:/Users/dunnt/Documents/GitHub/UniGameProject1/OrbIt/Content/MainFolder/WorldBuilding/Models/GLB_format/chest/Materials/colormap.uexp" 3577
"C:/Users/dunnt/Documents/GitHub/UniGameProject1/OrbIt/Content/MainFolder/WorldBuilding/Models/GLB_format/chest/SkeletalMeshes/chest.uasset" 3578
"C:/Users/dunnt/Documents/GitHub/UniGameProject1/OrbIt/Content/MainFolder/WorldBuilding/Models/GLB_format/chest/SkeletalMeshes/chest.uexp" 3579
"C:/Users/dunnt/Documents/GitHub/UniGameProject1/OrbIt/Content/MainFolder/WorldBuilding/Models/GLB_format/door-rotate/SkeletalMeshes/door-rotate_PhysicsAsset.uasset" 3580
"C:/Users/dunnt/Documents/GitHub/UniGameProject1/OrbIt/Content/MainFolder/WorldBuilding/Models/GLB_format/door-rotate/SkeletalMeshes/door-rotate_PhysicsAsset.uexp" 3581
"C:/Users/dunnt/Documents/GitHub/UniGameProject1/OrbIt/Content/MainFolder/WorldBuilding/Models/GLB_format/door-rotate/Materials/colormap.uasset" 3582
"C:/Users/dunnt/Documents/GitHub/UniGameProject1/OrbIt/Content/MainFolder/WorldBuilding/Models/GLB_format/door-rotate/Materials/colormap.uexp" 3583
"C:/Users/dunnt/Documents/GitHub/UniGameProject1/OrbIt/Content/MainFolder/WorldBuilding/Models/GLB_format/door-rotate/SkeletalMeshes/door-rotate.uasset" 3584
"C:/Users/dunnt/Documents/GitHub/UniGameProject1/OrbIt/Content/MainFolder/WorldBuilding/Models/GLB_format/door-rotate/SkeletalMeshes/door-rotate.uexp" 3585
"C:/Users/dunnt/Documents/GitHub/UniGameProject1/OrbIt/Content/MainFolder/WorldBuilding/Models/GLB_format/door-rotate-large/SkeletalMeshes/door-rotate-large_PhysicsAsset.uasset" 3586
"C:/Users/dunnt/Documents/GitHub/UniGameProject1/OrbIt/Content/MainFolder/WorldBuilding/Models/GLB_format/door-rotate-large/SkeletalMeshes/door-rotate-large_PhysicsAsset.uexp" 3587
"C:/Users/dunnt/Documents/GitHub/UniGameProject1/OrbIt/Content/MainFolder/WorldBuilding/Models/GLB_format/door-rotate-large/Textures/colormap.ubulk" 3588
"C:/Users/dunnt/Documents/GitHub/UniGameProject1/OrbIt/Content/MainFolder/WorldBuilding/Models/GLB_format/door-rotate-large/Textures/colormap.uasset" 3589
"C:/Users/dunnt/Documents/GitHub/UniGameProject1/OrbIt/Content/MainFolder/WorldBuilding/Models/GLB_format/door-rotate-large/Textures/colormap.uexp" 3590
"C:/Users/dunnt/Documents/GitHub/UniGameProject1/OrbIt/Content/MainFolder/WorldBuilding/Models/GLB_format/door-rotate-large/Materials/colormap.uasset" 3591
"C:/Users/dunnt/Documents/GitHub/UniGameProject1/OrbIt/Content/MainFolder/WorldBuilding/Models/GLB_format/door-rotate-large/Materials/colormap.uexp" 3592
"C:/Users/dunnt/Documents/GitHub/UniGameProject1/OrbIt/Content/MainFolder/WorldBuilding/Models/GLB_format/door-rotate-large/SkeletalMeshes/door-rotate-large.uasset" 3593
"C:/Users/dunnt/Documents/GitHub/UniGameProject1/OrbIt/Content/MainFolder/WorldBuilding/Models/GLB_format/door-rotate-large/SkeletalMeshes/door-rotate-large.uexp" 3594
"C:/Users/dunnt/Documents/GitHub/UniGameProject1/OrbIt/Content/MainFolder/WorldBuilding/Models/GLB_format/lever/SkeletalMeshes/lever_PhysicsAsset.uasset" 3595
"C:/Users/dunnt/Documents/GitHub/UniGameProject1/OrbIt/Content/MainFolder/WorldBuilding/Models/GLB_format/lever/SkeletalMeshes/lever_PhysicsAsset.uexp" 3596
"C:/Users/dunnt/Documents/GitHub/UniGameProject1/OrbIt/Content/MainFolder/WorldBuilding/Models/GLB_format/lever/Textures/colormap.ubulk" 3597
"C:/Users/dunnt/Documents/GitHub/UniGameProject1/OrbIt/Content/MainFolder/WorldBuilding/Models/GLB_format/lever/Textures/colormap.uasset" 3598
"C:/Users/dunnt/Documents/GitHub/UniGameProject1/OrbIt/Content/MainFolder/WorldBuilding/Models/GLB_format/lever/Textures/colormap.uexp" 3599
"C:/Users/dunnt/Documents/GitHub/UniGameProject1/OrbIt/Content/MainFolder/WorldBuilding/Models/GLB_format/lever/Materials/colormap.uasset" 3600
"C:/Users/dunnt/Documents/GitHub/UniGameProject1/OrbIt/Content/MainFolder/WorldBuilding/Models/GLB_format/lever/Materials/colormap.uexp" 3601
"C:/Users/dunnt/Documents/GitHub/UniGameProject1/OrbIt/Content/MainFolder/WorldBuilding/Models/GLB_format/lever/SkeletalMeshes/lever.uasset" 3602
"C:/Users/dunnt/Documents/GitHub/UniGameProject1/OrbIt/Content/MainFolder/WorldBuilding/Models/GLB_format/lever/SkeletalMeshes/lever.uexp" 3603
"C:/Users/dunnt/Documents/GitHub/UniGameProject1/OrbIt/Content/MainFolder/WorldBuilding/Models/GLB_format/trap-spikes/SkeletalMeshes/trap-spikes_PhysicsAsset.uasset" 3604
"C:/Users/dunnt/Documents/GitHub/UniGameProject1/OrbIt/Content/MainFolder/WorldBuilding/Models/GLB_format/trap-spikes/SkeletalMeshes/trap-spikes_PhysicsAsset.uexp" 3605
"C:/Users/dunnt/Documents/GitHub/UniGameProject1/OrbIt/Content/MainFolder/WorldBuilding/Models/GLB_format/trap-spikes/Textures/colormap.ubulk" 3606
"C:/Users/dunnt/Documents/GitHub/UniGameProject1/OrbIt/Content/MainFolder/WorldBuilding/Models/GLB_format/trap-spikes/Textures/colormap.uasset" 3607
"C:/Users/dunnt/Documents/GitHub/UniGameProject1/OrbIt/Content/MainFolder/WorldBuilding/Models/GLB_format/trap-spikes/Textures/colormap.uexp" 3608
"C:/Users/dunnt/Documents/GitHub/UniGameProject1/OrbIt/Content/MainFolder/WorldBuilding/Models/GLB_format/trap-spikes/Materials/colormap.uasset" 3609
"C:/Users/dunnt/Documents/GitHub/UniGameProject1/OrbIt/Content/MainFolder/WorldBuilding/Models/GLB_format/trap-spikes/Materials/colormap.uexp" 3610
"C:/Users/dunnt/Documents/GitHub/UniGameProject1/OrbIt/Content/MainFolder/WorldBuilding/Models/GLB_format/trap-spikes/SkeletalMeshes/trap-spikes.uasset" 3611
"C:/Users/dunnt/Documents/GitHub/UniGameProject1/OrbIt/Content/MainFolder/WorldBuilding/Models/GLB_format/trap-spikes/SkeletalMeshes/trap-spikes.uexp" 3612
"C:/Users/dunnt/Documents/GitHub/UniGameProject1/OrbIt/Content/MainFolder/WorldBuilding/Models/GLB_format/trap-spikes-large/SkeletalMeshes/trap-spikes-large_PhysicsAsset.uasset" 3613
"C:/Users/dunnt/Documents/GitHub/UniGameProject1/OrbIt/Content/MainFolder/WorldBuilding/Models/GLB_format/trap-spikes-large/SkeletalMeshes/trap-spikes-large_PhysicsAsset.uexp" 3614
"C:/Users/dunnt/Documents/GitHub/UniGameProject1/OrbIt/Content/MainFolder/WorldBuilding/Models/GLB_format/trap-spikes-large/Textures/colormap.ubulk" 3615
"C:/Users/dunnt/Documents/GitHub/UniGameProject1/OrbIt/Content/MainFolder/WorldBuilding/Models/GLB_format/trap-spikes-large/Textures/colormap.uasset" 3616
"C:/Users/dunnt/Documents/GitHub/UniGameProject1/OrbIt/Content/MainFolder/WorldBuilding/Models/GLB_format/trap-spikes-large/Textures/colormap.uexp" 3617
"C:/Users/dunnt/Documents/GitHub/UniGameProject1/OrbIt/Content/MainFolder/WorldBuilding/Models/GLB_format/trap-spikes-large/Materials/colormap.uasset" 3618
"C:/Users/dunnt/Documents/GitHub/UniGameProject1/OrbIt/Content/MainFolder/WorldBuilding/Models/GLB_format/trap-spikes-large/Materials/colormap.uexp" 3619
"C:/Users/dunnt/Documents/GitHub/UniGameProject1/OrbIt/Content/MainFolder/WorldBuilding/Models/GLB_format/trap-spikes-large/SkeletalMeshes/trap-spikes-large.uasset" 3620
"C:/Users/dunnt/Documents/GitHub/UniGameProject1/OrbIt/Content/MainFolder/WorldBuilding/Models/GLB_format/trap-spikes-large/SkeletalMeshes/trap-spikes-large.uexp" 3621
"C:/Users/dunnt/Documents/GitHub/UniGameProject1/OrbIt/Content/MainFolder/WorldBuilding/Models/FBX_format/button-round_PhysicsAsset.uasset" 3622
"C:/Users/dunnt/Documents/GitHub/UniGameProject1/OrbIt/Content/MainFolder/WorldBuilding/Models/FBX_format/button-round_PhysicsAsset.uexp" 3623
"C:/Users/dunnt/Documents/GitHub/UniGameProject1/OrbIt/Content/MainFolder/WorldBuilding/Models/FBX_format/button-round.uasset" 3624
"C:/Users/dunnt/Documents/GitHub/UniGameProject1/OrbIt/Content/MainFolder/WorldBuilding/Models/FBX_format/button-round.uexp" 3625
"C:/Users/dunnt/Documents/GitHub/UniGameProject1/OrbIt/Content/MainFolder/WorldBuilding/Models/FBX_format/button-square_PhysicsAsset.uasset" 3626
"C:/Users/dunnt/Documents/GitHub/UniGameProject1/OrbIt/Content/MainFolder/WorldBuilding/Models/FBX_format/button-square_PhysicsAsset.uexp" 3627
"C:/Users/dunnt/Documents/GitHub/UniGameProject1/OrbIt/Content/MainFolder/WorldBuilding/Models/FBX_format/button-square.uasset" 3628
"C:/Users/dunnt/Documents/GitHub/UniGameProject1/OrbIt/Content/MainFolder/WorldBuilding/Models/FBX_format/button-square.uexp" 3629
"C:/Users/dunnt/Documents/GitHub/UniGameProject1/OrbIt/Content/MainFolder/WorldBuilding/Models/FBX_format/character-oobi_PhysicsAsset.uasset" 3630
"C:/Users/dunnt/Documents/GitHub/UniGameProject1/OrbIt/Content/MainFolder/WorldBuilding/Models/FBX_format/character-oobi_PhysicsAsset.uexp" 3631
"C:/Users/dunnt/Documents/GitHub/UniGameProject1/OrbIt/Content/MainFolder/WorldBuilding/Models/FBX_format/character-oobi.uasset" 3632
"C:/Users/dunnt/Documents/GitHub/UniGameProject1/OrbIt/Content/MainFolder/WorldBuilding/Models/FBX_format/character-oobi.uexp" 3633
"C:/Users/dunnt/Documents/GitHub/UniGameProject1/OrbIt/Content/MainFolder/WorldBuilding/Models/FBX_format/character-oodi_PhysicsAsset.uasset" 3634
"C:/Users/dunnt/Documents/GitHub/UniGameProject1/OrbIt/Content/MainFolder/WorldBuilding/Models/FBX_format/character-oodi_PhysicsAsset.uexp" 3635
"C:/Users/dunnt/Documents/GitHub/UniGameProject1/OrbIt/Content/MainFolder/WorldBuilding/Models/FBX_format/character-oodi.uasset" 3636
"C:/Users/dunnt/Documents/GitHub/UniGameProject1/OrbIt/Content/MainFolder/WorldBuilding/Models/FBX_format/character-oodi.uexp" 3637
"C:/Users/dunnt/Documents/GitHub/UniGameProject1/OrbIt/Content/MainFolder/WorldBuilding/Models/FBX_format/character-ooli_PhysicsAsset.uasset" 3638
"C:/Users/dunnt/Documents/GitHub/UniGameProject1/OrbIt/Content/MainFolder/WorldBuilding/Models/FBX_format/character-ooli_PhysicsAsset.uexp" 3639
"C:/Users/dunnt/Documents/GitHub/UniGameProject1/OrbIt/Content/MainFolder/WorldBuilding/Models/FBX_format/character-ooli.uasset" 3640
"C:/Users/dunnt/Documents/GitHub/UniGameProject1/OrbIt/Content/MainFolder/WorldBuilding/Models/FBX_format/character-ooli.uexp" 3641
"C:/Users/dunnt/Documents/GitHub/UniGameProject1/OrbIt/Content/MainFolder/WorldBuilding/Models/FBX_format/character-oopi_PhysicsAsset.uasset" 3642
"C:/Users/dunnt/Documents/GitHub/UniGameProject1/OrbIt/Content/MainFolder/WorldBuilding/Models/FBX_format/character-oopi_PhysicsAsset.uexp" 3643
"C:/Users/dunnt/Documents/GitHub/UniGameProject1/OrbIt/Content/MainFolder/WorldBuilding/Models/FBX_format/character-oopi.uasset" 3644
"C:/Users/dunnt/Documents/GitHub/UniGameProject1/OrbIt/Content/MainFolder/WorldBuilding/Models/FBX_format/character-oopi.uexp" 3645
"C:/Users/dunnt/Documents/GitHub/UniGameProject1/OrbIt/Content/MainFolder/WorldBuilding/Models/FBX_format/character-oozi_PhysicsAsset.uasset" 3646
"C:/Users/dunnt/Documents/GitHub/UniGameProject1/OrbIt/Content/MainFolder/WorldBuilding/Models/FBX_format/character-oozi_PhysicsAsset.uexp" 3647
"C:/Users/dunnt/Documents/GitHub/UniGameProject1/OrbIt/Content/MainFolder/WorldBuilding/Models/FBX_format/character-oozi.uasset" 3648
"C:/Users/dunnt/Documents/GitHub/UniGameProject1/OrbIt/Content/MainFolder/WorldBuilding/Models/FBX_format/character-oozi.uexp" 3649
"C:/Users/dunnt/Documents/GitHub/UniGameProject1/OrbIt/Content/MainFolder/WorldBuilding/Models/FBX_format/chest_PhysicsAsset.uasset" 3650
"C:/Users/dunnt/Documents/GitHub/UniGameProject1/OrbIt/Content/MainFolder/WorldBuilding/Models/FBX_format/chest_PhysicsAsset.uexp" 3651
"C:/Users/dunnt/Documents/GitHub/UniGameProject1/OrbIt/Content/MainFolder/WorldBuilding/Models/FBX_format/chest.uasset" 3652
"C:/Users/dunnt/Documents/GitHub/UniGameProject1/OrbIt/Content/MainFolder/WorldBuilding/Models/FBX_format/chest.uexp" 3653
"C:/Users/dunnt/Documents/GitHub/UniGameProject1/OrbIt/Content/MainFolder/WorldBuilding/Models/FBX_format/door-rotate-large_PhysicsAsset.uasset" 3654
"C:/Users/dunnt/Documents/GitHub/UniGameProject1/OrbIt/Content/MainFolder/WorldBuilding/Models/FBX_format/door-rotate-large_PhysicsAsset.uexp" 3655
"C:/Users/dunnt/Documents/GitHub/UniGameProject1/OrbIt/Content/MainFolder/WorldBuilding/Models/FBX_format/door-rotate-large.uasset" 3656
"C:/Users/dunnt/Documents/GitHub/UniGameProject1/OrbIt/Content/MainFolder/WorldBuilding/Models/FBX_format/door-rotate-large.uexp" 3657
"C:/Users/dunnt/Documents/GitHub/UniGameProject1/OrbIt/Content/MainFolder/WorldBuilding/Models/FBX_format/door-rotate_PhysicsAsset.uasset" 3658
"C:/Users/dunnt/Documents/GitHub/UniGameProject1/OrbIt/Content/MainFolder/WorldBuilding/Models/FBX_format/door-rotate_PhysicsAsset.uexp" 3659
"C:/Users/dunnt/Documents/GitHub/UniGameProject1/OrbIt/Content/MainFolder/WorldBuilding/Models/FBX_format/door-rotate.uasset" 3660
"C:/Users/dunnt/Documents/GitHub/UniGameProject1/OrbIt/Content/MainFolder/WorldBuilding/Models/FBX_format/door-rotate.uexp" 3661
"C:/Users/dunnt/Documents/GitHub/UniGameProject1/OrbIt/Content/MainFolder/WorldBuilding/Models/FBX_format/lever_PhysicsAsset.uasset" 3662
"C:/Users/dunnt/Documents/GitHub/UniGameProject1/OrbIt/Content/MainFolder/WorldBuilding/Models/FBX_format/lever_PhysicsAsset.uexp" 3663
"C:/Users/dunnt/Documents/GitHub/UniGameProject1/OrbIt/Content/MainFolder/WorldBuilding/Models/FBX_format/lever.uasset" 3664
"C:/Users/dunnt/Documents/GitHub/UniGameProject1/OrbIt/Content/MainFolder/WorldBuilding/Models/FBX_format/lever.uexp" 3665
"C:/Users/dunnt/Documents/GitHub/UniGameProject1/OrbIt/Content/MainFolder/WorldBuilding/Models/FBX_format/trap-spikes-large_PhysicsAsset.uasset" 3666
"C:/Users/dunnt/Documents/GitHub/UniGameProject1/OrbIt/Content/MainFolder/WorldBuilding/Models/FBX_format/trap-spikes-large_PhysicsAsset.uexp" 3667
"C:/Users/dunnt/Documents/GitHub/UniGameProject1/OrbIt/Content/MainFolder/WorldBuilding/Models/FBX_format/trap-spikes-large.uasset" 3668
"C:/Users/dunnt/Documents/GitHub/UniGameProject1/OrbIt/Content/MainFolder/WorldBuilding/Models/FBX_format/trap-spikes-large.uexp" 3669
"C:/Users/dunnt/Documents/GitHub/UniGameProject1/OrbIt/Content/MainFolder/WorldBuilding/Models/FBX_format/trap-spikes_PhysicsAsset.uasset" 3670
"C:/Users/dunnt/Documents/GitHub/UniGameProject1/OrbIt/Content/MainFolder/WorldBuilding/Models/FBX_format/trap-spikes_PhysicsAsset.uexp" 3671
"C:/Users/dunnt/Documents/GitHub/UniGameProject1/OrbIt/Content/MainFolder/WorldBuilding/Models/FBX_format/trap-spikes.uasset" 3672
"C:/Users/dunnt/Documents/GitHub/UniGameProject1/OrbIt/Content/MainFolder/WorldBuilding/Models/FBX_format/trap-spikes.uexp" 3673
"C:/Users/dunnt/Documents/GitHub/UniGameProject1/OrbIt/Content/Characters/Mannequins/Textures/Quinn/T_Quinn_01_N.ubulk" 3674
"C:/Users/dunnt/Documents/GitHub/UniGameProject1/OrbIt/Content/Characters/Mannequins/Textures/Quinn/T_Quinn_01_N.uasset" 3675
"C:/Users/dunnt/Documents/GitHub/UniGameProject1/OrbIt/Content/Characters/Mannequins/Textures/Quinn/T_Quinn_01_N.uexp" 3676
"C:/Users/dunnt/Documents/GitHub/UniGameProject1/OrbIt/Content/Characters/Mannequins/Textures/Quinn/T_Quinn_01_MRA.ubulk" 3677
"C:/Users/dunnt/Documents/GitHub/UniGameProject1/OrbIt/Content/Characters/Mannequins/Textures/Quinn/T_Quinn_01_MRA.uasset" 3678
"C:/Users/dunnt/Documents/GitHub/UniGameProject1/OrbIt/Content/Characters/Mannequins/Textures/Quinn/T_Quinn_01_MRA.uexp" 3679
"C:/Users/dunnt/Documents/GitHub/UniGameProject1/OrbIt/Content/Characters/Mannequins/Textures/Quinn/T_Quinn_01_D.ubulk" 3680
"C:/Users/dunnt/Documents/GitHub/UniGameProject1/OrbIt/Content/Characters/Mannequins/Textures/Quinn/T_Quinn_01_D.uasset" 3681
"C:/Users/dunnt/Documents/GitHub/UniGameProject1/OrbIt/Content/Characters/Mannequins/Textures/Quinn/T_Quinn_01_D.uexp" 3682
"C:/Users/dunnt/Documents/GitHub/UniGameProject1/OrbIt/Content/Characters/Mannequins/Materials/Quinn/MI_Quinn_01.uasset" 3683
"C:/Users/dunnt/Documents/GitHub/UniGameProject1/OrbIt/Content/Characters/Mannequins/Materials/Quinn/MI_Quinn_01.uexp" 3684
"C:/Users/dunnt/Documents/GitHub/UniGameProject1/OrbIt/Content/Characters/Mannequins/Textures/Quinn/T_Quinn_02_N.ubulk" 3685
"C:/Users/dunnt/Documents/GitHub/UniGameProject1/OrbIt/Content/Characters/Mannequins/Textures/Quinn/T_Quinn_02_N.uasset" 3686
"C:/Users/dunnt/Documents/GitHub/UniGameProject1/OrbIt/Content/Characters/Mannequins/Textures/Quinn/T_Quinn_02_N.uexp" 3687
"C:/Users/dunnt/Documents/GitHub/UniGameProject1/OrbIt/Content/Characters/Mannequins/Textures/Quinn/T_Quinn_02_MRA.ubulk" 3688
"C:/Users/dunnt/Documents/GitHub/UniGameProject1/OrbIt/Content/Characters/Mannequins/Textures/Quinn/T_Quinn_02_MRA.uasset" 3689
"C:/Users/dunnt/Documents/GitHub/UniGameProject1/OrbIt/Content/Characters/Mannequins/Textures/Quinn/T_Quinn_02_MRA.uexp" 3690
"C:/Users/dunnt/Documents/GitHub/UniGameProject1/OrbIt/Content/Characters/Mannequins/Textures/Quinn/T_Quinn_02_D.ubulk" 3691
"C:/Users/dunnt/Documents/GitHub/UniGameProject1/OrbIt/Content/Characters/Mannequins/Textures/Quinn/T_Quinn_02_D.uasset" 3692
"C:/Users/dunnt/Documents/GitHub/UniGameProject1/OrbIt/Content/Characters/Mannequins/Textures/Quinn/T_Quinn_02_D.uexp" 3693
"C:/Users/dunnt/Documents/GitHub/UniGameProject1/OrbIt/Content/Characters/Mannequins/Materials/Quinn/MI_Quinn_02.uasset" 3694
"C:/Users/dunnt/Documents/GitHub/UniGameProject1/OrbIt/Content/Characters/Mannequins/Materials/Quinn/MI_Quinn_02.uexp" 3695
"C:/Users/dunnt/Documents/GitHub/UniGameProject1/OrbIt/Content/Characters/Mannequins/Meshes/SKM_Quinn_Simple.uasset" 3696
"C:/Users/dunnt/Documents/GitHub/UniGameProject1/OrbIt/Content/Characters/Mannequins/Meshes/SKM_Quinn_Simple.uexp" 3697
"../../../Engine/Content/EngineMaterials/Substrate/Glints2/AGlintTex2dArray2.uasset" 3698
"../../../Engine/Content/EngineMaterials/Substrate/Glints2/AGlintTex2dArray2.uexp" 3699
"../../../Engine/Content/EngineMaterials/Substrate/Volume/SubstrateSimpleVolumeEnvLUT3D.uasset" 3700
"../../../Engine/Content/EngineMaterials/Substrate/Volume/SubstrateSimpleVolumeEnvLUT3D.uexp" 3701
"../../../Engine/Content/EngineMaterials/Substrate/Volume/SubstrateSimpleVolumeLUT3D.uasset" 3702
"../../../Engine/Content/EngineMaterials/Substrate/Volume/SubstrateSimpleVolumeLUT3D.uexp" 3703
"../../../Engine/Content/Functions/Engine_MaterialFunctions01/Texturing/FlattenNormal.uasset" 3704
"../../../Engine/Content/Functions/Engine_MaterialFunctions01/Texturing/FlattenNormal.uexp" 3705
"../../../Engine/Plugins/Interchange/Assets/Content/gltf/MaterialFunctions/MF_Clearcoat.uasset" 3706
"../../../Engine/Plugins/Interchange/Assets/Content/gltf/MaterialFunctions/MF_Clearcoat.uexp" 3707
"../../../Engine/Plugins/Interchange/Assets/Content/gltf/MaterialBodies/MF_ClearCoat_Body.uasset" 3708
"../../../Engine/Plugins/Interchange/Assets/Content/gltf/MaterialBodies/MF_ClearCoat_Body.uexp" 3709
"../../../Engine/Plugins/Interchange/Assets/Content/gltf/M_ClearCoat.uasset" 3710
"../../../Engine/Plugins/Interchange/Assets/Content/gltf/M_ClearCoat.uexp" 3711
"../../../Engine/Plugins/Interchange/Assets/Content/gltf/MaterialInstances/MI_ClearCoat_Blend.uasset" 3712
"../../../Engine/Plugins/Interchange/Assets/Content/gltf/MaterialInstances/MI_ClearCoat_Blend.uexp" 3713
"../../../Engine/Plugins/Interchange/Assets/Content/gltf/MaterialInstances/MI_ClearCoat_Blend_DS.uasset" 3714
"../../../Engine/Plugins/Interchange/Assets/Content/gltf/MaterialInstances/MI_ClearCoat_Blend_DS.uexp" 3715
"../../../Engine/Plugins/Interchange/Assets/Content/gltf/MaterialInstances/MI_ClearCoat_Mask.uasset" 3716
"../../../Engine/Plugins/Interchange/Assets/Content/gltf/MaterialInstances/MI_ClearCoat_Mask.uexp" 3717
"../../../Engine/Plugins/Interchange/Assets/Content/gltf/MaterialInstances/MI_ClearCoat_Mask_DS.uasset" 3718
"../../../Engine/Plugins/Interchange/Assets/Content/gltf/MaterialInstances/MI_ClearCoat_Mask_DS.uexp" 3719
"../../../Engine/Plugins/Interchange/Assets/Content/gltf/MaterialInstances/MI_ClearCoat_Opaque.uasset" 3720
"../../../Engine/Plugins/Interchange/Assets/Content/gltf/MaterialInstances/MI_ClearCoat_Opaque.uexp" 3721
"../../../Engine/Plugins/Interchange/Assets/Content/gltf/MaterialInstances/MI_ClearCoat_Opaque_DS.uasset" 3722
"../../../Engine/Plugins/Interchange/Assets/Content/gltf/MaterialInstances/MI_ClearCoat_Opaque_DS.uexp" 3723
"../../../Engine/Plugins/Interchange/Assets/Content/gltf/MaterialInstances/MI_Default_Blend.uasset" 3724
"../../../Engine/Plugins/Interchange/Assets/Content/gltf/MaterialInstances/MI_Default_Blend.uexp" 3725
"../../../Engine/Plugins/Interchange/Assets/Content/gltf/MaterialInstances/MI_Default_Blend_DS.uasset" 3726
"../../../Engine/Plugins/Interchange/Assets/Content/gltf/MaterialInstances/MI_Default_Blend_DS.uexp" 3727
"../../../Engine/Plugins/Interchange/Assets/Content/gltf/MaterialInstances/MI_Default_Mask.uasset" 3728
"../../../Engine/Plugins/Interchange/Assets/Content/gltf/MaterialInstances/MI_Default_Mask.uexp" 3729
"../../../Engine/Plugins/Interchange/Assets/Content/gltf/MaterialInstances/MI_Default_Mask_DS.uasset" 3730
"../../../Engine/Plugins/Interchange/Assets/Content/gltf/MaterialInstances/MI_Default_Mask_DS.uexp" 3731
"../../../Engine/Plugins/Interchange/Assets/Content/gltf/MaterialInstances/MI_Default_Opaque.uasset" 3732
"../../../Engine/Plugins/Interchange/Assets/Content/gltf/MaterialInstances/MI_Default_Opaque.uexp" 3733
"../../../Engine/Plugins/Interchange/Assets/Content/gltf/MaterialFunctions/MF_Sheen.uasset" 3734
"../../../Engine/Plugins/Interchange/Assets/Content/gltf/MaterialFunctions/MF_Sheen.uexp" 3735
"../../../Engine/Plugins/Interchange/Assets/Content/gltf/MaterialBodies/MF_Sheen_Body.uasset" 3736
"../../../Engine/Plugins/Interchange/Assets/Content/gltf/MaterialBodies/MF_Sheen_Body.uexp" 3737
"../../../Engine/Plugins/Interchange/Assets/Content/gltf/M_Sheen.uasset" 3738
"../../../Engine/Plugins/Interchange/Assets/Content/gltf/M_Sheen.uexp" 3739
"../../../Engine/Plugins/Interchange/Assets/Content/gltf/MaterialInstances/MI_Sheen_Blend.uasset" 3740
"../../../Engine/Plugins/Interchange/Assets/Content/gltf/MaterialInstances/MI_Sheen_Blend.uexp" 3741
"../../../Engine/Plugins/Interchange/Assets/Content/gltf/MaterialInstances/MI_Sheen_Blend_DS.uasset" 3742
"../../../Engine/Plugins/Interchange/Assets/Content/gltf/MaterialInstances/MI_Sheen_Blend_DS.uexp" 3743
"../../../Engine/Plugins/Interchange/Assets/Content/gltf/MaterialInstances/MI_Sheen_Mask.uasset" 3744
"../../../Engine/Plugins/Interchange/Assets/Content/gltf/MaterialInstances/MI_Sheen_Mask.uexp" 3745
"../../../Engine/Plugins/Interchange/Assets/Content/gltf/MaterialInstances/MI_Sheen_Mask_DS.uasset" 3746
"../../../Engine/Plugins/Interchange/Assets/Content/gltf/MaterialInstances/MI_Sheen_Mask_DS.uexp" 3747
"../../../Engine/Plugins/Interchange/Assets/Content/gltf/MaterialInstances/MI_Sheen_Opaque.uasset" 3748
"../../../Engine/Plugins/Interchange/Assets/Content/gltf/MaterialInstances/MI_Sheen_Opaque.uexp" 3749
"../../../Engine/Plugins/Interchange/Assets/Content/gltf/MaterialInstances/MI_Sheen_Opaque_DS.uasset" 3750
"../../../Engine/Plugins/Interchange/Assets/Content/gltf/MaterialInstances/MI_Sheen_Opaque_DS.uexp" 3751
"../../../Engine/Content/Functions/Engine_MaterialFunctions02/Math/AddComponents.uasset" 3752
"../../../Engine/Content/Functions/Engine_MaterialFunctions02/Math/AddComponents.uexp" 3753
"../../../Engine/Plugins/Interchange/Assets/Content/gltf/MaterialFunctions/MF_DiffuseSpecGloss.uasset" 3754
"../../../Engine/Plugins/Interchange/Assets/Content/gltf/MaterialFunctions/MF_DiffuseSpecGloss.uexp" 3755
"../../../Engine/Plugins/Interchange/Assets/Content/gltf/MaterialFunctions/MF_MaxComponentValue.uasset" 3756
"../../../Engine/Plugins/Interchange/Assets/Content/gltf/MaterialFunctions/MF_MaxComponentValue.uexp" 3757
"../../../Engine/Plugins/Interchange/Assets/Content/gltf/MaterialFunctions/MF_PerceivedBrightness.uasset" 3758
"../../../Engine/Plugins/Interchange/Assets/Content/gltf/MaterialFunctions/MF_PerceivedBrightness.uexp" 3759
"../../../Engine/Plugins/Interchange/Assets/Content/gltf/MaterialFunctions/MF_SpecGlossToMetalRoughness.uasset" 3760
"../../../Engine/Plugins/Interchange/Assets/Content/gltf/MaterialFunctions/MF_SpecGlossToMetalRoughness.uexp" 3761
"../../../Engine/Plugins/Interchange/Assets/Content/gltf/MaterialBodies/MF_SpecularGlossiness_Body.uasset" 3762
"../../../Engine/Plugins/Interchange/Assets/Content/gltf/MaterialBodies/MF_SpecularGlossiness_Body.uexp" 3763
"../../../Engine/Plugins/Interchange/Assets/Content/gltf/M_SpecularGlossiness.uasset" 3764
"../../../Engine/Plugins/Interchange/Assets/Content/gltf/M_SpecularGlossiness.uexp" 3765
"../../../Engine/Plugins/Interchange/Assets/Content/gltf/MaterialInstances/MI_SpecularGlossiness_Blend.uasset" 3766
"../../../Engine/Plugins/Interchange/Assets/Content/gltf/MaterialInstances/MI_SpecularGlossiness_Blend.uexp" 3767
"../../../Engine/Plugins/Interchange/Assets/Content/gltf/MaterialInstances/MI_SpecularGlossiness_Blend_DS.uasset" 3768
"../../../Engine/Plugins/Interchange/Assets/Content/gltf/MaterialInstances/MI_SpecularGlossiness_Blend_DS.uexp" 3769
"../../../Engine/Plugins/Interchange/Assets/Content/gltf/MaterialInstances/MI_SpecularGlossiness_Mask.uasset" 3770
"../../../Engine/Plugins/Interchange/Assets/Content/gltf/MaterialInstances/MI_SpecularGlossiness_Mask.uexp" 3771
"../../../Engine/Plugins/Interchange/Assets/Content/gltf/MaterialInstances/MI_SpecularGlossiness_Mask_DS.uasset" 3772
"../../../Engine/Plugins/Interchange/Assets/Content/gltf/MaterialInstances/MI_SpecularGlossiness_Mask_DS.uexp" 3773
"../../../Engine/Plugins/Interchange/Assets/Content/gltf/MaterialInstances/MI_SpecularGlossiness_Opaque.uasset" 3774
"../../../Engine/Plugins/Interchange/Assets/Content/gltf/MaterialInstances/MI_SpecularGlossiness_Opaque.uexp" 3775
"../../../Engine/Plugins/Interchange/Assets/Content/gltf/MaterialInstances/MI_SpecularGlossiness_Opaque_DS.uasset" 3776
"../../../Engine/Plugins/Interchange/Assets/Content/gltf/MaterialInstances/MI_SpecularGlossiness_Opaque_DS.uexp" 3777
"../../../Engine/Content/EngineMaterials/Good64x64TilingNoiseHighFreq.uasset" 3778
"../../../Engine/Content/EngineMaterials/Good64x64TilingNoiseHighFreq.uexp" 3779
"../../../Engine/Content/Functions/Engine_MaterialFunctions02/Texturing/ScreenAlignedPixelToPixelUVs.uasset" 3780
"../../../Engine/Content/Functions/Engine_MaterialFunctions02/Texturing/ScreenAlignedPixelToPixelUVs.uexp" 3781
"../../../Engine/Plugins/Interchange/Assets/Content/gltf/MaterialFunctions/MF_Fresnel_DS.uasset" 3782
"../../../Engine/Plugins/Interchange/Assets/Content/gltf/MaterialFunctions/MF_Fresnel_DS.uexp" 3783
"../../../Engine/Plugins/Interchange/Assets/Content/gltf/MaterialFunctions/MF_Temporal_Blur.uasset" 3784
"../../../Engine/Plugins/Interchange/Assets/Content/gltf/MaterialFunctions/MF_Temporal_Blur.uexp" 3785
"../../../Engine/Plugins/Interchange/Assets/Content/gltf/MaterialFunctions/MF_Transmission.uasset" 3786
"../../../Engine/Plugins/Interchange/Assets/Content/gltf/MaterialFunctions/MF_Transmission.uexp" 3787
"../../../Engine/Plugins/Interchange/Assets/Content/gltf/MaterialBodies/MF_Transmission_Body.uasset" 3788
"../../../Engine/Plugins/Interchange/Assets/Content/gltf/MaterialBodies/MF_Transmission_Body.uexp" 3789
"../../../Engine/Plugins/Interchange/Assets/Content/gltf/M_Transmission.uasset" 3790
"../../../Engine/Plugins/Interchange/Assets/Content/gltf/M_Transmission.uexp" 3791
"../../../Engine/Plugins/Interchange/Assets/Content/gltf/MaterialInstances/MI_Transmission.uasset" 3792
"../../../Engine/Plugins/Interchange/Assets/Content/gltf/MaterialInstances/MI_Transmission.uexp" 3793
"../../../Engine/Plugins/Interchange/Assets/Content/gltf/MaterialInstances/MI_Transmission_DS.uasset" 3794
"../../../Engine/Plugins/Interchange/Assets/Content/gltf/MaterialInstances/MI_Transmission_DS.uexp" 3795
"../../../Engine/Plugins/Interchange/Assets/Content/gltf/MaterialBodies/MF_Unlit_Body.uasset" 3796
"../../../Engine/Plugins/Interchange/Assets/Content/gltf/MaterialBodies/MF_Unlit_Body.uexp" 3797
"../../../Engine/Plugins/Interchange/Assets/Content/gltf/M_Unlit.uasset" 3798
"../../../Engine/Plugins/Interchange/Assets/Content/gltf/M_Unlit.uexp" 3799
"../../../Engine/Plugins/Interchange/Assets/Content/gltf/MaterialInstances/MI_Unlit_Blend.uasset" 3800
"../../../Engine/Plugins/Interchange/Assets/Content/gltf/MaterialInstances/MI_Unlit_Blend.uexp" 3801
"../../../Engine/Plugins/Interchange/Assets/Content/gltf/MaterialInstances/MI_Unlit_Blend_DS.uasset" 3802
"../../../Engine/Plugins/Interchange/Assets/Content/gltf/MaterialInstances/MI_Unlit_Blend_DS.uexp" 3803
"../../../Engine/Plugins/Interchange/Assets/Content/gltf/MaterialInstances/MI_Unlit_Mask.uasset" 3804
"../../../Engine/Plugins/Interchange/Assets/Content/gltf/MaterialInstances/MI_Unlit_Mask.uexp" 3805
"../../../Engine/Plugins/Interchange/Assets/Content/gltf/MaterialInstances/MI_Unlit_Mask_DS.uasset" 3806
"../../../Engine/Plugins/Interchange/Assets/Content/gltf/MaterialInstances/MI_Unlit_Mask_DS.uexp" 3807
"../../../Engine/Plugins/Interchange/Assets/Content/gltf/MaterialInstances/MI_Unlit_Opaque.uasset" 3808
"../../../Engine/Plugins/Interchange/Assets/Content/gltf/MaterialInstances/MI_Unlit_Opaque.uexp" 3809
"../../../Engine/Plugins/Interchange/Assets/Content/gltf/MaterialInstances/MI_Unlit_Opaque_DS.uasset" 3810
"../../../Engine/Plugins/Interchange/Assets/Content/gltf/MaterialInstances/MI_Unlit_Opaque_DS.uexp" 3811
"C:/Users/dunnt/Documents/GitHub/UniGameProject1/OrbIt/Content/LevelPrototyping/Materials/M_FlatCol.uasset" 3812
"C:/Users/dunnt/Documents/GitHub/UniGameProject1/OrbIt/Content/LevelPrototyping/Materials/M_FlatCol.uexp" 3813
"C:/Users/dunnt/Documents/GitHub/UniGameProject1/OrbIt/Content/LevelPrototyping/Materials/MI_DefaultColorway.uasset" 3814
"C:/Users/dunnt/Documents/GitHub/UniGameProject1/OrbIt/Content/LevelPrototyping/Materials/MI_DefaultColorway.uexp" 3815
"C:/Users/dunnt/Documents/GitHub/UniGameProject1/OrbIt/Content/LevelPrototyping/Textures/T_GridChecker_A.ubulk" 3816
"C:/Users/dunnt/Documents/GitHub/UniGameProject1/OrbIt/Content/LevelPrototyping/Textures/T_GridChecker_A.uasset" 3817
"C:/Users/dunnt/Documents/GitHub/UniGameProject1/OrbIt/Content/LevelPrototyping/Textures/T_GridChecker_A.uexp" 3818
"../../../Engine/Content/Functions/Engine_MaterialFunctions01/Gradient/LinearGradient.uasset" 3819
"../../../Engine/Content/Functions/Engine_MaterialFunctions01/Gradient/LinearGradient.uexp" 3820
"../../../Engine/Content/Functions/Engine_MaterialFunctions01/ImageAdjustment/CheapContrast.uasset" 3821
"../../../Engine/Content/Functions/Engine_MaterialFunctions01/ImageAdjustment/CheapContrast.uexp" 3822
"C:/Users/dunnt/Documents/GitHub/UniGameProject1/OrbIt/Content/LevelPrototyping/Materials/MF_ProcGrid.uasset" 3823
"C:/Users/dunnt/Documents/GitHub/UniGameProject1/OrbIt/Content/LevelPrototyping/Materials/MF_ProcGrid.uexp" 3824
"C:/Users/dunnt/Documents/GitHub/UniGameProject1/OrbIt/Content/LevelPrototyping/Materials/M_PrototypeGrid.uasset" 3825
"C:/Users/dunnt/Documents/GitHub/UniGameProject1/OrbIt/Content/LevelPrototyping/Materials/M_PrototypeGrid.uexp" 3826
"C:/Users/dunnt/Documents/GitHub/UniGameProject1/OrbIt/Content/LevelPrototyping/Materials/MI_PrototypeGrid_Gray.uasset" 3827
"C:/Users/dunnt/Documents/GitHub/UniGameProject1/OrbIt/Content/LevelPrototyping/Materials/MI_PrototypeGrid_Gray.uexp" 3828
"C:/Users/dunnt/Documents/GitHub/UniGameProject1/OrbIt/Content/LevelPrototyping/Materials/MI_PrototypeGrid_Gray_02.uasset" 3829
"C:/Users/dunnt/Documents/GitHub/UniGameProject1/OrbIt/Content/LevelPrototyping/Materials/MI_PrototypeGrid_Gray_02.uexp" 3830
"C:/Users/dunnt/Documents/GitHub/UniGameProject1/OrbIt/Content/LevelPrototyping/Materials/MI_PrototypeGrid_TopDark.uasset" 3831
"C:/Users/dunnt/Documents/GitHub/UniGameProject1/OrbIt/Content/LevelPrototyping/Materials/MI_PrototypeGrid_TopDark.uexp" 3832
"../../../Engine/Content/EngineSky/VolumetricClouds/VT_PerlinWorley_Balanced.uasset" 3833
"../../../Engine/Content/EngineSky/VolumetricClouds/VT_PerlinWorley_Balanced.uexp" 3834
"../../../Engine/Content/EngineSky/VolumetricClouds/T_Profile_08.ubulk" 3835
"../../../Engine/Content/EngineSky/VolumetricClouds/T_Profile_08.uasset" 3836
"../../../Engine/Content/EngineSky/VolumetricClouds/T_Profile_08.uexp" 3837
"../../../Engine/Content/EngineSky/VolumetricClouds/T_CloudPattern.ubulk" 3838
"../../../Engine/Content/EngineSky/VolumetricClouds/T_CloudPattern.uasset" 3839
"../../../Engine/Content/EngineSky/VolumetricClouds/T_CloudPattern.uexp" 3840
"../../../Engine/Content/EngineSky/VolumetricClouds/T_CloudMask.ubulk" 3841
"../../../Engine/Content/EngineSky/VolumetricClouds/T_CloudMask.uasset" 3842
"../../../Engine/Content/EngineSky/VolumetricClouds/T_CloudMask.uexp" 3843
"../../../Engine/Content/Functions/Engine_MaterialFunctions02/Utility/BreakOutFloat4Components.uasset" 3844
"../../../Engine/Content/Functions/Engine_MaterialFunctions02/Utility/BreakOutFloat4Components.uexp" 3845
"../../../Engine/Content/EngineResources/DefaultVolumeTexture2D.uasset" 3846
"../../../Engine/Content/EngineResources/DefaultVolumeTexture2D.uexp" 3847
"../../../Engine/Content/EngineResources/DefaultVolumeTexture.uasset" 3848
"../../../Engine/Content/EngineResources/DefaultVolumeTexture.uexp" 3849
"../../../Engine/Content/Functions/Engine_MaterialFunctions02/Utility/MakeFloat4.uasset" 3850
"../../../Engine/Content/Functions/Engine_MaterialFunctions02/Utility/MakeFloat4.uexp" 3851
"../../../Engine/Content/Functions/Engine_MaterialFunctions01/Units/Km-to-Cm.uasset" 3852
"../../../Engine/Content/Functions/Engine_MaterialFunctions01/Units/Km-to-Cm.uexp" 3853
"../../../Engine/Content/EngineSky/VolumetricClouds/VT_Lightning.uasset" 3854
"../../../Engine/Content/EngineSky/VolumetricClouds/VT_Lightning.uexp" 3855
"../../../Engine/Content/EngineSky/VolumetricClouds/m_SimpleVolumetricCloud.uasset" 3856
"../../../Engine/Content/EngineSky/VolumetricClouds/m_SimpleVolumetricCloud.uexp" 3857
"../../../Engine/Content/EngineSky/VolumetricClouds/m_SimpleVolumetricCloud_Inst.uasset" 3858
"../../../Engine/Content/EngineSky/VolumetricClouds/m_SimpleVolumetricCloud_Inst.uexp" 3859
"../../../Engine/Content/EngineMaterials/WeightMapPlaceholderTexture.uasset" 3860
"../../../Engine/Content/EngineMaterials/WeightMapPlaceholderTexture.uexp" 3861
"../../../Engine/Content/EngineMaterials/WeightMapArrayPlaceholderTexture.uasset" 3862
"../../../Engine/Content/EngineMaterials/WeightMapArrayPlaceholderTexture.uexp" 3863
"../../../Engine/Content/EngineResources/WhiteSquareTexture.uasset" 3864
"../../../Engine/Content/EngineResources/WhiteSquareTexture.uexp" 3865
"../../../Engine/Content/EngineMaterials/Widget3DPassThrough.uasset" 3866
"../../../Engine/Content/EngineMaterials/Widget3DPassThrough.uexp" 3867
"../../../Engine/Content/EngineMaterials/Widget3DPassThrough_Masked.uasset" 3868
"../../../Engine/Content/EngineMaterials/Widget3DPassThrough_Masked.uexp" 3869
"../../../Engine/Content/EngineMaterials/Widget3DPassThrough_Opaque.uasset" 3870
"../../../Engine/Content/EngineMaterials/Widget3DPassThrough_Opaque.uexp" 3871
"../../../Engine/Content/EngineMaterials/Widget3DPassThrough_Masked_OneSided.uasset" 3872
"../../../Engine/Content/EngineMaterials/Widget3DPassThrough_Masked_OneSided.uexp" 3873
"../../../Engine/Content/EngineMaterials/Widget3DPassThrough_Opaque_OneSided.uasset" 3874
"../../../Engine/Content/EngineMaterials/Widget3DPassThrough_Opaque_OneSided.uexp" 3875
"../../../Engine/Content/EngineMaterials/Widget3DPassThrough_Translucent.uasset" 3876
"../../../Engine/Content/EngineMaterials/Widget3DPassThrough_Translucent.uexp" 3877
"../../../Engine/Content/EngineMaterials/Widget3DPassThrough_Translucent_OneSided.uasset" 3878
"../../../Engine/Content/EngineMaterials/Widget3DPassThrough_Translucent_OneSided.uexp" 3879
"../../../Engine/Content/Functions/Engine_MaterialFunctions03/Math/WithinRangeFloat2.uasset" 3880
"../../../Engine/Content/Functions/Engine_MaterialFunctions03/Math/WithinRangeFloat2.uexp" 3881
"../../../Engine/Plugins/Media/MediaPlate/Content/SM_MediaPlateScreen.ubulk" 3882
"../../../Engine/Plugins/Media/MediaPlate/Content/SM_MediaPlateScreen.uasset" 3883
"../../../Engine/Plugins/Media/MediaPlate/Content/SM_MediaPlateScreen.uexp" 3884
"../../../Engine/Plugins/2D/Paper2D/Content/DefaultSpriteMaterial.uasset" 3885
"../../../Engine/Plugins/2D/Paper2D/Content/DefaultSpriteMaterial.uexp" 3886
"../../../Engine/Plugins/2D/Paper2D/Content/MaskedUnlitSpriteMaterial.uasset" 3887
"../../../Engine/Plugins/2D/Paper2D/Content/MaskedUnlitSpriteMaterial.uexp" 3888
"../../../Engine/Plugins/2D/Paper2D/Content/OpaqueUnlitSpriteMaterial.uasset" 3889
"../../../Engine/Plugins/2D/Paper2D/Content/OpaqueUnlitSpriteMaterial.uexp" 3890
"../../../Engine/Plugins/NNE/NNEDenoiser/Content/NNE_oidn2-3-0_rt_hdr_calb_cnrm_large__dyn__fp16_opset11_ForwardAlpha.uasset" 3891
"../../../Engine/Plugins/NNE/NNEDenoiser/Content/NNE_oidn2-3-0_rt_hdr_calb_cnrm_large__dyn__fp16_opset11_ForwardAlpha.uexp" 3892
"../../../Engine/Plugins/NNE/NNEDenoiser/Content/NNE_oidn2-3-0_rt_hdr_calb_cnrm_large__dyn__fp16_opset11_DenoiseAlpha.uasset" 3893
"../../../Engine/Plugins/NNE/NNEDenoiser/Content/NNE_oidn2-3-0_rt_hdr_calb_cnrm_large__dyn__fp16_opset11_DenoiseAlpha.uexp" 3894
"../../../Engine/Plugins/NNE/NNEDenoiser/Content/NNE_oidn2-3-0_rt_hdr_alb_nrm__dyn__fp16_opset11_ForwardAlpha.uasset" 3895
"../../../Engine/Plugins/NNE/NNEDenoiser/Content/NNE_oidn2-3-0_rt_hdr_alb_nrm__dyn__fp16_opset11_ForwardAlpha.uexp" 3896
"../../../Engine/Plugins/NNE/NNEDenoiser/Content/NNE_oidn2-3-0_rt_hdr_alb_nrm__dyn__fp16_opset11_DenoiseAlpha.uasset" 3897
"../../../Engine/Plugins/NNE/NNEDenoiser/Content/NNE_oidn2-3-0_rt_hdr_alb_nrm__dyn__fp16_opset11_DenoiseAlpha.uexp" 3898
"../../../Engine/Plugins/NNE/NNEDenoiser/Content/NNE_oidn2-3-0_rt_hdr_alb_nrm_small__dyn__fp16_opset11_ForwardAlpha.uasset" 3899
"../../../Engine/Plugins/NNE/NNEDenoiser/Content/NNE_oidn2-3-0_rt_hdr_alb_nrm_small__dyn__fp16_opset11_ForwardAlpha.uexp" 3900
"../../../Engine/Plugins/NNE/NNEDenoiser/Content/NNE_oidn2-3-0_rt_hdr_alb_nrm_small__dyn__fp16_opset11_DenoiseAlpha.uasset" 3901
"../../../Engine/Plugins/NNE/NNEDenoiser/Content/NNE_oidn2-3-0_rt_hdr_alb_nrm_small__dyn__fp16_opset11_DenoiseAlpha.uexp" 3902
"../../../Engine/Plugins/NNE/NNEDenoiser/Content/NNED_Oidn2-3_HighQuality_Alpha.uasset" 3903
"../../../Engine/Plugins/NNE/NNEDenoiser/Content/NNED_Oidn2-3_HighQuality_Alpha.uexp" 3904
"../../../Engine/Plugins/NNE/NNEDenoiser/Content/NNED_Oidn2-3_HighQuality.uasset" 3905
"../../../Engine/Plugins/NNE/NNEDenoiser/Content/NNED_Oidn2-3_HighQuality.uexp" 3906
"../../../Engine/Plugins/NNE/NNEDenoiser/Content/NNED_Oidn2-3_Fast_Alpha.uasset" 3907
"../../../Engine/Plugins/NNE/NNEDenoiser/Content/NNED_Oidn2-3_Fast_Alpha.uexp" 3908
"../../../Engine/Plugins/NNE/NNEDenoiser/Content/NNED_Oidn2-3_Fast.uasset" 3909
"../../../Engine/Plugins/NNE/NNEDenoiser/Content/NNED_Oidn2-3_Fast.uexp" 3910
"../../../Engine/Plugins/NNE/NNEDenoiser/Content/NNED_Oidn2-3_Balanced_Alpha.uasset" 3911
"../../../Engine/Plugins/NNE/NNEDenoiser/Content/NNED_Oidn2-3_Balanced_Alpha.uexp" 3912
"../../../Engine/Plugins/NNE/NNEDenoiser/Content/NNED_Oidn2-3_Balanced.uasset" 3913
"../../../Engine/Plugins/NNE/NNEDenoiser/Content/NNED_Oidn2-3_Balanced.uexp" 3914
"../../../Engine/Plugins/NNE/NNEDenoiser/Content/NNEDT_Oidn2-3_Balanced_Alpha.uasset" 3915
"../../../Engine/Plugins/NNE/NNEDenoiser/Content/NNEDT_Oidn2-3_Balanced_Alpha.uexp" 3916
"../../../Engine/Plugins/NNE/NNEDenoiser/Content/NNEDT_Oidn2-3_Balanced.uasset" 3917
"../../../Engine/Plugins/NNE/NNEDenoiser/Content/NNEDT_Oidn2-3_Balanced.uexp" 3918
"../../../Engine/Content/EngineResources/LandscapeVisibilityLayerInfo.uasset" 3919
"../../../Engine/Content/EngineResources/LandscapeVisibilityLayerInfo.uexp" 3920
"../../../Engine/Plugins/Animation/DeformerGraph/Content/DeformerFunctions/DG_Function_LinearBlendSkin_Morph_Cloth_PositionOnly.uasset" 3921
"../../../Engine/Plugins/Animation/DeformerGraph/Content/DeformerFunctions/DG_Function_LinearBlendSkin_Morph_Cloth_PositionOnly.uexp" 3922
"../../../Engine/Plugins/Animation/DeformerGraph/Content/DeformerFunctions/DG_Function_ComputeNormalsTangents.uasset" 3923
"../../../Engine/Plugins/Animation/DeformerGraph/Content/DeformerFunctions/DG_Function_ComputeNormalsTangents.uexp" 3924
"../../../Engine/Plugins/Animation/DeformerGraph/Content/Deformers/DG_LinearBlendSkin_Morph_Cloth_RecomputeNormals.uasset" 3925
"../../../Engine/Plugins/Animation/DeformerGraph/Content/Deformers/DG_LinearBlendSkin_Morph_Cloth_RecomputeNormals.uexp" 3926
"../../../Engine/Plugins/Animation/DeformerGraph/Content/DeformerFunctions/DG_Function_LinearBlendSkin_Morph_Cloth.uasset" 3927
"../../../Engine/Plugins/Animation/DeformerGraph/Content/DeformerFunctions/DG_Function_LinearBlendSkin_Morph_Cloth.uexp" 3928
"../../../Engine/Plugins/Animation/DeformerGraph/Content/Deformers/DG_LinearBlendSkin_Morph_Cloth.uasset" 3929
"../../../Engine/Plugins/Animation/DeformerGraph/Content/Deformers/DG_LinearBlendSkin_Morph_Cloth.uexp" 3930
"../../../Engine/Content/Functions/Engine_MaterialFunctions02/SplitComponents.uasset" 3931
"../../../Engine/Content/Functions/Engine_MaterialFunctions02/SplitComponents.uexp" 3932
"../../../Engine/Plugins/Animation/ControlRig/Content/Controls/DefaultGizmoLibrary.uasset" 3933
"../../../Engine/Plugins/Animation/ControlRig/Content/Controls/DefaultGizmoLibrary.uexp" 3934
"C:/Users/dunnt/Documents/GitHub/UniGameProject1/OrbIt/Content/Characters/Mannequins/Rigs/CR_Mannequin_Procedural.uasset" 3935
"C:/Users/dunnt/Documents/GitHub/UniGameProject1/OrbIt/Content/Characters/Mannequins/Rigs/CR_Mannequin_Procedural.uexp" 3936
"C:/Users/dunnt/Documents/GitHub/UniGameProject1/OrbIt/Content/Characters/Mannequins/Rigs/CR_Mannequin_Body.uasset" 3937
"C:/Users/dunnt/Documents/GitHub/UniGameProject1/OrbIt/Content/Characters/Mannequins/Rigs/CR_Mannequin_Body.uexp" 3938
"../../../Engine/Content/Maps/Entry_BuiltData.uasset" 3939
"../../../Engine/Content/Maps/Entry_BuiltData.uexp" 3940
"../../../Engine/Content/Maps/Entry.uexp" 3941
"../../../Engine/Content/Maps/Entry.umap" 3942
"C:/Users/dunnt/Documents/GitHub/UniGameProject1/OrbIt/Content/MainFolder/Blueprints/HUDs/WBP_Menu.uasset" 3943
"C:/Users/dunnt/Documents/GitHub/UniGameProject1/OrbIt/Content/MainFolder/Blueprints/HUDs/WBP_Menu.uexp" 3944
"C:/Users/dunnt/Documents/GitHub/UniGameProject1/OrbIt/Content/MainFolder/Blueprints/BP_MainMenuGameMode.uasset" 3945
"C:/Users/dunnt/Documents/GitHub/UniGameProject1/OrbIt/Content/MainFolder/Blueprints/BP_MainMenuGameMode.uexp" 3946
"C:/Users/dunnt/Documents/GitHub/UniGameProject1/OrbIt/Content/MainFolder/Levels/Lvl_MainMenu.uexp" 3947
"C:/Users/dunnt/Documents/GitHub/UniGameProject1/OrbIt/Content/MainFolder/Levels/Lvl_MainMenu.umap" 3948
"C:/Users/dunnt/Documents/GitHub/UniGameProject1/OrbIt/Content/MainFolder/Input/Actions/IA_SetDestination_Click.uasset" 3949
"C:/Users/dunnt/Documents/GitHub/UniGameProject1/OrbIt/Content/MainFolder/Input/Actions/IA_SetDestination_Click.uexp" 3950
"C:/Users/dunnt/Documents/GitHub/UniGameProject1/OrbIt/Content/MainFolder/Input/Actions/IA_SetDestination_Touch.uasset" 3951
"C:/Users/dunnt/Documents/GitHub/UniGameProject1/OrbIt/Content/MainFolder/Input/Actions/IA_SetDestination_Touch.uexp" 3952
"C:/Users/dunnt/Documents/GitHub/UniGameProject1/OrbIt/Content/MainFolder/Input/IMC_Default.uasset" 3953
"C:/Users/dunnt/Documents/GitHub/UniGameProject1/OrbIt/Content/MainFolder/Input/IMC_Default.uexp" 3954
"C:/Users/dunnt/Documents/GitHub/UniGameProject1/OrbIt/Content/MainFolder/Blueprints/BP_TopDownController.uasset" 3955
"C:/Users/dunnt/Documents/GitHub/UniGameProject1/OrbIt/Content/MainFolder/Blueprints/BP_TopDownController.uexp" 3956
"C:/Users/dunnt/Documents/GitHub/UniGameProject1/OrbIt/Content/MainFolder/Blueprints/BP_TopDownGameMode.uasset" 3957
"C:/Users/dunnt/Documents/GitHub/UniGameProject1/OrbIt/Content/MainFolder/Blueprints/BP_TopDownGameMode.uexp" 3958
"C:/Users/dunnt/Documents/GitHub/UniGameProject1/OrbIt/Content/MainFolder/Levels/Lvl_Level1.uexp" 3959
"C:/Users/dunnt/Documents/GitHub/UniGameProject1/OrbIt/Content/MainFolder/Levels/Lvl_Level1.umap" 3960
